datneg,preabe,premed,preult
2010-12-01,104.0,102.43,100.5
2010-12-02,100.0,100.0,100.0
2010-12-03,100.0,100.0,100.0
2010-12-06,100.0,99.32,99.0
2010-12-07,99.5,99.15,98.0
2010-12-08,98.0,99.7,100.0
2010-12-09,98.1,97.9,99.0
2010-12-10,99.5,97.59,99.9
2010-12-13,99.8,99.78,99.0
2010-12-14,98.05,98.71,100.0
2010-12-15,99.5,99.84,99.9
2010-12-16,99.9,99.9,99.9
2010-12-17,99.8,99.8,99.8
2010-12-20,99.8,99.96,100.0
2010-12-21,99.9,99.9,99.9
2010-12-22,99.9,98.69,95.8
2010-12-23,98.9,98.9,98.9
2010-12-27,98.9,99.59,100.77
2010-12-28,100.0,100.0,100.0
2010-12-29,100.0,100.43,100.77
2011-01-04,100.1,100.05,100.0
2011-01-05,100.1,99.99,99.7
2011-01-06,99.7,99.7,99.7
2011-01-07,99.5,99.5,99.5
2011-01-10,100.0,97.3,95.5
2011-01-11,98.0,98.97,99.0
2011-01-12,99.85,96.73,98.0
2011-01-13,97.0,97.0,97.0
2011-01-14,99.8,99.8,99.8
2011-01-17,96.8,96.8,96.8
2011-01-19,98.0,98.9,99.0
2011-01-20,99.0,99.0,99.0
2011-01-21,97.3,97.68,98.1
2011-01-24,97.8,97.8,97.8
2011-01-26,97.8,97.38,97.5
2011-01-27,97.5,97.07,97.0
2011-01-28,97.0,97.0,96.6
2011-01-31,96.6,96.12,96.99
2011-02-01,96.99,96.99,96.99
2011-02-02,97.5,97.79,99.0
2011-02-03,99.0,99.22,98.5
2011-02-04,100.0,99.96,99.8
2011-02-07,99.5,97.33,97.0
2011-02-08,97.0,96.88,96.5
2011-02-09,97.0,96.16,97.0
2011-02-10,97.0,97.0,97.0
2011-02-11,99.5,97.92,96.7
2011-02-14,97.0,97.22,97.0
2011-02-15,97.0,98.46,98.5
2011-02-16,100.0,100.0,100.0
2011-02-17,100.0,99.8,100.0
2011-02-18,100.0,99.88,99.5
2011-02-21,100.0,99.95,99.9
2011-02-22,99.7,99.97,100.3
2011-02-23,100.77,100.73,101.0
2011-02-24,100.5,100.5,100.5
2011-02-25,100.5,100.95,100.8
2011-02-28,100.8,101.69,102.5
2011-03-01,102.5,102.81,105.0
2011-03-02,104.0,104.05,105.0
2011-03-03,105.5,105.64,105.7
2011-03-04,108.0,107.41,109.0
2011-03-09,109.0,109.0,108.5
2011-03-10,108.7,108.28,108.1
2011-03-11,108.5,108.44,107.5
2011-03-14,109.0,109.0,109.0
2011-03-15,109.5,109.49,109.48
2011-03-16,110.0,109.67,109.5
2011-03-17,109.5,109.4,108.55
2011-03-18,109.5,109.81,107.6
2011-03-21,111.9,110.06,110.0
2011-03-22,110.0,111.59,111.99
2011-03-23,112.1,111.72,111.9
2011-03-24,111.9,112.16,111.9
2011-03-25,112.9,112.52,112.3
2011-03-28,112.5,112.7,112.5
2011-03-29,112.5,111.58,109.5
2011-03-30,114.0,114.46,114.9
2011-03-31,114.5,111.94,110.0
2011-04-01,115.0,110.24,110.0
2011-04-04,110.1,110.02,110.0
2011-04-05,110.1,105.16,107.2
2011-04-06,110.0,109.99,109.9
2011-04-07,110.1,110.05,110.9
2011-04-08,110.1,110.07,110.0
2011-04-12,114.0,114.0,114.0
2011-04-13,113.5,113.12,113.0
2011-04-14,113.1,113.1,113.1
2011-04-15,114.5,116.93,115.0
2011-04-18,115.0,119.2,116.8
2011-04-19,115.0,114.84,119.5
2011-04-20,119.2,119.47,119.85
2011-04-25,119.0,119.93,120.0
2011-04-26,116.5,116.86,118.0
2011-04-27,118.0,118.45,118.5
2011-04-28,120.0,119.93,119.9
2011-04-29,119.5,119.36,119.5
2011-05-02,120.0,119.91,120.0
2011-05-03,119.5,119.61,119.9
2011-05-04,120.0,119.52,119.5
2011-05-05,119.5,119.84,119.9
2011-05-06,119.7,119.7,119.7
2011-05-09,119.7,119.7,119.7
2011-05-10,119.8,119.6,119.7
2011-05-11,119.5,119.88,119.5
2011-05-12,119.5,120.15,119.05
2011-05-13,119.5,118.08,116.0
2011-05-16,120.0,119.32,124.9
2011-05-17,124.9,124.9,124.9
2011-05-18,121.0,124.61,124.8
2011-05-19,123.9,121.83,119.0
2011-05-20,119.2,123.55,124.0
2011-05-23,120.5,121.99,120.0
2011-05-24,120.0,120.03,120.5
2011-05-25,120.5,120.14,121.8
2011-05-26,121.0,121.61,122.0
2011-05-27,122.0,120.55,120.12
2011-05-30,120.21,120.11,120.0
2011-05-31,120.2,120.2,120.0
2011-06-01,120.0,119.7,119.5
2011-06-02,119.6,120.21,121.99
2011-06-03,119.6,119.6,119.6
2011-06-06,121.8,120.78,119.61
2011-06-07,119.6,118.16,119.5
2011-06-08,119.5,119.51,119.6
2011-06-09,119.48,118.33,119.5
2011-06-10,119.5,119.5,119.5
2011-06-13,119.6,119.54,119.61
2011-06-14,119.0,119.2,119.01
2011-06-15,119.9,119.18,119.0
2011-06-16,118.0,117.73,117.0
2011-06-17,118.0,113.92,114.9
2011-06-20,114.9,114.67,118.89
2011-06-21,117.0,115.81,115.0
2011-06-22,118.89,115.85,117.4
2011-06-24,117.0,116.77,116.9
2011-06-27,118.0,117.3,115.3
2011-06-28,115.4,115.39,115.1
2011-06-29,115.2,115.06,115.1
2011-06-30,114.5,114.49,114.3
2011-07-01,117.4,116.28,114.5
2011-07-04,117.8,115.78,115.21
2011-07-05,115.1,115.05,115.1
2011-07-06,114.73,115.49,116.0
2011-07-07,115.0,115.05,114.8
2011-07-08,115.0,115.61,116.4
2011-07-11,115.6,114.5,114.6
2011-07-12,114.0,113.88,114.0
2011-07-13,114.0,114.03,114.5
2011-07-14,114.4,117.37,119.5
2011-07-15,119.4,120.3,121.0
2011-07-18,125.0,122.92,124.2
2011-07-19,124.35,122.61,123.0
2011-07-20,123.7,123.17,123.0
2011-07-21,123.7,122.75,123.0
2011-07-22,123.0,123.28,123.5
2011-07-25,123.7,123.88,125.9
2011-07-26,125.9,125.5,126.0
2011-07-27,126.0,130.58,130.0
2011-07-28,133.0,127.94,130.0
2011-07-29,129.9,122.54,122.9
2011-08-01,124.11,125.44,126.0
2011-08-02,126.0,124.84,127.0
2011-08-03,125.0,124.15,125.0
2011-08-04,126.0,125.99,124.5
2011-08-05,129.7,126.42,129.3
2011-08-08,129.7,126.42,124.5
2011-08-09,125.0,126.21,125.0
2011-08-10,125.0,125.91,127.0
2011-08-11,124.5,126.06,127.3
2011-08-12,128.4,126.46,125.6
2011-08-15,126.0,127.64,128.38
2011-08-16,127.0,126.15,126.15
2011-08-17,126.95,126.69,127.0
2011-08-18,127.0,126.64,126.9
2011-08-19,125.51,125.82,126.0
2011-08-22,126.5,126.32,127.5
2011-08-23,127.5,127.5,128.0
2011-08-24,128.0,128.0,128.0
2011-08-25,127.4,127.62,127.9
2011-08-26,129.0,128.56,127.6
2011-08-29,128.0,127.93,128.0
2011-08-30,128.0,127.3,128.0
2011-08-31,128.0,127.93,127.3
2011-09-01,126.0,126.39,127.0
2011-09-02,126.8,127.34,127.85
2011-09-05,127.3,127.88,128.0
2011-09-06,128.0,127.68,127.5
2011-09-08,128.0,127.26,127.7
2011-09-09,128.2,127.9,127.9
2011-09-12,127.9,127.85,127.9
2011-09-13,128.2,127.82,127.8
2011-09-14,127.5,127.37,127.8
2011-09-15,128.2,127.36,127.96
2011-09-16,127.2,127.65,127.5
2011-09-19,127.5,126.94,126.5
2011-09-20,126.5,126.98,127.45
2011-09-21,127.0,126.94,126.9
2011-09-22,126.9,126.55,126.5
2011-09-23,127.3,127.36,127.45
2011-09-26,127.44,126.2,125.7
2011-09-27,125.11,126.35,127.0
2011-09-28,127.0,125.3,125.3
2011-09-29,124.9,125.21,125.5
2011-09-30,122.9,125.15,126.4
2011-10-03,126.28,123.01,123.0
2011-10-04,123.0,124.94,125.0
2011-10-05,125.0,122.93,124.4
2011-10-06,124.3,125.6,125.0
2011-10-07,125.0,125.0,125.0
2011-10-10,124.51,124.33,123.5
2011-10-11,123.5,123.41,122.15
2011-10-13,122.5,124.16,124.5
2011-10-14,123.7,123.82,124.0
2011-10-17,124.0,123.78,123.5
2011-10-18,123.0,122.67,123.3
2011-10-19,123.3,123.38,123.7
2011-10-20,123.0,121.1,121.0
2011-10-21,120.0,123.59,123.5
2011-10-24,124.56,123.04,122.5
2011-10-25,123.0,122.03,121.8
2011-10-26,122.0,121.41,120.9
2011-10-27,120.5,120.97,121.0
2011-10-28,120.95,118.24,119.7
2011-10-31,119.7,119.5,118.7
2011-11-01,119.2,118.97,119.0
2011-11-03,118.2,117.42,118.0
2011-11-04,117.0,116.9,116.8
2011-11-07,116.5,116.56,116.5
2011-11-08,116.82,116.36,116.0
2011-11-09,116.0,115.68,118.5
2011-11-10,118.4,119.37,121.0
2011-11-11,121.0,120.02,120.0
2011-11-14,121.0,118.02,120.0
2011-11-16,120.0,119.47,121.0
2011-11-17,121.5,121.16,122.4
2011-11-18,122.4,123.65,124.0
2011-11-21,123.7,123.85,124.55
2011-11-22,124.0,123.92,123.61
2011-11-23,124.0,124.65,125.0
2011-11-24,124.5,124.67,124.8
2011-11-25,124.7,124.95,125.0
2011-11-28,124.2,122.89,120.0
2011-11-29,122.0,124.58,125.0
2011-11-30,125.0,123.9,124.9
2011-12-01,124.1,123.87,124.0
2011-12-02,124.0,124.03,124.2
2011-12-05,124.65,124.34,124.0
2011-12-06,125.0,124.58,124.5
2011-12-07,124.4,124.56,124.1
2011-12-08,124.0,123.99,124.0
2011-12-09,124.0,123.94,124.5
2011-12-12,124.5,124.24,124.5
2011-12-13,124.5,123.94,123.5
2011-12-14,123.5,123.8,124.0
2011-12-15,124.4,123.97,124.2
2011-12-16,123.9,124.25,124.0
2011-12-19,124.0,123.93,124.0
2011-12-20,124.5,124.39,124.0
2011-12-21,124.93,125.06,125.5
2011-12-22,125.0,123.72,123.0
2011-12-23,123.1,123.32,124.3
2011-12-26,123.4,123.55,124.9
2011-12-27,124.7,124.88,124.9
2011-12-28,124.3,124.47,125.0
2011-12-29,125.39,124.55,125.4
2012-01-02,125.4,125.82,126.0
2012-01-03,125.95,124.1,125.0
2012-01-04,125.0,125.07,124.8
2012-01-05,125.0,125.18,125.7
2012-01-06,125.7,126.17,126.85
2012-01-09,124.7,125.97,125.5
2012-01-10,126.5,125.51,124.7
2012-01-11,126.85,126.29,126.3
2012-01-12,126.3,126.17,126.5
2012-01-13,126.5,126.32,125.5
2012-01-16,126.39,126.02,125.97
2012-01-17,125.9,125.46,125.6
2012-01-18,125.0,125.83,126.2
2012-01-19,126.2,126.29,126.5
2012-01-20,126.5,126.18,126.2
2012-01-23,126.1,125.56,125.0
2012-01-24,125.0,125.28,126.39
2012-01-26,126.3,126.25,126.3
2012-01-27,126.5,126.06,126.5
2012-01-30,126.5,126.03,125.5
2012-01-31,125.5,125.78,124.9
2012-02-01,124.2,124.45,125.0
2012-02-02,125.0,125.74,125.9
2012-02-03,126.0,125.69,125.7
2012-02-06,126.5,126.2,126.5
2012-02-07,126.4,126.47,126.0
2012-02-08,126.8,127.94,130.0
2012-02-09,129.9,128.88,129.0
2012-02-10,128.5,129.17,129.37
2012-02-13,128.5,131.47,133.0
2012-02-14,132.95,132.16,133.0
2012-02-15,132.5,132.46,133.0
2012-02-16,132.4,132.76,133.0
2012-02-17,133.0,132.77,133.3
2012-02-22,134.3,132.35,132.0
2012-02-23,132.0,132.54,132.0
2012-02-24,133.9,132.45,132.24
2012-02-27,132.4,132.6,134.3
2012-02-28,134.3,136.62,136.9
2012-02-29,136.65,135.68,135.2
2012-03-01,136.5,135.95,135.5
2012-03-02,136.0,135.91,135.4
2012-03-05,137.0,136.09,136.0
2012-03-06,137.5,133.34,130.36
2012-03-07,132.5,135.29,136.5
2012-03-08,134.7,136.58,136.3
2012-03-09,136.9,136.81,136.05
2012-03-12,136.7,136.42,134.0
2012-03-13,135.4,135.73,134.5
2012-03-14,134.5,137.12,136.0
2012-03-15,136.9,137.76,138.0
2012-03-16,138.8,138.18,139.5
2012-03-19,139.5,139.74,141.38
2012-03-20,141.5,140.46,140.7
2012-03-21,141.0,141.77,142.0
2012-03-22,143.5,142.03,140.51
2012-03-23,141.2,141.12,140.53
2012-03-26,140.7,141.12,141.1
2012-03-27,142.0,142.3,143.3
2012-03-28,143.5,144.5,144.9
2012-03-29,144.4,148.18,149.0
2012-03-30,149.5,148.06,144.51
2012-04-02,146.0,145.49,144.91
2012-04-03,145.5,144.24,144.0
2012-04-04,144.0,141.13,143.0
2012-04-05,143.0,143.4,144.99
2012-04-09,144.9,142.85,144.0
2012-04-10,144.9,141.72,140.0
2012-04-11,140.5,140.49,139.9
2012-04-12,140.0,140.31,139.6
2012-04-13,142.0,141.71,140.0
2012-04-16,143.8,140.98,141.1
2012-04-17,141.0,142.12,143.5
2012-04-18,143.5,145.22,144.1
2012-04-19,145.1,145.57,146.0
2012-04-20,146.5,144.08,143.9
2012-04-23,143.9,141.5,142.0
2012-04-24,141.45,141.17,142.0
2012-04-25,142.0,142.22,142.0
2012-04-26,142.0,142.3,143.0
2012-04-27,143.0,142.85,143.0
2012-04-30,143.15,144.02,143.0
2012-05-02,142.0,141.98,142.2
2012-05-03,141.2,141.92,142.2
2012-05-04,142.2,143.5,145.0
2012-05-07,145.0,144.68,143.99
2012-05-08,146.0,146.21,146.4
2012-05-09,146.0,145.39,146.6
2012-05-10,145.0,147.06,147.2
2012-05-11,147.2,148.35,148.5
2012-05-14,150.0,149.54,149.5
2012-05-15,149.5,149.56,150.0
2012-05-16,150.0,149.4,150.0
2012-05-17,150.0,149.14,148.52
2012-05-18,149.0,149.5,149.9
2012-05-21,150.0,149.71,149.9
2012-05-22,149.0,149.81,149.0
2012-05-23,150.0,149.8,150.5
2012-05-24,150.5,150.19,150.0
2012-05-25,150.0,150.19,150.5
2012-05-28,150.0,149.96,150.0
2012-05-29,150.0,150.37,153.6
2012-05-30,154.0,154.49,154.9
2012-05-31,155.8,155.49,155.9
2012-06-01,155.2,156.32,155.9
2012-06-04,156.0,156.56,159.0
2012-06-05,159.0,156.58,156.5
2012-06-06,156.5,156.73,158.9
2012-06-08,158.8,157.97,157.64
2012-06-11,157.6,157.88,158.7
2012-06-12,158.9,158.8,158.6
2012-06-13,158.8,158.12,157.99
2012-06-14,157.51,158.49,158.0
2012-06-15,158.5,157.59,157.0
2012-06-18,157.0,157.06,157.84
2012-06-19,158.0,159.23,158.5
2012-06-20,158.5,158.15,158.5
2012-06-21,158.51,159.02,158.0
2012-06-22,158.0,159.56,161.0
2012-06-25,161.0,165.45,165.5
2012-06-26,165.0,169.56,172.5
2012-06-27,175.0,172.61,171.0
2012-06-28,171.0,166.67,166.94
2012-06-29,165.0,164.56,165.4
2012-07-02,166.0,168.51,168.5
2012-07-03,168.9,168.01,168.3
2012-07-04,168.3,168.36,168.0
2012-07-05,166.0,168.34,169.5
2012-07-06,170.0,169.67,170.0
2012-07-10,171.5,170.4,170.0
2012-07-11,171.0,171.15,172.0
2012-07-12,171.0,172.15,172.0
2012-07-13,171.5,171.16,171.0
2012-07-16,170.96,171.29,170.0
2012-07-17,172.9,171.49,172.9
2012-07-18,173.0,173.34,173.2
2012-07-19,173.2,174.65,175.5
2012-07-20,175.0,174.74,175.5
2012-07-23,175.5,182.03,190.0
2012-07-24,185.9,184.61,184.0
2012-07-25,184.5,183.73,182.2
2012-07-26,183.5,182.76,183.65
2012-07-27,184.0,183.7,183.2
2012-07-30,184.0,183.19,182.0
2012-07-31,184.0,183.21,181.5
2012-08-01,181.5,179.0,179.9
2012-08-02,182.5,178.22,179.49
2012-08-03,182.5,177.96,176.5
2012-08-06,176.5,175.48,175.49
2012-08-07,175.4,173.38,172.3
2012-08-08,173.0,163.14,160.0
2012-08-09,160.5,163.85,165.0
2012-08-10,165.0,165.92,165.64
2012-08-13,165.64,165.5,165.5
2012-08-14,165.5,166.86,167.1
2012-08-15,167.1,168.4,169.0
2012-08-16,169.0,168.97,169.0
2012-08-17,168.5,169.45,170.0
2012-08-20,170.0,168.97,169.0
2012-08-21,169.0,166.26,165.5
2012-08-22,166.3,163.81,164.25
2012-08-23,163.0,162.07,162.0
2012-08-24,161.41,158.49,158.0
2012-08-27,156.5,153.58,152.7
2012-08-28,153.0,155.46,156.5
2012-08-29,156.5,151.87,156.0
2012-08-30,156.0,152.35,152.7
2012-08-31,152.6,156.47,153.0
2012-09-03,160.0,157.27,158.51
2012-09-04,159.0,158.36,158.39
2012-09-05,159.2,157.22,155.5
2012-09-06,156.1,157.49,159.0
2012-09-10,157.01,159.29,160.0
2012-09-11,159.0,159.76,161.0
2012-09-12,161.7,162.33,166.0
2012-09-13,166.0,164.56,169.0
2012-09-14,164.0,167.2,165.2
2012-09-17,165.2,167.73,168.0
2012-09-18,168.0,168.43,168.5
2012-09-19,169.8,169.18,169.5
2012-09-20,169.7,170.03,172.0
2012-09-21,171.0,169.92,172.0
2012-09-24,172.0,170.82,173.0
2012-09-25,171.0,171.43,172.05
2012-09-26,173.0,174.61,174.5
2012-09-27,175.0,175.69,177.0
2012-09-28,177.5,174.58,176.0
2012-10-01,176.0,173.36,171.3
2012-10-02,173.0,173.76,174.8
2012-10-03,174.0,174.26,173.8
2012-10-04,174.99,173.09,172.2
2012-10-05,172.2,173.54,172.2
2012-10-08,172.2,171.37,173.49
2012-10-09,173.5,173.58,174.1
2012-10-10,174.2,173.79,174.2
2012-10-11,174.5,175.79,176.0
2012-10-15,176.74,176.45,176.02
2012-10-16,176.5,175.31,176.0
2012-10-17,175.99,175.78,174.64
2012-10-18,176.2,175.84,176.5
2012-10-19,176.5,176.12,176.5
2012-10-22,176.0,175.63,176.0
2012-10-23,176.0,174.66,174.45
2012-10-24,174.45,173.4,174.0
2012-10-25,167.0,167.26,165.51
2012-10-26,168.2,167.62,168.0
2012-10-29,167.5,165.98,166.5
2012-10-30,167.0,164.62,165.3
2012-10-31,166.0,167.0,168.0
2012-11-01,168.0,167.84,169.0
2012-11-05,167.5,168.51,168.5
2012-11-06,168.5,165.85,165.13
2012-11-07,166.5,165.66,165.0
2012-11-08,167.48,165.24,164.5
2012-11-09,164.0,162.97,165.0
2012-11-12,165.1,165.62,166.0
2012-11-13,164.8,166.12,166.0
2012-11-14,167.8,167.14,167.4
2012-11-16,167.4,167.45,168.0
2012-11-19,168.0,166.67,165.7
2012-11-21,165.7,165.35,165.0
2012-11-22,165.0,164.08,163.0
2012-11-23,162.5,163.65,163.0
2012-11-26,163.0,160.06,158.0
2012-11-27,160.0,161.98,162.5
2012-11-28,164.0,160.26,161.0
2012-11-29,163.0,162.17,163.0
2012-11-30,162.0,163.61,164.99
2012-12-03,165.5,163.51,163.9
2012-12-04,164.99,165.16,165.4
2012-12-05,165.0,165.46,164.99
2012-12-06,165.0,165.47,165.84
2012-12-07,165.79,165.43,166.0
2012-12-10,166.0,167.24,164.6
2012-12-11,168.4,166.41,167.5
2012-12-12,168.0,166.53,168.0
2012-12-13,168.1,167.02,168.0
2012-12-14,168.0,169.28,169.0
2012-12-17,170.0,169.75,169.1
2012-12-18,170.0,169.81,170.8
2012-12-19,170.0,172.5,174.0
2012-12-20,174.5,175.86,174.1
2012-12-21,174.1,176.63,178.0
2012-12-26,176.01,178.34,178.5
2012-12-27,179.0,178.71,179.0
2012-12-28,178.9,178.94,178.9
2013-01-02,175.0,178.41,178.5
2013-01-03,179.5,179.47,179.9
2013-01-04,179.0,178.4,177.2
2013-01-07,177.2,177.91,177.2
2013-01-08,178.0,176.74,179.0
2013-01-09,178.0,175.31,175.9
2013-01-10,175.9,174.79,175.5
2013-01-11,175.5,175.18,173.0
2013-01-14,173.0,171.15,172.4
2013-01-15,172.5,171.62,170.5
2013-01-16,170.5,168.6,170.0
2013-01-17,170.0,170.73,171.0
2013-01-18,171.0,169.58,170.0
2013-01-21,170.0,168.75,170.0
2013-01-22,170.0,167.58,169.5
2013-01-23,169.5,168.88,170.0
2013-01-24,170.1,170.2,171.3
2013-01-28,171.3,170.44,170.7
2013-01-29,170.69,171.05,172.0
2013-01-30,170.1,171.77,172.5
2013-01-31,172.5,172.27,171.7
2013-02-01,172.79,175.78,178.0
2013-02-04,177.93,175.67,177.7
2013-02-05,174.04,174.73,174.0
2013-02-06,174.8,174.25,174.0
2013-02-07,174.95,175.11,174.9
2013-02-08,175.0,175.5,175.0
2013-02-13,175.0,174.65,175.5
2013-02-14,175.5,175.4,175.1
2013-02-15,175.4,175.67,175.6
2013-02-18,175.6,175.34,176.0
2013-02-19,176.0,174.84,173.1
2013-02-20,173.16,174.18,174.0
2013-02-21,174.0,173.48,174.0
2013-02-22,173.99,173.0,173.6
2013-02-25,173.6,172.77,174.0
2013-02-26,174.0,171.67,172.0
2013-02-27,172.0,171.74,171.22
2013-02-28,173.0,173.26,173.0
2013-03-01,174.7,172.74,172.2
2013-03-04,170.66,172.76,173.0
2013-03-05,172.0,172.93,174.8
2013-03-06,172.21,173.91,174.8
2013-03-07,174.2,174.42,174.99
2013-03-08,175.0,173.98,175.5
2013-03-11,175.5,171.88,173.7
2013-03-12,173.5,172.5,173.99
2013-03-13,173.99,173.86,173.8
2013-03-14,173.8,173.99,174.5
2013-03-15,173.5,173.67,174.2
2013-03-18,173.6,173.93,173.9
2013-03-19,174.0,173.76,172.5
2013-03-20,174.0,173.52,174.0
2013-03-21,173.95,173.6,173.6
2013-03-22,173.5,173.48,173.97
2013-03-25,173.79,173.28,173.3
2013-03-26,173.8,173.0,173.3
2013-03-27,172.3,172.66,173.0
2013-03-28,172.96,172.53,171.7
2013-04-01,171.0,177.59,175.5
2013-04-02,177.0,174.46,172.25
2013-04-03,174.5,173.75,173.6
2013-04-04,175.0,174.53,174.9
2013-04-05,174.89,173.85,173.0
2013-04-08,174.56,173.89,174.3
2013-04-09,174.0,173.92,174.0
2013-04-10,174.0,174.63,175.0
2013-04-11,174.89,175.01,175.2
2013-04-12,175.2,174.92,175.5
2013-04-15,175.9,175.18,175.9
2013-04-16,175.88,175.68,176.0
2013-04-17,176.0,175.69,174.0
2013-04-18,174.2,175.23,174.5
2013-04-19,174.5,175.81,176.4
2013-04-22,176.4,175.87,176.0
2013-04-23,176.65,176.4,177.0
2013-04-24,176.8,176.92,176.89
2013-04-25,176.8,176.6,176.9
2013-04-26,176.7,176.66,176.95
2013-04-29,177.0,175.37,175.69
2013-04-30,176.5,177.19,177.5
2013-05-02,178.5,176.12,174.65
2013-05-03,176.5,174.36,173.0
2013-05-06,176.0,173.89,173.8
2013-05-07,174.4,173.88,173.08
2013-05-08,173.5,173.98,174.6
2013-05-09,174.4,174.08,174.0
2013-05-10,174.4,175.32,174.55
2013-05-13,176.34,175.61,176.21
2013-05-14,176.2,174.41,174.5
2013-05-15,174.0,173.68,173.11
2013-05-16,173.11,173.36,173.45
2013-05-17,173.7,173.01,172.1
2013-05-20,172.5,173.07,173.5
2013-05-21,172.7,173.16,173.45
2013-05-22,173.4,171.8,170.0
2013-05-23,172.0,171.63,171.4
2013-05-24,171.39,171.1,171.49
2013-05-27,171.48,170.6,168.0
2013-05-28,169.0,169.41,169.3
2013-05-29,168.7,169.6,169.11
2013-05-31,169.9,169.96,170.0
2013-06-03,170.0,167.03,169.0
2013-06-04,167.0,164.32,165.0
2013-06-05,165.0,163.53,162.8
2013-06-06,163.0,164.04,166.0
2013-06-07,165.9,164.08,165.2
2013-06-10,165.0,162.93,160.15
2013-06-11,160.2,149.08,142.0
2013-06-12,143.0,150.09,154.6
2013-06-13,155.01,158.55,160.0
2013-06-14,158.0,157.76,155.0
2013-06-17,159.0,159.11,159.94
2013-06-18,158.0,157.2,154.11
2013-06-19,157.0,158.33,155.2
2013-06-20,155.3,150.24,148.1
2013-06-21,150.0,148.02,146.5
2013-06-24,145.0,145.0,142.1
2013-06-25,145.0,144.29,147.0
2013-06-26,145.0,147.1,149.7
2013-06-27,149.0,147.34,147.8
2013-06-28,147.8,145.73,147.9
2013-07-01,147.99,148.66,150.0
2013-07-02,151.5,145.72,143.5
2013-07-03,144.8,146.63,148.0
2013-07-04,148.0,143.88,144.0
2013-07-05,145.0,144.48,145.0
2013-07-08,145.0,143.41,143.8
2013-07-10,143.1,142.25,142.0
2013-07-11,142.0,141.72,142.0
2013-07-12,141.2,139.59,141.0
2013-07-15,140.5,139.65,140.5
2013-07-16,139.0,139.66,140.5
2013-07-17,140.5,139.26,137.8
2013-07-18,138.0,139.21,139.31
2013-07-19,139.3,140.61,140.8
2013-07-22,142.79,142.21,142.6
2013-07-23,142.0,144.47,145.0
2013-07-24,143.2,145.39,145.8
2013-07-25,144.3,144.41,143.51
2013-07-26,143.6,144.46,146.0
2013-07-29,144.7,144.16,144.21
2013-07-30,144.2,144.06,144.5
2013-07-31,143.41,141.31,140.0
2013-08-01,140.0,138.08,139.0
2013-08-02,139.0,135.36,134.5
2013-08-05,135.0,139.04,137.0
2013-08-06,137.1,135.67,133.0
2013-08-07,134.5,132.57,131.0
2013-08-08,131.0,129.62,128.6
2013-08-09,128.6,130.66,134.9
2013-08-12,135.0,131.76,133.0
2013-08-13,132.8,131.85,132.9
2013-08-14,132.5,134.82,132.66
2013-08-15,135.0,135.84,136.1
2013-08-16,136.4,134.14,135.0
2013-08-19,133.8,132.16,130.1
2013-08-20,130.0,131.66,131.4
2013-08-21,129.0,129.83,130.0
2013-08-22,130.0,127.94,126.3
2013-08-23,126.0,124.71,123.02
2013-08-26,126.0,125.36,125.0
2013-08-27,125.0,125.09,125.8
2013-08-28,125.2,126.4,127.0
2013-08-29,125.8,128.66,131.0
2013-08-30,131.0,133.97,135.5
2013-09-02,131.2,135.93,137.99
2013-09-03,138.0,138.29,140.0
2013-09-04,139.8,140.14,140.8
2013-09-05,140.8,140.92,141.2
2013-09-06,141.0,141.21,142.4
2013-09-09,141.5,140.89,140.3
2013-09-10,141.4,140.9,139.5
2013-09-11,139.05,139.86,140.0
2013-09-12,140.0,139.27,138.5
2013-09-13,139.98,136.89,134.0
2013-09-16,135.0,133.95,133.0
2013-09-17,133.01,134.18,131.05
2013-09-18,133.0,131.76,131.6
2013-09-19,132.0,132.43,132.8
2013-09-20,132.8,131.13,130.1
2013-09-23,131.0,133.01,131.0
2013-09-24,131.0,132.15,132.3
2013-09-25,131.3,134.06,136.5
2013-09-26,133.7,134.51,134.2
2013-09-27,133.8,135.19,134.0
2013-09-30,134.2,136.39,135.2
2013-10-01,135.0,131.8,131.0
2013-10-02,131.4,132.02,132.4
2013-10-03,132.5,133.35,132.5
2013-10-04,132.5,132.32,132.5
2013-10-07,132.5,132.45,131.51
2013-10-08,134.0,132.42,131.51
2013-10-09,132.0,133.55,134.1
2013-10-10,135.0,132.75,132.0
2013-10-11,132.0,132.62,132.2
2013-10-14,132.2,133.73,134.0
2013-10-15,134.1,133.4,133.5
2013-10-16,132.61,132.96,133.0
2013-10-17,133.3,132.42,132.0
2013-10-18,132.3,131.83,131.5
2013-10-21,131.52,132.1,131.7
2013-10-22,133.39,132.55,132.2
2013-10-23,132.5,133.0,134.4
2013-10-24,132.5,133.34,134.4
2013-10-25,134.0,133.53,133.0
2013-10-28,133.0,132.43,132.1
2013-10-29,132.5,132.49,131.8
2013-10-30,132.1,132.19,132.8
2013-10-31,133.0,132.76,133.0
2013-11-01,133.0,131.32,131.0
2013-11-04,130.5,130.6,131.7
2013-11-05,131.0,130.7,130.0
2013-11-06,130.2,131.0,131.5
2013-11-07,131.5,131.45,130.5
2013-11-08,131.6,131.1,132.0
2013-11-11,132.49,131.13,131.2
2013-11-12,131.3,131.9,132.8
2013-11-13,132.8,132.22,131.1
2013-11-14,131.51,131.69,132.5
2013-11-18,132.8,131.26,130.77
2013-11-19,130.7,131.32,130.7
2013-11-21,131.0,131.31,131.5
2013-11-22,131.8,130.63,130.5
2013-11-25,130.5,130.05,129.2
2013-11-26,128.6,129.54,129.4
2013-11-27,129.4,127.93,129.8
2013-11-28,130.0,130.07,132.45
2013-11-29,132.0,131.47,131.8
2013-12-02,131.8,131.02,129.8
2013-12-03,130.0,130.11,130.0
2013-12-04,129.0,130.06,131.55
2013-12-05,130.8,130.17,130.06
2013-12-06,130.5,128.99,129.49
2013-12-09,129.5,127.06,127.0
2013-12-10,127.0,128.2,129.45
2013-12-11,128.5,128.23,128.5
2013-12-12,127.6,128.07,127.0
2013-12-13,126.99,126.06,125.5
2013-12-16,127.0,126.39,125.7
2013-12-17,125.7,125.09,124.1
2013-12-18,123.2,123.13,123.0
2013-12-19,123.1,124.69,127.0
2013-12-20,128.0,126.53,125.8
2013-12-23,125.8,123.95,122.5
2013-12-26,122.5,123.05,123.75
2013-12-27,123.0,123.46,125.8
2013-12-30,125.0,125.27,125.85
2014-01-02,125.5,123.24,123.4
2014-01-03,123.0,122.9,122.4
2014-01-06,122.01,122.02,121.0
2014-01-07,121.0,121.18,120.5
2014-01-08,120.63,119.59,119.0
2014-01-09,118.7,118.19,118.7
2014-01-10,118.5,117.34,111.51
2014-01-13,114.0,116.66,116.0
2014-01-14,116.0,115.66,117.0
2014-01-15,117.0,116.12,116.9
2014-01-16,116.1,114.47,114.5
2014-01-17,115.2,114.98,115.0
2014-01-20,115.0,114.39,114.0
2014-01-21,115.0,113.31,113.3
2014-01-22,112.5,112.38,112.2
2014-01-23,112.2,112.58,113.2
2014-01-24,113.0,111.87,111.95
2014-01-27,111.9,110.11,108.5
2014-01-28,108.1,108.3,110.5
2014-01-29,109.0,106.79,105.2
2014-01-30,105.81,105.57,106.3
2014-01-31,106.3,108.14,108.8
2014-02-03,108.0,105.32,104.2
2014-02-04,104.6,104.58,105.0
2014-02-05,104.5,105.08,104.6
2014-02-06,105.25,104.77,104.55
2014-02-07,104.5,104.17,104.6
2014-02-10,103.8,104.88,104.55
2014-02-11,105.0,105.2,104.9
2014-02-12,105.01,105.56,105.5
2014-02-13,105.6,106.55,108.2
2014-02-14,108.2,109.86,111.2
2014-02-17,111.3,112.32,113.5
2014-02-18,113.5,112.84,111.3
2014-02-19,111.01,111.79,112.9
2014-02-20,112.99,111.15,111.4
2014-02-21,111.6,113.22,116.0
2014-02-24,116.0,115.76,118.0
2014-02-25,116.6,118.14,119.69
2014-02-26,119.5,118.6,120.0
2014-02-27,119.5,121.77,121.6
2014-02-28,122.5,124.19,122.0
2014-03-05,121.2,121.27,122.5
2014-03-06,123.5,123.25,119.9
2014-03-07,121.4,120.06,120.0
2014-03-10,120.2,119.62,118.7
2014-03-11,118.0,118.56,120.0
2014-03-12,120.0,121.32,119.99
2014-03-13,119.0,119.7,122.5
2014-03-14,122.5,121.12,121.7
2014-03-17,121.1,120.86,122.48
2014-03-18,121.8,120.9,120.0
2014-03-19,120.4,121.41,121.5
2014-03-20,121.5,121.24,120.0
2014-03-21,120.99,121.51,122.3
2014-03-24,122.0,120.69,119.88
2014-03-25,120.9,118.28,117.5
2014-03-26,117.0,116.99,119.0
2014-03-27,119.0,119.48,120.5
2014-03-28,120.5,119.23,119.45
2014-03-31,120.0,118.26,118.6
2014-04-01,118.7,118.77,118.1
2014-04-02,118.0,119.08,118.5
2014-04-03,118.5,119.33,120.0
2014-04-04,119.8,118.67,119.2
2014-04-07,119.2,118.77,120.0
2014-04-08,119.02,119.2,119.8
2014-04-09,119.3,119.15,119.8
2014-04-10,119.8,118.74,119.0
2014-04-11,119.5,118.79,119.35
2014-04-14,119.35,119.61,119.5
2014-04-15,119.5,118.64,118.11
2014-04-16,118.11,117.8,117.5
2014-04-17,117.5,116.92,117.0
2014-04-22,117.0,116.71,117.0
2014-04-23,117.32,117.51,117.82
2014-04-24,117.6,118.79,119.61
2014-04-25,118.5,118.44,119.0
2014-04-28,118.5,119.09,119.05
2014-04-29,119.05,119.16,119.0
2014-04-30,119.0,119.35,119.5
2014-05-02,119.3,118.62,119.4
2014-05-05,119.0,119.6,120.19
2014-05-06,119.2,119.77,120.3
2014-05-07,120.2,119.64,120.2
2014-05-08,120.34,118.91,118.0
2014-05-09,118.99,117.74,118.0
2014-05-12,118.0,118.28,118.5
2014-05-13,118.01,118.37,119.0
2014-05-14,118.3,118.19,118.3
2014-05-15,118.0,118.68,119.3
2014-05-16,119.2,118.61,119.2
2014-05-19,119.39,119.2,118.9
2014-05-20,118.95,119.2,118.8
2014-05-21,119.0,118.78,119.0
2014-05-22,119.7,119.08,118.6
2014-05-23,118.6,119.5,119.77
2014-05-26,119.77,119.14,118.97
2014-05-27,118.8,119.15,118.89
2014-05-28,119.0,119.08,119.0
2014-05-29,119.1,119.78,120.0
2014-05-30,120.0,119.79,120.0
2014-06-02,120.0,119.18,118.7
2014-06-03,118.75,117.9,117.13
2014-06-04,117.09,115.82,117.0
2014-06-05,116.51,117.85,119.0
2014-06-06,119.0,119.4,120.0
2014-06-09,119.47,119.53,119.32
2014-06-10,119.43,119.03,119.0
2014-06-11,119.0,119.08,118.97
2014-06-13,118.65,118.38,119.0
2014-06-16,119.0,118.89,118.51
2014-06-17,118.51,118.59,118.85
2014-06-18,118.85,118.78,119.0
2014-06-20,118.93,118.64,119.0
2014-06-23,118.58,118.71,118.99
2014-06-24,118.94,118.92,118.62
2014-06-25,118.62,118.52,118.1
2014-06-26,118.11,118.75,118.7
2014-06-27,118.7,119.0,118.9
2014-06-30,118.76,118.47,118.59
2014-07-01,118.73,118.22,118.69
2014-07-02,118.75,119.28,119.25
2014-07-03,119.02,119.55,119.8
2014-07-04,119.81,119.96,119.8
2014-07-07,120.39,119.85,119.5
2014-07-08,120.0,120.18,120.5
2014-07-10,121.79,121.7,120.02
2014-07-11,121.01,120.37,119.51
2014-07-14,120.0,119.86,120.0
2014-07-15,120.26,119.94,120.21
2014-07-16,120.34,119.36,118.5
2014-07-17,119.25,119.01,119.5
2014-07-18,118.8,119.14,118.83
2014-07-21,118.98,119.27,119.4
2014-07-22,119.3,119.45,119.6
2014-07-23,119.6,119.53,119.97
2014-07-24,119.97,119.96,120.0
2014-07-25,120.25,120.38,120.5
2014-07-28,120.49,120.54,120.17
2014-07-29,120.01,120.44,120.5
2014-07-30,120.5,119.79,120.0
2014-07-31,120.0,119.8,119.5
2014-08-01,119.4,118.71,118.0
2014-08-04,118.0,116.99,116.21
2014-08-05,116.26,116.05,116.0
2014-08-06,115.75,115.9,117.0
2014-08-07,117.0,116.32,115.2
2014-08-08,115.01,115.47,115.29
2014-08-11,115.31,117.04,119.5
2014-08-12,118.35,117.71,117.9
2014-08-13,118.5,116.72,116.12
2014-08-14,116.98,116.76,117.0
2014-08-15,117.0,117.89,118.44
2014-08-18,117.49,117.4,118.0
2014-08-19,117.31,117.71,118.49
2014-08-20,118.1,118.19,118.75
2014-08-21,118.7,118.46,118.7
2014-08-22,118.4,117.46,116.2
2014-08-25,117.3,117.54,117.8
2014-08-26,117.7,118.32,118.8
2014-08-27,119.0,118.72,119.5
2014-08-28,119.5,118.87,119.6
2014-08-29,119.6,119.28,118.15
2014-09-01,117.98,117.78,119.45
2014-09-02,119.43,118.35,118.25
2014-09-03,118.99,118.56,118.0
2014-09-04,118.01,118.43,118.94
2014-09-05,118.94,118.29,118.89
2014-09-08,118.87,118.29,118.2
2014-09-09,118.0,118.17,118.36
2014-09-10,118.3,118.58,119.2
2014-09-11,118.96,118.46,118.73
2014-09-12,118.5,118.06,117.75
2014-09-15,118.01,118.32,118.95
2014-09-16,118.51,118.34,118.75
2014-09-17,118.14,118.59,118.93
2014-09-18,118.79,118.44,118.5
2014-09-19,118.5,118.33,118.78
2014-09-22,118.5,117.96,118.25
2014-09-23,117.89,118.4,118.2
2014-09-24,118.51,118.42,117.8
2014-09-25,118.5,118.06,117.68
2014-09-26,118.0,117.63,117.25
2014-09-29,117.75,117.64,117.45
2014-09-30,117.9,117.8,118.0
2014-10-01,117.8,117.42,117.59
2014-10-02,117.9,117.33,117.69
2014-10-03,117.79,117.27,117.01
2014-10-06,117.7,117.01,116.9
2014-10-07,117.0,116.73,117.8
2014-10-08,117.79,116.92,117.5
2014-10-09,117.01,116.88,116.5
2014-10-10,117.0,117.27,117.25
2014-10-13,117.0,117.29,117.35
2014-10-14,117.29,117.12,116.8
2014-10-15,117.24,117.34,118.3
2014-10-16,118.4,118.44,119.0
2014-10-17,118.51,118.15,118.0
2014-10-20,118.99,118.37,118.4
2014-10-21,118.4,118.18,117.11
2014-10-22,117.12,117.57,118.47
2014-10-23,117.76,117.3,118.25
2014-10-24,118.25,116.99,116.98
2014-10-27,116.97,116.65,116.98
2014-10-28,116.98,116.4,116.43
2014-10-29,116.95,116.23,116.59
2014-10-30,116.6,116.17,116.92
2014-10-31,116.93,116.96,117.1
2014-11-03,116.99,115.52,113.61
2014-11-04,113.8,113.75,113.3
2014-11-05,113.3,113.62,113.7
2014-11-06,113.31,112.7,112.59
2014-11-07,112.5,112.17,112.4
2014-11-10,112.39,111.72,111.5
2014-11-11,111.0,110.0,109.0
2014-11-12,109.0,109.95,109.5
2014-11-13,109.06,109.25,109.47
2014-11-14,109.0,108.86,108.81
2014-11-17,109.0,108.6,109.0
2014-11-18,108.37,108.73,107.96
2014-11-19,108.05,108.51,108.05
2014-11-21,108.0,108.47,108.2
2014-11-24,108.69,108.82,108.9
2014-11-25,109.14,109.55,110.0
2014-11-26,111.0,111.89,113.0
2014-11-27,112.99,112.11,110.61
2014-11-28,111.49,111.61,112.49
2014-12-01,112.0,110.33,110.5
2014-12-02,109.7,109.54,109.3
2014-12-03,109.25,108.14,107.55
2014-12-04,108.51,107.13,106.0
2014-12-05,106.25,106.13,109.0
2014-12-08,108.0,106.88,106.34
2014-12-09,106.99,105.59,104.49
2014-12-10,104.99,103.33,103.95
2014-12-11,103.8,103.07,101.99
2014-12-12,102.0,101.55,100.19
2014-12-15,101.0,100.71,103.0
2014-12-16,102.5,101.95,100.64
2014-12-17,100.5,101.01,101.19
2014-12-18,100.57,101.76,103.8
2014-12-19,103.79,103.37,104.05
2014-12-22,103.99,104.08,104.01
2014-12-23,104.4,104.87,105.89
2014-12-26,105.4,105.84,105.52
2014-12-29,106.0,105.62,105.8
2014-12-30,105.8,106.24,105.65
2015-01-02,104.99,105.02,104.2
2015-01-05,105.0,105.28,105.2
2015-01-06,105.19,104.82,105.75
2015-01-07,104.63,104.56,104.0
2015-01-08,104.0,103.29,104.5
2015-01-09,104.5,103.98,105.9
2015-01-12,105.0,105.9,106.99
2015-01-13,106.26,106.24,106.37
2015-01-14,106.02,106.58,106.13
2015-01-15,107.0,108.56,107.85
2015-01-16,109.0,108.98,109.0
2015-01-19,109.0,109.87,109.85
2015-01-20,109.4,109.75,110.85
2015-01-21,110.79,109.7,110.0
2015-01-22,110.02,110.33,110.5
2015-01-23,110.06,110.61,110.68
2015-01-26,110.95,110.3,110.08
2015-01-27,110.08,110.56,110.3
2015-01-28,110.5,111.3,111.19
2015-01-29,111.19,110.58,110.3
2015-01-30,111.43,110.55,110.12
2015-02-02,110.5,109.55,110.0
2015-02-03,109.99,108.83,108.15
2015-02-04,108.26,108.53,108.02
2015-02-05,108.6,107.59,107.65
2015-02-06,107.5,106.91,106.5
2015-02-09,107.19,105.94,105.2
2015-02-10,105.01,105.57,104.1
2015-02-11,105.0,104.68,104.9
2015-02-12,104.9,105.34,107.5
2015-02-13,107.39,106.91,108.96
2015-02-18,108.89,107.74,108.5
2015-02-19,107.2,108.98,108.99
2015-02-20,108.98,108.9,108.53
2015-02-23,108.53,108.88,108.03
2015-02-24,108.5,108.8,109.5
2015-02-25,108.99,108.39,108.98
2015-02-26,109.29,109.31,110.0
2015-02-27,109.01,110.26,110.49
2015-03-02,110.0,110.39,110.25
2015-03-03,110.5,110.25,110.25
2015-03-04,110.03,108.9,108.5
2015-03-05,108.7,108.07,107.8
2015-03-06,108.2,109.54,111.2
2015-03-09,110.84,109.62,111.18
2015-03-10,110.99,110.45,109.1
2015-03-11,109.01,109.27,108.19
2015-03-12,108.99,108.7,108.22
2015-03-13,109.0,108.23,108.0
2015-03-16,107.99,107.65,107.1
2015-03-17,107.79,107.51,107.59
2015-03-18,107.59,107.79,108.5
2015-03-19,107.8,107.78,107.8
2015-03-20,107.81,108.15,108.5
2015-03-23,108.2,108.31,107.5
2015-03-24,108.0,107.67,108.1
2015-03-25,107.52,107.85,107.99
2015-03-26,107.97,108.06,108.5
2015-03-27,108.49,108.11,108.0
2015-03-30,108.45,108.37,108.1
2015-03-31,108.11,109.36,110.5
2015-04-01,110.4,109.87,110.2
2015-04-02,110.2,110.24,110.58
2015-04-06,110.5,110.82,111.0
2015-04-07,111.01,111.8,111.45
2015-04-08,111.01,110.58,109.99
2015-04-09,110.99,109.89,109.9
2015-04-10,109.89,111.11,112.0
2015-04-13,111.01,111.92,112.0
2015-04-14,112.0,111.97,112.0
2015-04-15,112.25,112.34,112.52
2015-04-16,112.13,111.96,111.81
2015-04-17,112.0,112.5,113.0
2015-04-20,112.49,112.6,112.1
2015-04-22,113.49,112.64,112.1
2015-04-23,112.5,112.23,112.04
2015-04-24,112.06,112.55,112.99
2015-04-27,112.9,112.76,112.4
2015-04-28,113.0,112.71,112.9
2015-04-29,112.9,112.73,112.9
2015-04-30,113.0,113.21,114.0
2015-05-04,112.99,112.56,113.0
2015-05-05,112.6,112.65,112.07
2015-05-06,112.3,112.81,113.25
2015-05-07,112.9,112.88,113.2
2015-05-08,113.31,114.23,115.37
2015-05-11,114.81,115.02,115.0
2015-05-12,114.7,115.07,115.0
2015-05-13,115.1,115.56,115.71
2015-05-14,115.82,115.84,116.48
2015-05-15,116.52,116.74,118.1
2015-05-18,118.89,117.3,117.06
2015-05-19,116.95,116.84,116.9
2015-05-20,116.99,116.9,117.01
2015-05-21,117.01,117.48,118.0
2015-05-22,117.79,117.67,118.0
2015-05-25,118.0,118.08,118.0
2015-05-26,118.11,117.88,117.6
2015-05-27,117.84,117.79,117.6
2015-05-28,118.0,117.84,117.62
2015-05-29,117.65,117.83,118.0
2015-06-01,118.0,117.95,118.0
2015-06-02,117.99,117.87,118.75
2015-06-03,118.99,119.59,120.35
2015-06-05,120.35,119.96,120.5
2015-06-08,120.48,119.51,119.99
2015-06-09,119.98,119.64,119.98
2015-06-10,119.98,121.0,121.22
2015-06-11,121.0,120.99,121.18
2015-06-12,120.99,119.99,119.49
2015-06-15,119.48,119.58,119.4
2015-06-16,119.0,118.99,118.93
2015-06-17,119.69,120.07,119.8
2015-06-18,119.69,120.16,120.24
2015-06-19,120.24,120.53,120.0
2015-06-22,120.5,120.26,120.35
2015-06-23,120.01,120.18,120.0
2015-06-24,119.89,120.3,120.2
2015-06-25,120.5,120.84,121.34
2015-06-26,120.99,121.13,121.64
2015-06-29,121.5,121.81,122.25
2015-06-30,122.5,122.84,124.5
2015-07-01,123.0,123.19,123.5
2015-07-02,123.49,123.16,121.8
2015-07-03,121.06,120.75,120.6
2015-07-06,121.99,121.53,121.79
2015-07-07,120.88,121.14,121.44
2015-07-08,121.44,121.94,123.15
2015-07-10,122.0,123.51,123.0
2015-07-13,123.0,122.95,124.0
2015-07-14,123.27,124.19,123.01
2015-07-15,123.01,124.12,124.4
2015-07-16,124.55,125.0,126.5
2015-07-17,125.65,125.61,125.8
2015-07-20,125.02,124.95,124.5
2015-07-21,124.5,124.63,124.3
2015-07-22,123.99,124.17,124.2
2015-07-23,123.45,123.34,124.0
2015-07-24,123.0,123.17,124.0
2015-07-27,124.0,123.64,124.0
2015-07-28,123.5,122.94,123.0
2015-07-29,123.95,124.22,123.0
2015-07-30,124.33,122.84,123.0
2015-07-31,123.0,123.24,122.32
2015-08-03,122.19,121.97,122.3
2015-08-04,122.29,121.06,118.8
2015-08-05,118.79,119.56,120.0
2015-08-06,120.78,119.56,119.07
2015-08-07,119.0,118.75,118.75
2015-08-10,118.76,118.68,119.0
2015-08-11,118.69,118.49,118.6
2015-08-12,119.19,119.0,119.0
2015-08-13,118.97,118.0,117.6
2015-08-14,117.53,118.2,118.45
2015-08-17,118.43,118.21,118.45
2015-08-18,118.43,117.78,117.73
2015-08-19,118.18,117.35,117.0
2015-08-20,117.49,116.36,116.25
2015-08-21,116.28,116.36,116.9
2015-08-24,116.15,117.69,120.8
2015-08-25,118.5,119.46,118.73
2015-08-26,117.99,118.36,118.0
2015-08-27,117.52,118.41,118.44
2015-08-28,118.5,117.46,117.88
2015-08-31,117.74,118.25,117.85
2015-09-01,116.05,116.51,116.7
2015-09-02,116.49,118.94,118.1
2015-09-03,118.1,117.59,119.0
2015-09-04,118.89,117.78,118.0
2015-09-08,117.99,118.11,118.0
2015-09-09,118.0,116.95,116.3
2015-09-10,115.69,115.82,116.5
2015-09-11,118.0,116.41,116.01
2015-09-14,116.02,116.02,116.0
2015-09-15,115.12,115.99,116.9
2015-09-16,116.9,115.55,113.8
2015-09-17,114.97,114.69,114.9
2015-09-18,114.97,114.36,114.5
2015-09-21,115.01,113.45,112.45
2015-09-22,113.29,111.53,113.99
2015-09-23,113.95,111.76,112.51
2015-09-24,112.79,111.39,111.37
2015-09-25,112.96,111.95,112.0
2015-09-28,111.49,111.09,111.22
2015-09-29,111.0,110.14,111.0
2015-09-30,109.3,110.58,111.01
2015-10-01,110.0,111.87,113.48
2015-10-02,113.5,113.07,113.8
2015-10-05,113.75,112.97,113.6
2015-10-06,113.59,112.52,112.5
2015-10-07,112.5,113.07,113.0
2015-10-08,113.01,113.05,114.0
2015-10-09,113.69,113.74,114.3
2015-10-13,114.0,114.86,115.43
2015-10-14,115.01,115.23,115.62
2015-10-15,115.25,115.74,115.24
2015-10-16,115.4,115.11,114.0
2015-10-19,115.0,113.61,113.0
2015-10-20,113.01,114.09,115.0
2015-10-21,114.4,114.45,114.7
2015-10-22,114.69,114.42,115.0
2015-10-23,114.99,114.95,115.5
2015-10-26,115.0,114.16,114.95
2015-10-27,114.65,115.21,114.5
2015-10-28,114.99,114.96,114.75
2015-10-29,114.99,115.46,117.0
2015-10-30,116.97,115.87,117.0
2015-11-03,116.0,116.45,115.5
2015-11-04,117.99,116.15,116.0
2015-11-05,115.4,116.2,116.0
2015-11-06,116.0,116.48,116.9
2015-11-09,116.0,116.33,116.0
2015-11-10,116.01,116.83,118.5
2015-11-11,116.79,116.85,118.0
2015-11-12,117.01,116.77,117.0
2015-11-13,116.5,116.81,116.3
2015-11-16,116.5,116.99,117.0
2015-11-17,116.86,117.23,117.0
2015-11-18,117.2,116.82,117.0
2015-11-19,116.99,116.83,117.69
2015-11-23,117.3,117.04,116.49
2015-11-24,116.7,116.48,115.7
2015-11-25,116.8,115.84,117.44
2015-11-26,117.0,115.83,115.46
2015-11-27,115.1,115.98,116.05
2015-11-30,115.99,115.91,117.0
2015-12-01,115.12,114.81,115.05
2015-12-02,115.5,113.72,113.98
2015-12-03,114.0,113.96,113.2
2015-12-04,113.68,113.67,114.39
2015-12-07,113.11,113.85,114.72
2015-12-08,114.56,114.23,115.0
2015-12-09,114.5,114.33,114.3
2015-12-10,113.94,112.97,113.94
2015-12-11,114.0,114.41,114.98
2015-12-14,114.21,114.04,114.5
2015-12-15,113.99,113.72,114.0
2015-12-16,114.0,111.2,108.0
2015-12-17,107.0,107.83,107.05
2015-12-18,108.0,109.19,108.01
2015-12-21,107.56,107.98,106.5
2015-12-22,106.99,106.1,105.65
2015-12-23,106.74,108.02,107.74
2015-12-28,107.75,108.33,108.5
2015-12-29,108.02,107.84,108.0
2015-12-30,108.0,107.91,108.35
2016-01-04,107.99,106.69,106.0
2016-01-05,106.0,105.31,105.01
2016-01-06,105.0,106.61,108.35
2016-01-07,108.19,108.31,107.5
2016-01-08,107.25,107.62,106.5
2016-01-11,106.5,106.79,106.49
2016-01-12,106.57,107.57,108.51
2016-01-13,108.0,107.47,107.5
2016-01-14,108.0,107.3,106.45
2016-01-15,107.89,106.58,105.0
2016-01-18,104.98,104.94,105.95
2016-01-19,105.94,105.1,104.51
2016-01-20,104.31,104.03,103.56
2016-01-21,103.5,102.34,102.0
2016-01-22,101.27,102.16,102.01
2016-01-26,101.61,101.33,101.0
2016-01-27,101.09,101.36,101.03
2016-01-28,101.27,100.45,99.6
2016-01-29,100.0,100.54,102.0
2016-02-01,101.51,101.46,101.3
2016-02-02,101.58,100.27,99.82
2016-02-03,99.95,100.3,100.6
2016-02-04,100.54,100.93,101.25
2016-02-05,101.32,101.08,101.3
2016-02-10,101.3,101.64,103.99
2016-02-11,102.3,102.14,101.7
2016-02-12,101.16,102.08,102.01
2016-02-15,102.11,101.19,100.2
2016-02-16,101.75,100.75,101.4
2016-02-17,101.39,100.16,100.16
2016-02-18,100.17,100.21,100.29
2016-02-19,100.29,100.1,100.95
2016-02-22,100.56,100.56,100.5
2016-02-23,100.52,100.88,100.7
2016-02-24,101.0,102.63,104.95
2016-02-25,104.97,105.97,107.0
2016-02-26,106.9,107.52,108.99
2016-02-29,108.98,108.19,108.9
2016-03-01,109.0,107.18,106.01
2016-03-02,106.5,107.25,106.99
2016-03-03,106.48,106.5,106.35
2016-03-04,106.2,107.19,108.2
2016-03-07,108.19,108.09,107.6
2016-03-08,107.52,107.83,107.0
2016-03-09,107.1,107.82,108.0
2016-03-10,108.01,108.73,109.0
2016-03-11,109.3,111.75,111.04
2016-03-14,110.53,111.63,112.0
2016-03-15,112.0,111.93,111.95
2016-03-16,112.0,111.37,111.0
2016-03-17,111.85,112.87,113.98
2016-03-18,113.77,113.95,114.5
2016-03-21,114.98,114.54,114.92
2016-03-22,114.91,116.33,118.0
2016-03-23,118.0,118.19,119.0
2016-03-24,117.58,116.73,115.0
2016-03-28,115.5,115.21,116.0
2016-03-29,115.06,115.75,116.49
2016-03-30,116.01,115.3,113.99
2016-03-31,116.38,115.28,114.23
2016-04-01,114.31,112.93,112.1
2016-04-04,113.5,114.91,115.21
2016-04-05,116.0,115.37,114.51
2016-04-06,114.0,114.06,114.3
2016-04-07,113.8,113.48,112.99
2016-04-08,113.0,113.25,112.61
2016-04-11,114.0,113.25,112.01
2016-04-12,112.75,112.76,112.41
2016-04-13,112.64,113.52,113.9
2016-04-14,113.9,113.59,113.37
2016-04-15,113.91,112.4,113.19
2016-04-18,114.01,114.39,115.0
2016-04-19,115.0,116.36,117.28
2016-04-20,116.99,117.48,117.59
2016-04-22,117.6,118.28,118.98
2016-04-25,117.61,117.96,118.9
2016-04-26,118.87,118.37,118.3
2016-04-27,118.88,118.67,119.0
2016-04-28,119.0,118.88,119.16
2016-04-29,119.12,119.19,119.82
2016-05-02,119.0,120.18,121.5
2016-05-03,121.0,120.28,120.91
2016-05-04,120.0,120.22,119.99
2016-05-05,119.89,118.64,119.87
2016-05-06,118.11,119.39,121.8
2016-05-09,119.99,119.6,119.55
2016-05-10,119.89,120.86,121.58
2016-05-11,120.01,122.9,123.7
2016-05-12,123.7,124.84,125.75
2016-05-13,125.76,129.0,129.95
2016-05-16,129.0,129.43,129.79
2016-05-17,129.89,130.19,130.5
2016-05-18,131.0,130.64,129.3
2016-05-19,129.98,129.96,129.33
2016-05-20,129.0,129.49,129.98
2016-05-23,129.01,129.61,129.0
2016-05-24,128.51,130.13,130.5
2016-05-25,130.49,128.1,127.0
2016-05-27,126.99,125.31,126.0
2016-05-30,126.0,126.27,128.0
2016-05-31,127.71,127.4,127.99
2016-06-01,127.45,128.07,128.99
2016-06-02,129.0,128.7,128.38
2016-06-03,128.37,128.48,127.99
2016-06-06,128.5,128.8,130.01
2016-06-07,129.97,129.38,130.0
2016-06-08,129.99,129.45,129.98
2016-06-09,129.97,130.25,131.4
2016-06-10,132.0,132.93,133.8
2016-06-13,133.5,132.67,133.0
2016-06-14,133.0,131.6,130.01
2016-06-15,131.8,130.81,131.5
2016-06-16,131.49,130.09,129.0
2016-06-17,129.99,128.63,127.49
2016-06-20,126.56,127.24,127.57
2016-06-21,128.0,128.48,129.0
2016-06-22,128.98,128.86,128.05
2016-06-23,128.05,129.36,130.0
2016-06-24,129.54,128.22,127.5
2016-06-27,129.67,128.43,129.0
2016-06-28,129.0,128.84,128.8
2016-06-29,128.87,129.74,130.4
2016-06-30,130.29,130.2,130.5
2016-07-01,130.0,129.15,129.0
2016-07-04,129.0,128.73,129.0
2016-07-05,128.99,128.53,128.7
2016-07-06,128.84,128.46,127.1
2016-07-07,127.33,127.76,128.0
2016-07-08,127.99,127.9,129.0
2016-07-11,128.94,127.47,126.51
2016-07-12,126.58,127.13,127.1
2016-07-13,127.49,127.28,127.08
2016-07-14,127.6,127.73,127.08
2016-07-15,127.1,128.36,128.95
2016-07-18,128.5,129.68,130.0
2016-07-19,130.41,132.39,134.0
2016-07-20,132.99,132.42,132.08
2016-07-21,132.5,133.88,133.0
2016-07-22,133.5,134.72,135.3
2016-07-25,134.99,134.57,136.0
2016-07-26,135.99,134.48,134.98
2016-07-27,135.5,135.19,135.0
2016-07-28,135.4,135.27,134.2
2016-07-29,135.98,134.93,135.2
2016-08-01,134.25,131.8,130.0
2016-08-02,130.02,131.25,131.22
2016-08-03,131.15,131.89,131.5
2016-08-04,132.99,131.81,132.0
2016-08-05,131.99,132.22,131.65
2016-08-08,132.01,132.51,132.88
2016-08-09,132.01,132.58,135.1
2016-08-10,135.1,133.93,135.0
2016-08-11,133.98,132.77,133.15
2016-08-12,133.0,132.93,132.98
2016-08-15,132.99,132.82,132.57
2016-08-16,132.5,132.72,132.8
2016-08-17,133.0,133.63,134.0
2016-08-18,134.01,133.72,133.49
2016-08-19,133.48,132.86,132.0
2016-08-22,131.51,132.07,133.0
2016-08-23,133.01,131.89,131.8
2016-08-24,132.2,131.78,132.37
2016-08-25,131.61,132.03,132.24
2016-08-26,132.77,133.72,134.2
2016-08-29,134.7,134.53,133.99
2016-08-30,134.98,134.04,133.5
2016-08-31,133.06,134.45,135.0
2016-09-01,136.93,133.77,133.35
2016-09-02,133.37,134.33,133.5
2016-09-05,134.98,134.04,133.0
2016-09-06,133.98,133.35,133.48
2016-09-08,133.39,133.03,133.87
2016-09-09,133.86,133.24,133.25
2016-09-12,133.25,133.4,133.0
2016-09-13,133.45,133.13,132.5
2016-09-14,132.5,133.7,134.0
2016-09-15,133.89,133.72,133.01
2016-09-16,134.84,133.96,133.5
2016-09-19,133.5,133.57,133.7
2016-09-20,133.69,133.45,133.47
2016-09-21,133.44,133.36,133.6
2016-09-22,133.59,133.46,133.02
2016-09-23,133.98,133.64,134.01
2016-09-26,133.99,133.88,134.0
2016-09-27,133.99,133.84,133.89
2016-09-28,134.0,134.24,133.53
2016-09-29,134.39,134.26,134.0
2016-09-30,134.0,134.25,134.6
2016-10-03,133.69,132.9,134.65
2016-10-04,134.59,134.07,134.5
2016-10-05,134.5,134.51,135.0
2016-10-06,134.22,134.42,134.7
2016-10-07,134.11,134.48,134.6
2016-10-10,135.01,135.31,135.0
2016-10-11,135.59,135.51,136.0
2016-10-13,135.98,135.28,135.4
2016-10-14,135.98,135.25,135.7
2016-10-17,135.59,135.78,135.0
2016-10-18,135.01,136.52,137.9
2016-10-19,137.89,137.52,137.1
2016-10-20,138.89,140.01,140.59
2016-10-21,140.01,140.6,140.5
2016-10-24,140.97,143.32,143.0
2016-10-25,143.99,144.63,144.8
2016-10-26,144.78,145.93,145.01
2016-10-27,145.99,145.8,146.38
2016-10-28,145.11,146.97,147.25
2016-10-31,147.23,147.42,147.99
2016-11-01,146.5,146.26,145.0
2016-11-03,146.02,147.75,148.0
2016-11-04,148.1,145.52,146.0
2016-11-07,144.51,144.69,144.11
2016-11-08,144.1,144.67,144.35
2016-11-09,143.99,142.45,142.4
2016-11-10,142.62,143.58,141.53
2016-11-11,141.55,142.84,143.5
2016-11-14,143.5,142.78,142.8
2016-11-16,142.79,141.77,141.21
2016-11-17,141.26,142.48,143.4
2016-11-18,143.46,141.92,143.48
2016-11-21,141.0,142.64,143.5
2016-11-22,143.0,144.85,145.5
2016-11-23,145.29,144.74,143.5
2016-11-24,143.5,141.55,141.2
2016-11-25,141.61,141.14,140.0
2016-11-28,142.39,141.15,140.58
2016-11-29,141.56,140.32,141.0
2016-11-30,141.79,139.62,139.05
2016-12-01,139.94,139.86,138.49
2016-12-02,138.48,137.19,136.8
2016-12-05,136.22,137.15,137.0
2016-12-06,136.5,137.19,139.88
2016-12-07,139.5,137.43,137.61
2016-12-08,137.61,137.59,137.2
2016-12-09,137.22,138.39,138.57
2016-12-12,138.55,139.95,146.0
2016-12-13,140.1,141.1,142.5
2016-12-14,142.99,141.37,138.1
2016-12-15,139.99,140.81,141.4
2016-12-16,142.49,140.71,140.95
2016-12-19,141.0,141.15,141.3
2016-12-20,141.29,140.43,140.48
2016-12-21,140.1,142.14,144.5
2016-12-22,143.01,144.19,144.0
2016-12-23,143.5,140.78,138.9
2016-12-26,138.22,140.19,141.05
2016-12-27,141.3,142.93,144.0
2016-12-28,143.99,142.7,143.0
2016-12-29,142.98,143.01,143.5
2017-01-02,143.51,143.23,141.31
2017-01-03,141.32,141.66,141.22
2017-01-04,141.9,141.52,142.94
2017-01-05,142.93,142.63,143.0
2017-01-06,142.98,143.15,143.95
2017-01-09,144.02,144.75,144.51
2017-01-10,144.32,145.23,146.02
2017-01-11,146.79,147.14,147.5
2017-01-12,147.49,148.53,149.4
2017-01-13,149.0,150.28,150.5
2017-01-16,150.5,151.9,152.0
2017-01-17,151.49,150.22,149.1
2017-01-18,151.49,150.03,150.0
2017-01-19,151.0,150.42,150.54
2017-01-20,150.99,152.1,153.5
2017-01-23,153.0,153.9,154.97
2017-01-24,153.98,152.91,153.9
2017-01-26,152.99,151.42,151.97
2017-01-27,151.99,151.57,151.96
2017-01-30,151.94,151.7,151.9
2017-01-31,151.5,152.51,154.8
2017-02-01,153.88,151.49,150.0
2017-02-02,151.0,151.2,151.79
2017-02-03,151.0,151.2,151.5
2017-02-06,151.49,150.24,149.52
2017-02-07,149.62,149.4,148.99
2017-02-08,148.98,147.97,148.5
2017-02-09,148.96,148.87,149.0
2017-02-10,149.24,147.52,147.49
2017-02-13,148.0,148.2,148.0
2017-02-14,147.99,147.33,147.31
2017-02-15,147.99,147.55,147.75
2017-02-16,147.74,146.16,143.02
2017-02-17,143.51,144.18,144.5
2017-02-20,144.02,145.57,146.51
2017-02-21,146.99,147.9,149.0
2017-02-22,149.39,147.77,147.0
2017-02-23,148.0,147.66,147.51
2017-02-24,148.13,148.91,149.0
2017-03-01,149.43,147.25,148.0
2017-03-02,148.05,147.99,147.5
2017-03-03,148.28,149.12,150.0
2017-03-06,150.49,150.69,153.0
2017-03-07,152.0,151.06,150.72
2017-03-08,149.99,150.08,150.12
2017-03-09,149.99,150.35,150.0
2017-03-10,149.02,149.45,151.97
2017-03-13,151.96,152.03,153.0
2017-03-14,152.99,152.07,152.35
2017-03-15,152.51,151.78,152.3
2017-03-16,151.22,152.46,154.5
2017-03-17,152.99,153.27,153.1
2017-03-20,154.01,153.78,154.4
2017-03-21,154.37,153.72,154.19
2017-03-22,154.09,153.71,154.2
2017-03-23,153.5,154.37,154.8
2017-03-24,154.79,155.09,155.59
2017-03-27,155.59,154.46,155.98
2017-03-28,155.59,156.02,157.5
2017-03-29,156.98,155.08,150.1
2017-03-30,152.94,150.98,151.5
2017-03-31,152.0,152.23,153.99
2017-04-03,153.89,149.98,147.8
2017-04-04,150.49,149.62,150.11
2017-04-05,151.2,151.26,152.01
2017-04-06,151.99,150.64,151.25
2017-04-07,151.0,151.71,152.6
2017-04-10,152.59,152.83,152.8
2017-04-11,153.26,151.22,150.0
2017-04-12,151.01,151.25,153.95
2017-04-13,153.0,152.49,153.0
2017-04-17,152.99,151.49,150.66
2017-04-18,151.0,150.24,150.5
2017-04-19,150.2,149.69,149.0
2017-04-20,149.03,149.68,150.0
2017-04-24,150.68,149.48,149.13
2017-04-25,149.39,148.93,147.51
2017-04-26,148.89,147.88,147.9
2017-04-27,148.0,146.91,146.0
2017-04-28,146.99,146.18,146.51
2017-05-02,146.52,145.26,146.0
2017-05-03,146.1,145.33,145.0
2017-05-04,145.1,144.68,144.92
2017-05-05,145.98,147.54,150.0
2017-05-08,150.2,150.02,150.46
2017-05-09,150.46,150.6,150.49
2017-05-10,150.2,152.09,151.85
2017-05-11,151.91,151.22,149.6
2017-05-12,149.61,152.02,151.8
2017-05-15,155.0,153.05,150.8
2017-05-16,151.03,150.95,150.9
2017-05-17,151.99,151.43,151.49
2017-05-18,147.42,146.18,146.0
2017-05-19,146.04,147.94,149.9
2017-05-22,149.05,148.09,148.0
2017-05-23,148.01,148.21,149.7
2017-05-24,149.69,149.7,150.0
2017-05-25,149.99,149.55,149.0
2017-05-26,149.01,149.69,150.0
2017-05-29,150.45,149.95,151.0
2017-05-30,151.0,150.31,151.0
2017-05-31,150.97,150.74,151.02
2017-06-01,151.02,151.21,151.5
2017-06-02,151.49,151.24,152.0
2017-06-05,152.0,150.56,149.61
2017-06-06,150.0,149.91,149.51
2017-06-07,150.0,149.33,149.31
2017-06-08,149.32,148.83,149.0
2017-06-09,149.92,148.96,149.95
2017-06-12,149.51,148.99,149.0
2017-06-13,148.52,149.19,149.35
2017-06-14,149.49,149.0,149.0
2017-06-16,149.2,148.74,148.7
2017-06-19,148.6,148.67,150.48
2017-06-20,149.99,149.22,148.6
2017-06-21,149.73,149.28,149.5
2017-06-22,150.0,149.15,149.12
2017-06-23,149.13,148.78,148.89
2017-06-26,149.0,149.05,149.15
2017-06-27,148.92,149.13,150.0
2017-06-28,149.99,149.8,149.33
2017-06-29,150.0,149.73,150.0
2017-06-30,149.89,149.09,149.3
2017-07-03,149.63,149.01,149.3
2017-07-04,149.0,148.79,148.7
2017-07-05,148.68,148.22,147.5
2017-07-06,147.57,147.33,147.26
2017-07-07,147.5,147.3,148.1
2017-07-10,148.0,147.9,148.69
2017-07-11,148.69,148.5,149.0
2017-07-12,148.99,148.93,149.8
2017-07-13,149.88,148.97,149.1
2017-07-14,148.75,149.46,148.71
2017-07-17,149.4,149.32,149.5
2017-07-18,149.85,149.62,149.74
2017-07-19,149.94,149.87,150.0
2017-07-20,150.1,149.91,149.66
2017-07-21,149.67,149.65,150.1
2017-07-24,150.0,149.42,149.34
2017-07-25,149.32,149.4,149.7
2017-07-26,149.69,149.64,149.74
2017-07-27,150.5,150.8,152.45
2017-07-28,151.0,151.68,151.06
2017-07-31,150.53,151.23,151.7
2017-08-01,150.76,149.93,151.0
2017-08-02,151.0,149.27,149.5
2017-08-03,149.83,150.23,150.95
2017-08-04,150.94,150.51,151.0
2017-08-07,150.52,151.07,151.5
2017-08-08,151.21,150.58,150.1
2017-08-09,150.1,150.09,150.0
2017-08-10,150.01,150.08,150.48
2017-08-11,150.99,149.82,151.0
2017-08-14,150.0,149.86,150.0
2017-08-15,150.14,149.75,149.7
2017-08-16,150.05,150.06,150.15
2017-08-17,150.14,150.14,149.89
2017-08-18,149.99,149.68,149.97
2017-08-21,150.01,150.28,150.59
2017-08-22,150.49,150.02,149.9
2017-08-23,149.99,150.0,150.0
2017-08-24,150.9,150.43,150.99
2017-08-25,150.99,150.72,150.35
2017-08-28,150.7,151.06,151.9
2017-08-29,151.9,151.48,152.0
2017-08-30,151.99,152.16,152.53
2017-08-31,153.41,151.84,151.5
2017-09-01,150.89,151.18,152.0
2017-09-04,152.01,152.09,152.2
2017-09-05,152.21,154.02,154.1
2017-09-06,151.99,152.83,154.0
2017-09-08,153.9,153.12,153.6
2017-09-11,153.84,153.1,153.5
2017-09-12,153.44,153.52,153.5
2017-09-13,152.97,153.29,154.0
2017-09-14,154.17,154.41,155.4
2017-09-15,156.01,156.98,157.8
2017-09-18,158.69,158.46,159.55
2017-09-19,159.55,159.63,162.0
2017-09-20,161.98,164.38,165.5
2017-09-21,165.49,165.5,165.86
2017-09-22,165.86,166.08,165.84
2017-09-25,165.22,165.14,164.74
2017-09-26,164.51,164.88,165.52
2017-09-27,165.51,166.06,166.03
2017-09-28,166.87,167.23,166.89
2017-09-29,167.0,168.03,169.05
2017-10-02,169.3,167.21,167.0
2017-10-03,166.99,166.32,166.0
2017-10-04,166.01,165.95,166.3
2017-10-05,165.95,166.94,166.0
2017-10-06,167.0,167.22,166.48
2017-10-09,168.0,166.88,164.61
2017-10-10,166.94,165.96,166.4
2017-10-11,166.39,166.63,166.7
2017-10-13,166.64,166.36,166.3
2017-10-16,166.39,165.59,166.0
2017-10-17,166.0,165.83,166.0
2017-10-18,165.99,165.67,165.7
2017-10-19,165.59,165.64,165.7
2017-10-20,165.69,164.89,165.0
2017-10-23,165.4,164.94,164.0
2017-10-24,164.02,163.6,164.0
2017-10-25,164.79,165.4,167.4
2017-10-26,167.39,166.23,167.35
2017-10-27,167.0,167.3,168.0
2017-10-30,167.99,167.97,168.1
2017-10-31,168.15,168.79,169.5
2017-11-01,168.37,167.69,168.0
2017-11-03,166.99,167.09,166.71
2017-11-06,167.0,167.71,168.0
2017-11-07,167.51,168.21,168.0
2017-11-08,167.95,167.48,167.7
2017-11-09,167.82,167.45,166.9
2017-11-10,167.45,167.76,167.2
2017-11-13,167.19,166.94,167.5
2017-11-14,167.49,168.02,169.19
2017-11-16,168.49,168.68,168.0
2017-11-17,168.0,168.06,168.28
2017-11-21,168.27,168.42,169.0
2017-11-22,168.74,169.34,168.8
2017-11-23,168.79,169.07,169.33
2017-11-24,169.11,168.72,169.19
2017-11-27,169.18,167.24,166.97
2017-11-28,166.51,167.43,167.1
2017-11-29,167.5,167.13,167.0
2017-11-30,167.86,167.5,168.0
2017-12-01,167.5,166.47,166.31
2017-12-04,167.28,165.9,165.78
2017-12-05,166.03,165.81,166.0
2017-12-06,166.2,166.78,168.0
2017-12-07,167.99,167.2,166.2
2017-12-08,167.0,167.89,167.3
2017-12-11,168.0,167.91,166.77
2017-12-12,166.77,167.06,167.5
2017-12-13,167.75,166.64,166.4
2017-12-14,166.4,165.98,165.2
2017-12-15,165.36,164.98,163.39
2017-12-18,163.76,163.66,163.32
2017-12-19,163.5,163.4,163.4
2017-12-20,163.33,161.55,159.8
2017-12-21,159.62,160.02,160.15
2017-12-22,160.57,160.56,160.0
2017-12-26,161.89,161.44,161.4
2017-12-27,161.51,162.31,162.99
2017-12-28,163.2,163.47,164.5
2018-01-02,164.02,164.64,164.6
2018-01-03,165.0,166.87,167.9
2018-01-04,165.27,164.82,163.99
2018-01-05,163.92,163.08,162.31
2018-01-08,162.49,161.93,162.26
2018-01-09,162.0,161.51,161.27
2018-01-10,161.5,161.74,162.42
2018-01-11,162.4,162.41,161.9
2018-01-12,161.88,161.17,161.75
2018-01-15,161.01,161.14,160.79
2018-01-16,161.96,161.49,161.51
2018-01-17,161.49,161.03,161.0
2018-01-18,161.14,161.21,161.1
2018-01-19,161.5,160.88,160.97
2018-01-22,161.0,160.86,160.9
2018-01-23,160.99,160.25,159.73
2018-01-24,159.98,160.27,160.23
2018-01-26,160.27,160.63,160.99
2018-01-29,160.51,160.26,160.3
2018-01-30,160.29,161.11,161.5
2018-01-31,161.89,161.89,162.0
2018-02-01,161.62,159.93,160.5
2018-02-02,160.0,160.26,161.0
2018-02-05,160.3,161.59,162.31
2018-02-06,162.32,161.06,162.0
2018-02-07,162.0,161.17,161.5
2018-02-08,161.5,161.05,161.05
2018-02-09,161.01,160.83,161.0
2018-02-14,160.99,160.9,161.2
2018-02-15,161.17,161.2,162.0
2018-02-16,161.8,161.25,161.5
2018-02-19,161.4,160.93,161.49
2018-02-20,161.39,161.24,161.4
2018-02-21,161.13,161.23,161.27
2018-02-22,161.72,161.58,161.06
2018-02-23,161.8,162.34,163.0
2018-02-26,162.5,162.64,163.95
2018-02-27,163.89,164.27,165.0
2018-02-28,164.99,166.65,167.8
2018-03-01,167.0,165.5,166.45
2018-03-02,166.5,165.85,165.0
2018-03-05,165.06,165.64,165.6
2018-03-06,165.57,165.44,165.6
2018-03-07,165.56,165.32,165.6
2018-03-08,165.6,167.18,168.0
2018-03-09,167.79,168.42,169.5
2018-03-12,169.3,168.58,168.5
2018-03-13,168.49,168.29,168.06
2018-03-14,168.4,167.89,168.0
2018-03-15,167.9,167.92,168.11
2018-03-16,168.39,168.63,168.58
2018-03-19,169.0,168.59,168.0
2018-03-20,168.2,168.61,169.99
2018-03-21,169.95,168.83,169.0
2018-03-22,168.98,169.22,169.99
2018-03-23,169.98,170.72,169.09
2018-03-26,171.88,172.88,173.0
2018-03-27,173.5,174.39,175.4
2018-03-28,175.0,175.0,177.0
2018-03-29,176.49,174.32,175.3
2018-04-02,187.08,175.19,172.7
2018-04-03,172.89,174.75,174.5
2018-04-04,174.0,172.72,173.0
2018-04-05,172.99,169.02,168.7
2018-04-06,168.0,168.15,168.8
2018-04-09,168.35,167.62,167.55
2018-04-10,167.61,167.29,167.13
2018-04-11,167.16,166.98,166.9
2018-04-12,166.73,167.25,166.75
2018-04-13,167.86,167.42,166.9
2018-04-16,166.89,166.48,166.5
2018-04-17,166.53,166.89,166.09
2018-04-18,166.53,166.15,165.5
2018-04-19,166.39,166.42,167.0
2018-04-20,167.0,166.83,167.0
2018-04-23,166.99,166.59,167.0
2018-04-24,166.13,164.68,163.5
2018-04-25,163.8,162.61,163.5
2018-04-26,163.51,163.29,164.0
2018-04-27,165.0,164.97,164.0
2018-04-30,164.15,165.94,167.0
2018-05-02,167.0,165.69,165.01
2018-05-03,166.0,166.91,167.7
2018-05-04,167.68,166.12,166.95
2018-05-07,166.95,165.85,165.31
2018-05-08,166.01,165.51,165.15
2018-05-09,165.31,165.29,165.01
2018-05-10,165.5,166.01,167.0
2018-05-11,167.09,167.11,168.0
2018-05-14,167.94,167.5,167.51
2018-05-15,167.49,166.43,169.0
2018-05-16,168.97,167.86,167.5
2018-05-17,167.86,166.45,165.48
2018-05-18,165.15,165.32,164.5
2018-05-21,165.45,164.73,163.53
2018-05-22,163.53,162.96,162.0
2018-05-23,162.01,162.46,164.98
2018-05-24,164.97,163.08,163.6
2018-05-25,163.5,163.3,163.5
2018-05-28,163.39,160.41,158.15
2018-05-29,158.18,158.49,158.42
2018-05-30,158.42,158.34,157.9
2018-06-01,158.0,156.45,154.99
2018-06-04,155.01,156.65,157.0
2018-06-05,157.2,157.0,157.95
2018-06-06,157.98,156.81,156.5
2018-06-07,156.31,154.34,151.6
2018-06-08,151.59,149.52,149.69
2018-06-11,152.01,151.75,151.54
2018-06-12,152.01,154.08,154.0
2018-06-13,154.78,153.8,153.05
2018-06-14,153.05,152.77,153.5
2018-06-15,153.5,149.34,149.99
2018-06-18,149.7,144.78,143.35
2018-06-19,144.0,142.3,141.6
2018-06-20,142.21,140.74,140.0
2018-06-21,141.0,140.09,139.98
2018-06-22,141.0,140.58,140.89
2018-06-25,141.0,140.97,141.51
2018-06-26,141.99,140.95,141.9
2018-06-27,141.9,142.21,143.1
2018-06-28,143.5,142.22,141.56
2018-06-29,142.0,142.18,142.49
2018-07-02,141.5,141.9,144.9
2018-07-03,144.7,144.53,144.2
2018-07-04,144.2,144.37,144.5
2018-07-05,144.55,143.9,144.0
2018-07-06,143.99,143.86,144.99
2018-07-10,145.0,144.08,144.6
2018-07-11,144.6,145.9,150.01
2018-07-12,149.84,149.13,149.51
2018-07-13,149.51,149.08,149.61
2018-07-16,149.9,148.76,148.5
2018-07-17,148.49,148.43,148.3
2018-07-18,148.61,149.3,148.7
2018-07-19,148.75,148.7,148.17
2018-07-20,148.51,149.01,149.44
2018-07-23,149.99,149.65,149.5
2018-07-24,149.4,149.34,149.2
2018-07-25,149.2,148.93,148.51
2018-07-26,149.0,149.01,148.49
2018-07-27,148.81,148.13,147.95
2018-07-30,148.2,147.74,147.9
2018-07-31,147.99,148.54,148.13
2018-08-01,148.94,147.78,147.4
2018-08-02,148.0,147.6,147.0
2018-08-03,147.02,147.34,146.99
2018-08-06,147.98,147.68,147.5
2018-08-07,147.4,147.09,147.0
2018-08-08,147.01,146.93,147.18
2018-08-09,147.2,147.09,146.7
2018-08-10,146.99,146.21,143.99
2018-08-13,145.69,144.07,142.8
2018-08-14,145.94,143.69,142.8
2018-08-15,143.49,142.34,141.52
2018-08-16,142.57,142.79,142.52
2018-08-17,142.11,142.41,142.87
2018-08-20,143.87,143.08,143.05
2018-08-21,143.31,142.89,143.2
2018-08-22,143.2,142.55,142.45
2018-08-23,142.16,141.71,140.8
2018-08-24,141.0,140.45,139.99
2018-08-27,140.0,140.89,140.5
2018-08-28,140.78,139.83,139.81
2018-08-29,139.78,139.77,139.75
2018-08-30,140.0,139.82,139.88
2018-08-31,139.87,139.19,139.4
2018-09-03,138.58,137.08,137.2
2018-09-04,137.21,137.54,138.6
2018-09-05,138.71,139.1,140.36
2018-09-06,140.3,140.13,139.5
2018-09-10,140.2,139.56,138.95
2018-09-11,139.0,137.23,136.9
2018-09-12,137.95,137.34,139.0
2018-09-13,138.94,138.14,139.0
2018-09-14,138.91,137.56,137.25
2018-09-17,137.26,137.35,137.28
2018-09-18,137.89,136.64,136.51
2018-09-19,136.61,136.2,136.98
2018-09-20,136.93,136.08,136.06
2018-09-21,136.56,135.9,135.9
2018-09-24,136.01,135.95,135.36
2018-09-25,136.27,135.34,134.7
2018-09-26,134.68,134.29,134.5
2018-09-27,134.5,134.56,134.04
2018-09-28,134.1,135.42,136.0
2018-10-01,134.8,134.5,134.2
2018-10-02,134.3,135.66,138.0
2018-10-03,138.59,140.59,142.9
2018-10-04,142.86,142.8,143.9
2018-10-05,143.89,144.6,146.9
2018-10-08,146.89,147.23,148.0
2018-10-09,147.89,149.93,152.0
2018-10-10,150.01,150.42,149.06
2018-10-11,149.2,148.54,148.0
2018-10-15,148.2,148.48,148.5
2018-10-16,148.49,147.91,148.1
2018-10-17,148.25,147.62,147.65
2018-10-18,148.0,147.01,147.99
2018-10-19,148.01,147.88,147.95
2018-10-22,147.2,147.63,147.96
2018-10-23,148.47,148.59,149.12
2018-10-24,151.0,148.48,148.0
2018-10-25,149.0,148.51,146.95
2018-10-26,147.65,147.65,149.5
2018-10-29,150.01,150.13,149.6
2018-10-30,151.01,151.8,152.5
2018-10-31,152.0,152.04,153.5
2018-11-01,152.99,151.52,150.5
2018-11-05,150.04,150.14,148.21
2018-11-06,148.31,147.82,147.85
2018-11-07,148.67,149.01,148.73
2018-11-08,149.92,150.11,150.0
2018-11-09,150.03,150.7,151.0
2018-11-12,151.3,151.4,151.99
2018-11-13,151.5,151.63,151.87
2018-11-14,151.49,155.96,159.8
2018-11-16,156.9,156.74,158.9
2018-11-19,158.88,157.0,157.89
2018-11-21,157.88,155.52,153.8
2018-11-22,154.51,154.1,155.0
2018-11-23,155.11,154.44,154.5
2018-11-26,154.51,153.77,153.95
2018-11-27,153.78,153.55,153.58
2018-11-28,153.8,153.25,153.39
2018-11-29,153.88,152.7,153.49
2018-11-30,153.95,152.17,151.9
2018-12-03,152.01,150.46,150.1
2018-12-04,151.0,149.5,149.1
2018-12-05,149.88,148.06,147.89
2018-12-06,147.88,145.95,146.0
2018-12-07,146.0,146.47,146.8
2018-12-10,147.47,146.91,146.76
2018-12-11,147.01,146.91,147.5
2018-12-12,147.16,146.67,145.85
2018-12-13,145.84,146.5,147.12
2018-12-14,147.12,146.95,147.5
2018-12-17,147.7,147.44,147.5
2018-12-18,147.49,147.49,146.99
2018-12-19,146.98,145.96,145.55
2018-12-20,146.04,146.31,146.02
2018-12-21,146.83,146.47,147.0
2018-12-26,146.99,145.97,146.0
2018-12-27,145.99,145.97,146.0
2018-12-28,145.99,146.05,146.22
2019-01-02,146.22,147.19,148.67
2019-01-03,148.71,149.88,150.28
2019-01-04,150.43,149.99,150.4
2019-01-07,150.1,149.56,149.47
2019-01-08,149.47,149.48,149.69
2019-01-09,149.69,149.41,148.81
2019-01-10,149.05,148.21,147.5
2019-01-11,147.51,147.8,148.0
2019-01-14,147.95,148.47,148.6
2019-01-15,148.6,148.41,148.99
2019-01-16,148.79,148.73,149.5
2019-01-17,148.9,149.03,149.5
2019-01-18,149.49,149.32,149.51
2019-01-21,149.49,149.05,148.15
2019-01-22,148.94,148.27,148.5
2019-01-23,148.5,148.89,148.37
2019-01-24,148.39,147.97,147.85
2019-01-28,147.91,148.65,148.1
2019-01-29,148.21,149.43,150.0
2019-01-30,150.88,149.27,148.35
2019-01-31,148.33,149.02,150.2
2019-02-01,149.5,149.13,148.65
2019-02-04,149.49,149.44,149.58
2019-02-05,149.91,149.84,150.5
2019-02-06,150.49,150.81,151.6
2019-02-07,151.6,151.82,153.0
2019-02-08,153.0,152.08,152.5
2019-02-11,151.86,154.41,155.99
2019-02-12,156.98,154.42,150.67
2019-02-13,152.23,151.02,151.0
2019-02-14,151.74,150.4,150.5
2019-02-15,150.5,150.42,150.5
2019-02-18,150.5,150.54,151.0
2019-02-19,150.98,150.91,151.0
2019-02-20,150.99,150.74,150.75
2019-02-21,150.75,150.83,151.0
2019-02-22,150.99,150.91,151.0
2019-02-25,150.99,150.98,150.9
2019-02-26,150.89,150.57,150.1
2019-02-27,151.0,151.06,151.55
2019-02-28,151.96,151.82,153.0
2019-03-01,152.5,152.77,152.75
2019-03-06,152.99,152.68,153.2
2019-03-07,153.9,153.08,154.3
2019-03-08,154.4,154.71,153.4
2019-03-11,154.96,153.89,153.0
2019-03-12,153.01,152.38,152.2
2019-03-13,153.0,151.54,151.9
2019-03-14,152.0,151.66,151.75
2019-03-15,151.99,152.7,154.0
2019-03-18,154.0,154.61,155.5
2019-03-19,152.26,153.18,152.75
2019-03-20,152.99,152.89,152.9
2019-03-21,152.87,152.52,152.88
2019-03-22,152.88,153.11,152.93
2019-03-25,153.0,153.39,153.7
2019-03-26,153.74,155.18,156.0
2019-03-27,156.0,154.75,154.0
2019-03-28,153.9,154.6,153.5
2019-03-29,154.89,154.23,152.54
2019-04-01,155.49,152.72,153.0
2019-04-02,152.99,152.04,151.19
2019-04-03,151.61,151.53,150.52
2019-04-04,151.01,150.7,150.11
2019-04-05,150.64,150.03,149.8
2019-04-08,150.0,150.85,150.2
2019-04-09,150.98,150.53,150.98
2019-04-10,151.0,151.03,152.0
2019-04-11,150.76,151.42,151.85
2019-04-12,151.93,151.32,151.41
2019-04-15,151.95,152.11,152.8
2019-04-16,152.78,150.96,149.01
2019-04-17,150.44,150.35,150.25
2019-04-18,150.25,151.04,151.5
2019-04-22,151.69,151.78,152.0
2019-04-23,152.02,152.1,152.5
2019-04-24,152.5,151.93,152.0
2019-04-25,152.0,152.28,152.6
2019-04-26,152.59,152.51,152.6
2019-04-29,152.6,151.81,151.5
2019-04-30,152.01,151.42,152.18
2019-05-02,151.51,151.86,152.0
2019-05-03,151.97,151.83,151.81
2019-05-06,151.81,151.57,150.22
2019-05-07,151.29,151.41,151.88
2019-05-08,151.88,151.72,151.8
2019-05-09,151.78,151.47,151.38
2019-05-10,151.27,151.27,151.35
2019-05-13,151.79,151.17,151.33
2019-05-14,151.5,151.38,150.99
2019-05-15,151.44,151.55,151.8
2019-05-16,151.79,152.3,153.19
2019-05-17,153.25,152.99,152.2
2019-05-20,152.3,152.72,152.4
2019-05-21,152.5,152.45,152.29
2019-05-22,152.2,152.21,152.5
2019-05-23,152.67,152.34,151.71
2019-05-24,152.82,152.53,152.2
2019-05-27,152.22,152.33,152.38
2019-05-28,152.38,152.54,152.71
2019-05-29,153.06,153.21,153.9
2019-05-30,153.8,154.17,154.39
2019-05-31,154.38,154.43,155.0
2019-06-03,154.26,154.98,155.39
2019-06-04,155.55,155.34,154.85
2019-06-05,154.84,153.51,153.0
2019-06-06,153.15,152.72,152.2
2019-06-07,151.97,151.64,152.0
2019-06-10,152.0,151.99,152.5
2019-06-11,152.61,150.84,150.0
2019-06-12,150.69,150.77,150.46
2019-06-13,150.65,150.63,151.0
2019-06-14,150.5,150.99,151.0
2019-06-17,151.64,151.23,151.0
2019-06-18,151.0,151.43,152.0
2019-06-19,151.81,151.67,151.7
2019-06-21,151.8,151.76,152.0
2019-06-24,152.0,152.66,152.5
2019-06-25,152.5,152.49,152.6
2019-06-26,152.58,152.5,152.87
2019-06-27,152.83,152.56,152.6
2019-06-28,153.49,153.7,154.23
2019-07-01,153.74,154.4,155.5
2019-07-02,155.47,155.01,155.0
2019-07-03,155.0,156.67,156.0
2019-07-04,154.0,152.01,153.0
2019-07-05,153.0,152.76,152.99
2019-07-08,152.98,152.63,152.7
2019-07-10,152.69,152.19,152.47
2019-07-11,152.51,152.02,151.4
2019-07-12,151.8,151.43,152.3
2019-07-15,152.32,152.25,152.5
2019-07-16,152.47,152.21,152.5
2019-07-17,152.3,152.41,152.45
2019-07-18,152.43,152.31,152.5
2019-07-19,152.49,152.3,152.4
2019-07-22,152.39,152.14,152.4
2019-07-23,152.4,152.2,152.2
2019-07-24,152.3,152.21,152.46
2019-07-25,152.43,151.87,150.01
2019-07-26,151.22,151.37,152.0
2019-07-29,152.06,152.44,152.65
2019-07-30,152.59,152.64,152.85
2019-07-31,152.79,152.87,153.49
2019-08-01,153.25,152.84,152.78
2019-08-02,152.89,153.32,154.1
2019-08-05,154.29,153.41,153.8
2019-08-06,153.89,154.01,154.6
2019-08-07,154.58,154.42,154.49
2019-08-08,154.47,154.42,154.12
2019-08-09,154.16,154.96,154.4
2019-08-12,154.8,154.79,155.4
2019-08-13,155.4,155.42,154.01
2019-08-14,155.25,155.42,155.0
2019-08-15,155.0,155.32,155.95
2019-08-16,155.94,155.85,156.0
2019-08-19,156.0,156.68,156.9
2019-08-20,156.89,156.82,157.1
2019-08-21,157.11,158.08,159.7
2019-08-22,159.7,159.1,158.9
2019-08-23,158.8,158.55,158.7
2019-08-26,158.64,157.44,157.0
2019-08-27,157.0,157.48,157.8
2019-08-28,157.94,157.72,158.0
2019-08-29,158.0,157.83,157.99
2019-08-30,157.98,158.04,158.2
2019-09-02,156.99,155.73,155.5
2019-09-03,156.16,155.86,156.0
2019-09-04,155.98,156.03,156.3
2019-09-05,156.3,156.32,156.5
2019-09-06,156.7,156.52,156.4
2019-09-09,156.2,156.31,156.5
2019-09-10,156.49,156.09,155.78
2019-09-11,156.0,155.57,155.35
2019-09-12,155.87,155.97,155.5
2019-09-13,156.0,156.09,155.76
2019-09-16,155.99,156.07,156.24
2019-09-17,156.2,156.15,156.07
2019-09-18,156.19,156.05,155.8
2019-09-19,156.18,156.12,156.2
2019-09-20,156.3,156.44,156.6
2019-09-23,156.69,156.26,155.75
2019-09-24,156.4,157.11,158.0
2019-09-25,157.9,158.16,158.85
2019-09-26,158.85,158.91,158.1
2019-09-27,158.85,159.05,159.0
2019-09-30,159.0,160.19,160.2
2019-10-01,159.9,159.56,160.0
2019-10-02,160.1,159.09,159.74
2019-10-03,159.74,159.26,158.51
2019-10-04,158.82,159.15,159.5
2019-10-07,159.49,159.4,159.0
2019-10-08,159.5,160.05,160.4
2019-10-09,160.47,160.96,159.61
2019-10-10,160.49,160.86,161.0
2019-10-11,161.0,161.55,163.0
2019-10-14,162.99,163.21,163.5
2019-10-15,163.99,164.49,165.3
2019-10-16,165.5,167.17,168.03
2019-10-17,168.22,168.15,168.0
2019-10-18,167.94,167.89,167.0
2019-10-21,167.8,168.28,168.48
2019-10-22,168.48,169.51,169.5
2019-10-23,169.0,169.88,169.0
2019-10-24,169.01,170.6,171.2
2019-10-25,171.0,170.3,170.97
2019-10-28,170.95,171.02,172.7
2019-10-29,172.76,173.54,171.51
2019-10-30,171.88,170.72,170.66
2019-10-31,171.06,170.11,170.0
2019-11-01,169.99,170.87,170.5
2019-11-04,170.5,172.52,172.8
2019-11-05,172.8,170.9,169.0
2019-11-06,170.14,170.17,169.7
2019-11-07,170.0,170.68,169.75
2019-11-08,169.76,169.46,169.43
2019-11-11,169.5,169.88,169.1
2019-11-12,170.0,169.57,168.53
2019-11-13,169.4,168.95,168.28
2019-11-14,168.3,168.55,168.89
2019-11-18,168.92,168.88,169.0
2019-11-19,168.99,170.96,172.48
2019-11-21,172.44,172.18,173.0
2019-11-22,173.0,170.89,171.0
2019-11-25,171.0,171.37,171.55
2019-11-26,171.6,172.82,173.07
2019-11-27,173.07,173.07,171.5
2019-11-28,172.95,173.59,173.88
2019-11-29,173.9,174.06,174.9
2019-12-02,174.89,174.5,174.49
2019-12-03,174.51,175.32,174.75
2019-12-04,175.0,174.93,175.61
2019-12-05,175.95,177.33,178.63
2019-12-06,179.84,179.78,180.0
2019-12-09,180.0,180.0,180.5
2019-12-10,180.5,181.89,181.99
2019-12-11,181.99,183.79,184.4
2019-12-12,184.37,183.8,184.15
2019-12-13,184.15,183.96,184.15
2019-12-16,184.15,184.71,185.0
2019-12-17,185.2,187.18,187.6
2019-12-18,187.5,187.46,188.0
2019-12-19,188.0,190.46,189.85
2019-12-20,189.94,190.06,190.0
2019-12-23,190.0,189.9,189.99
2019-12-26,190.0,190.83,192.0
2019-12-27,191.81,192.33,191.84
2019-12-30,192.0,195.17,198.18
2020-01-02,198.16,199.35,199.6
2020-01-03,199.5,199.42,199.6
2020-01-06,199.0,197.13,197.98
2020-01-07,197.98,198.37,198.75
2020-01-08,198.49,189.77,187.5
2020-01-09,187.5,184.04,181.0
2020-01-10,181.0,177.23,178.9
2020-01-13,180.0,183.64,183.5
2020-01-14,183.69,184.96,184.48
2020-01-15,184.52,185.03,182.3
2020-01-16,182.35,182.15,182.4
2020-01-17,182.41,180.89,181.52
2020-01-20,181.54,182.09,181.95
2020-01-21,181.95,181.25,182.0
2020-01-22,182.0,182.59,183.0
2020-01-23,183.0,182.59,182.5
2020-01-24,182.5,182.51,182.03
2020-01-27,182.03,181.14,180.35
2020-01-28,180.02,181.82,182.15
2020-01-29,182.17,181.39,178.85
2020-01-30,178.61,178.52,180.25
2020-01-31,180.25,181.37,181.64
2020-02-03,180.89,182.07,182.66
2020-02-04,182.66,182.78,182.98
2020-02-05,182.5,182.23,182.25
2020-02-06,182.4,182.62,180.45
2020-02-07,181.99,180.46,180.55
2020-02-10,180.59,179.37,178.1
2020-02-11,178.1,178.69,177.9
2020-02-12,180.0,177.85,179.44
2020-02-13,177.96,178.85,180.0
2020-02-14,180.0,179.33,178.8
2020-02-17,178.8,179.31,179.6
2020-02-18,178.99,172.27,170.49
2020-02-19,170.49,166.6,166.65
2020-02-20,166.59,165.81,166.5
2020-02-21,166.51,169.84,170.42
2020-02-26,169.94,168.69,169.9
2020-02-27,169.9,169.86,170.18
2020-02-28,170.05,170.62,170.95
2020-03-02,170.5,171.19,171.0
2020-03-03,171.35,172.3,172.95
2020-03-04,172.9,171.91,171.35
2020-03-05,171.35,171.3,171.04
2020-03-06,170.99,169.45,170.49
2020-03-09,169.96,163.52,163.3
2020-03-10,164.0,165.32,164.29
2020-03-11,164.0,164.23,163.0
2020-03-12,161.85,151.49,150.1
2020-03-13,152.21,153.34,154.27
2020-03-16,150.0,149.93,150.19
2020-03-17,150.19,149.47,148.5
2020-03-18,148.0,137.65,132.33
2020-03-19,132.5,125.33,139.05
2020-03-20,140.5,147.61,143.11
2020-03-23,140.11,131.6,132.5
2020-03-24,135.0,138.78,139.0
2020-03-25,140.0,144.65,148.9
2020-03-26,148.9,152.77,151.84
2020-03-27,151.84,150.32,150.6
2020-03-30,150.5,152.61,153.05
2020-03-31,153.05,154.3,154.02
2020-04-01,153.0,150.56,150.9
2020-04-02,150.0,150.37,149.0
2020-04-03,149.7,148.66,147.01
2020-04-06,148.5,146.95,147.8
2020-04-07,148.01,151.56,151.55
2020-04-08,150.99,150.58,150.99
2020-04-09,150.2,151.74,153.0
2020-04-13,152.47,153.1,153.25
2020-04-14,153.0,153.73,152.75
2020-04-15,152.75,151.62,149.7
2020-04-16,151.5,152.79,152.0
2020-04-17,153.91,151.66,151.38
2020-04-20,151.0,150.52,150.6
2020-04-22,150.6,150.46,150.22
2020-04-23,151.98,151.65,152.2
2020-04-24,152.5,150.79,151.67
2020-04-27,151.68,153.01,152.0
2020-04-28,152.99,154.02,154.03
2020-04-29,154.5,156.24,160.0
2020-04-30,156.52,158.73,158.99
2020-05-04,158.3,156.86,156.4
2020-05-05,157.87,158.65,157.0
2020-05-06,158.48,159.17,160.25
2020-05-07,159.99,159.68,160.0
2020-05-08,160.0,160.91,162.5
2020-05-11,162.5,163.97,164.45
2020-05-12,164.6,163.88,163.65
2020-05-13,163.65,163.06,162.7
2020-05-14,162.5,161.12,160.92
2020-05-15,160.92,161.64,161.91
2020-05-18,161.99,162.53,162.4
2020-05-19,162.4,163.17,163.05
2020-05-20,163.05,162.89,163.0
2020-05-21,163.59,163.24,163.55
2020-05-22,163.55,165.18,165.95
2020-05-25,165.96,167.34,167.3
2020-05-26,167.3,167.61,167.7
2020-05-27,167.7,168.9,169.72
2020-05-28,169.58,169.62,170.0
2020-05-29,170.0,170.58,172.39
2020-06-01,172.1,171.38,170.5
2020-06-02,170.71,169.93,171.19
2020-06-03,171.98,171.16,172.48
2020-06-04,171.99,171.03,171.0
2020-06-05,171.5,171.23,170.89
2020-06-08,170.89,170.16,170.5
2020-06-09,170.49,169.19,168.5
2020-06-10,168.71,167.74,167.49
2020-06-12,167.0,166.48,166.66
2020-06-15,166.55,165.31,165.44
2020-06-16,165.4,165.99,166.31
2020-06-17,166.5,166.92,169.0
2020-06-18,169.0,168.59,168.63
2020-06-19,168.5,168.83,167.65
2020-06-22,167.69,167.41,167.3
2020-06-23,167.6,167.56,167.6
2020-06-24,167.63,167.6,167.79
2020-06-25,167.79,167.88,169.0
2020-06-26,168.31,169.11,169.1
2020-06-29,169.1,169.49,169.5
2020-06-30,169.48,169.32,168.94
2020-07-01,168.29,169.26,169.99
2020-07-02,169.99,169.08,169.45
2020-07-03,169.45,168.36,167.9
2020-07-06,167.9,166.77,167.4
2020-07-07,167.4,166.41,166.36
2020-07-08,166.1,165.09,165.0
2020-07-09,165.0,161.11,160.5
2020-07-10,160.5,159.25,158.79
2020-07-13,158.79,157.77,157.69
2020-07-14,157.16,156.98,157.3
2020-07-15,157.2,157.5,157.49
2020-07-16,157.49,157.03,157.5
2020-07-17,157.5,157.41,156.0
2020-07-20,156.2,157.1,156.9
2020-07-21,156.9,157.38,158.98
2020-07-22,158.98,158.73,159.0
2020-07-23,158.85,158.68,159.0
2020-07-24,159.0,158.54,158.89
2020-07-27,158.88,158.41,157.15
2020-07-28,157.99,156.7,157.0
2020-07-29,158.0,157.78,157.0
2020-07-30,157.0,157.36,157.5
2020-07-31,158.0,158.48,156.82
2020-08-03,156.5,156.71,157.45
2020-08-04,157.0,157.88,157.6
2020-08-05,157.6,158.4,159.69
2020-08-06,159.69,158.13,157.61
2020-08-07,157.62,157.77,158.1
2020-08-10,158.1,158.73,158.67
2020-08-11,158.67,159.16,159.01
2020-08-12,159.5,159.67,159.27
2020-08-13,159.27,160.04,160.03
2020-08-14,160.02,159.13,159.05
2020-08-17,159.1,158.51,156.15
2020-08-18,157.35,158.28,158.2
2020-08-19,158.5,159.19,160.1
2020-08-20,160.1,160.38,160.89
2020-08-21,160.99,163.32,164.89
2020-08-24,164.89,163.77,164.59
2020-08-25,164.59,164.5,164.45
2020-08-26,164.45,164.4,164.0
2020-08-27,164.4,164.47,164.5
2020-08-28,164.5,164.47,164.5
2020-08-31,164.6,164.66,164.39
2020-09-01,164.39,164.98,164.97
2020-09-02,164.97,165.92,165.97
2020-09-03,166.0,167.14,165.97
2020-09-04,165.97,166.86,167.61
2020-09-08,167.69,167.43,166.13
2020-09-09,166.13,166.34,165.95
2020-09-10,165.95,166.35,166.0
2020-09-11,166.0,165.92,166.7
2020-09-14,166.71,166.94,167.1
2020-09-15,167.4,167.49,168.0
2020-09-16,168.0,167.55,167.5
2020-09-17,167.5,167.34,166.8
2020-09-18,167.0,166.74,165.3
2020-09-21,166.1,165.53,166.02
2020-09-22,166.02,166.45,166.5
2020-09-23,166.46,166.34,166.49
2020-09-24,166.49,166.45,166.67
2020-09-25,166.67,166.85,166.0
2020-09-28,166.5,165.47,165.06
2020-09-29,165.16,165.61,165.1
2020-09-30,165.16,165.55,165.03
2020-10-01,165.05,165.38,165.62
2020-10-02,165.9,166.23,166.2
2020-10-05,166.5,166.31,165.21
2020-10-06,166.1,166.3,166.45
2020-10-07,166.43,166.61,166.49
2020-10-08,166.5,166.66,166.7
2020-10-09,166.75,166.69,166.65
2020-10-13,166.65,166.71,166.9
2020-10-14,166.97,166.76,166.83
2020-10-15,166.83,166.75,166.85
2020-10-16,166.86,166.68,166.85
2020-10-19,166.85,166.7,166.8
2020-10-20,166.8,166.65,166.97
2020-10-21,166.61,166.59,166.8
2020-10-22,166.8,165.97,165.2
2020-10-23,165.0,164.34,163.24
2020-10-26,163.23,160.89,160.8
2020-10-27,160.8,160.58,160.89
2020-10-28,160.87,159.79,159.7
2020-10-29,159.59,158.7,159.49
2020-10-30,159.7,159.62,158.73
2020-11-03,158.73,158.31,158.32
2020-11-04,158.49,158.52,158.38
2020-11-05,158.38,159.3,158.18
2020-11-06,158.68,158.44,158.44
2020-11-09,158.49,159.79,158.15
2020-11-10,159.0,159.6,159.5
2020-11-11,159.11,159.2,158.5
2020-11-12,158.65,158.66,158.25
2020-11-13,158.42,158.59,158.76
2020-11-16,158.51,158.89,159.9
2020-11-17,159.89,159.15,158.88
2020-11-18,159.15,159.58,159.0
2020-11-19,159.13,159.24,159.98
2020-11-20,160.0,160.13,160.0
2020-11-23,160.5,159.74,159.05
2020-11-24,159.9,159.59,159.86
2020-11-25,159.8,159.56,159.59
2020-11-26,159.59,159.34,158.9
2020-11-27,158.91,159.1,159.04
2020-11-30,159.04,159.5,159.25
2020-12-01,159.0,158.75,158.6
2020-12-02,158.57,158.13,157.8
2020-12-03,157.92,157.79,157.72
2020-12-04,157.75,157.0,157.08
2020-12-07,157.1,156.57,156.2
2020-12-08,156.18,155.83,155.86
2020-12-09,156.9,155.88,155.3
2020-12-10,155.2,153.91,153.89
2020-12-11,153.89,153.58,153.63
2020-12-14,153.5,153.97,155.0
2020-12-15,155.0,156.63,157.78
2020-12-16,157.88,158.22,158.31
2020-12-17,158.35,158.7,157.9
2020-12-18,158.0,158.58,158.6
2020-12-21,158.6,157.8,158.96
2020-12-22,158.95,159.33,159.53
2020-12-23,159.53,160.57,161.69
2020-12-28,161.69,161.97,162.52
2020-12-29,162.79,163.87,164.41
2020-12-30,164.91,164.66,162.32
2021-01-04,162.3,160.92,160.67
2021-01-05,161.0,160.42,159.8
2021-01-06,159.5,159.66,159.86
2021-01-07,159.84,159.79,159.95
2021-01-08,159.94,159.88,159.55
2021-01-11,159.55,159.74,159.8
2021-01-12,160.03,159.96,159.5
2021-01-13,159.92,159.85,159.44
2021-01-14,159.5,160.0,160.02
2021-01-15,159.5,159.96,160.1
2021-01-18,160.33,160.28,159.8
2021-01-19,159.8,158.75,160.0
2021-01-20,160.0,159.92,160.0
2021-01-21,160.0,159.7,159.6
2021-01-22,159.59,158.93,158.71
2021-01-26,158.71,158.88,159.15
2021-01-27,159.15,158.93,158.7
2021-01-28,158.65,159.16,159.43
2021-01-29,159.43,158.77,159.8
2021-02-01,159.8,158.73,158.56
2021-02-02,158.38,159.2,159.79
2021-02-03,159.55,159.33,158.52
2021-02-04,158.54,158.44,157.8
2021-02-05,158.29,158.37,158.5
2021-02-08,158.69,158.46,158.42
2021-02-09,158.27,158.17,158.14
2021-02-10,158.13,158.29,158.39
2021-02-11,158.41,158.96,158.75
2021-02-12,158.8,159.37,159.89
2021-02-17,159.89,159.93,160.01
2021-02-18,159.9,159.38,158.81
2021-02-19,158.8,159.12,159.19
2021-02-22,158.65,157.96,158.15
2021-02-23,158.51,158.55,157.82
2021-02-24,157.82,158.06,158.15
2021-02-25,158.3,158.09,157.9
2021-02-26,157.9,157.95,158.29
2021-03-01,158.28,157.62,157.24
2021-03-02,157.24,156.08,155.75
2021-03-03,155.49,155.4,155.2
2021-03-04,155.2,155.09,154.57
2021-03-05,154.57,154.38,154.0
2021-03-08,154.0,154.17,154.24
2021-03-09,154.37,154.28,153.99
2021-03-10,153.96,152.73,152.6
2021-03-11,152.6,152.6,152.65
2021-03-12,152.5,152.57,152.44
2021-03-15,152.5,152.28,151.75
2021-03-16,151.99,150.87,151.04
2021-03-17,151.04,149.85,149.66
2021-03-18,149.66,147.78,147.48
2021-03-19,147.48,146.34,146.39
2021-03-22,146.38,145.56,145.38
2021-03-23,145.38,145.06,144.0
2021-03-24,144.47,142.98,142.4
2021-03-25,142.56,142.55,142.52
2021-03-26,142.52,143.96,144.46
2021-03-29,144.6,145.42,146.57
2021-03-30,146.57,149.23,150.0
2021-03-31,150.01,152.18,152.73
2021-04-01,152.75,153.59,153.47
2021-04-05,153.5,152.42,151.8
2021-04-06,152.11,150.72,148.5
2021-04-07,148.46,149.15,150.5
2021-04-08,150.5,150.63,150.4
2021-04-09,150.6,149.98,150.18
2021-04-12,150.31,150.36,151.0
2021-04-13,151.0,151.38,150.89
2021-04-14,151.01,151.67,151.5
2021-04-15,151.5,151.44,151.35
2021-04-16,151.37,151.06,150.81
2021-04-19,150.81,150.25,150.09
2021-04-20,150.1,150.12,150.29
2021-04-22,150.52,150.29,150.01
2021-04-23,150.19,150.15,150.3
2021-04-26,150.3,150.94,151.4
2021-04-27,151.35,151.81,151.47
2021-04-28,151.47,151.86,151.77
2021-04-29,151.75,150.4,149.01
2021-04-30,149.2,148.9,149.15
2021-05-03,149.16,148.52,148.4
2021-05-04,148.7,148.85,148.59
2021-05-05,148.59,148.04,147.5
2021-05-06,147.31,147.81,147.84
2021-05-07,147.93,148.34,147.6
2021-05-10,147.76,148.51,148.43
2021-05-11,148.43,149.6,149.99
2021-05-12,150.0,150.98,150.23
2021-05-13,150.38,149.94,149.14
2021-05-14,149.51,149.49,149.01
2021-05-17,149.01,148.34,147.8
2021-05-18,148.01,147.65,147.02
2021-05-19,147.29,145.51,145.1
2021-05-20,145.49,145.11,144.87
2021-05-21,145.37,145.71,145.2
2021-05-24,144.8,144.95,145.48
2021-05-25,145.2,145.64,144.8
2021-05-26,144.99,143.97,142.4
2021-05-27,144.21,142.54,142.02
2021-05-28,142.99,143.08,143.27
2021-05-31,143.18,143.63,143.72
2021-06-01,144.5,142.71,142.26
2021-06-02,142.35,141.94,141.54
2021-06-04,142.0,141.71,141.6
2021-06-07,141.84,141.77,141.5
2021-06-08,141.73,141.22,141.29
2021-06-09,141.29,141.25,141.17
2021-06-10,141.48,141.09,140.9
2021-06-11,140.9,141.62,141.86
2021-06-14,141.5,141.56,141.35
2021-06-15,141.35,141.42,141.53
2021-06-16,141.74,141.4,141.17
2021-06-17,141.17,141.24,141.46
2021-06-18,141.5,141.11,140.57
2021-06-21,141.0,140.28,140.16
2021-06-22,140.62,139.18,138.91
2021-06-23,138.86,137.92,137.1
2021-06-24,137.2,137.06,137.1
2021-06-25,136.51,134.65,133.19
2021-06-28,133.23,131.93,134.79
2021-06-29,136.0,137.46,137.02
2021-06-30,137.25,138.83,138.61
2021-07-01,138.59,138.82,138.9
2021-07-02,139.0,138.89,138.5
2021-07-05,138.5,138.37,137.79
2021-07-06,138.18,137.88,137.85
2021-07-07,138.0,138.48,138.8
2021-07-08,138.68,138.72,139.0
2021-07-12,138.8,139.21,141.0
2021-07-13,141.4,143.09,143.4
2021-07-14,143.53,143.88,142.1
2021-07-15,142.9,143.3,142.35
2021-07-16,142.49,142.65,142.02
2021-07-19,142.0,142.33,142.02
2021-07-20,142.0,141.95,141.99
2021-07-21,142.0,141.77,141.53
2021-07-22,141.5,140.69,140.88
2021-07-23,141.0,141.01,140.1
2021-07-26,140.7,139.84,139.81
2021-07-27,140.0,140.27,140.0
2021-07-28,140.0,139.8,139.75
2021-07-29,139.9,139.74,139.8
2021-07-30,139.78,140.27,140.37
2021-08-02,139.76,139.6,139.29
2021-08-03,139.5,138.68,137.7
2021-08-04,138.4,138.01,137.63
2021-08-05,137.56,135.9,134.9
2021-08-06,135.5,136.19,135.75
2021-08-09,135.04,135.46,135.46
2021-08-10,135.46,134.81,134.6
2021-08-11,134.55,134.17,134.42
2021-08-12,134.41,134.09,135.0
2021-08-13,135.2,134.45,133.5
2021-08-16,134.0,133.45,133.57
2021-08-17,133.55,132.83,132.93
2021-08-18,132.79,132.65,132.97
2021-08-19,132.73,131.75,131.3
2021-08-20,130.95,132.3,133.29
2021-08-23,133.29,137.16,139.24
2021-08-24,139.0,139.74,140.4
2021-08-25,139.36,139.58,139.56
2021-08-26,139.56,141.02,141.2
2021-08-27,140.5,140.08,140.58
2021-08-30,140.58,141.35,141.5
2021-08-31,141.5,142.19,142.17
2021-09-01,141.43,141.17,141.17
2021-09-02,141.0,140.82,141.2
2021-09-03,141.2,141.2,141.23
2021-09-06,140.8,141.12,141.35
2021-09-08,140.73,140.94,141.05
2021-09-09,140.99,141.33,141.3
2021-09-10,140.4,140.3,139.6
2021-09-13,139.26,136.1,134.42
2021-09-14,134.91,136.76,138.6
2021-09-15,138.6,139.99,140.45
2021-09-16,140.45,140.58,141.04
2021-09-17,140.68,145.7,146.15
2021-09-20,145.83,143.0,143.1
2021-09-21,143.23,144.81,146.0
2021-09-22,145.55,145.85,145.88
2021-09-23,145.9,145.32,145.14
2021-09-24,145.5,145.13,145.35
2021-09-27,145.01,147.17,148.15
2021-09-28,147.99,146.55,146.38
2021-09-29,146.38,145.26,145.51
2021-09-30,146.19,146.88,147.0
2021-10-01,146.3,145.39,145.0
2021-10-04,145.0,143.81,144.26
2021-10-05,144.35,143.96,144.2
2021-10-06,144.2,144.49,144.89
2021-10-07,144.5,144.78,144.54
2021-10-08,144.58,144.89,145.0
2021-10-11,145.02,145.78,145.88
2021-10-13,145.56,146.16,145.8
2021-10-14,145.8,144.92,144.99
2021-10-15,145.0,144.64,144.0
2021-10-18,144.0,143.8,143.98
2021-10-19,143.69,143.07,142.35
2021-10-20,142.92,143.04,142.83
2021-10-21,142.6,142.08,141.82
2021-10-22,141.0,140.78,140.9
2021-10-25,140.81,140.5,140.34
2021-10-26,140.34,139.41,138.1
2021-10-27,138.01,137.25,137.4
2021-10-28,137.4,136.63,137.0
2021-10-29,137.0,135.59,135.69
2021-11-01,134.93,135.11,135.45
2021-11-03,135.4,134.09,133.5
2021-11-04,133.42,133.57,133.6
2021-11-05,133.6,133.33,133.16
2021-11-08,133.16,133.19,133.48
2021-11-09,133.48,133.83,135.2
2021-11-10,135.19,134.62,134.5
2021-11-11,134.5,134.23,134.17
2021-11-12,134.1,133.87,133.5
2021-11-16,133.21,133.0,133.4
2021-11-17,133.05,132.6,133.12
2021-11-18,133.12,132.97,133.0
2021-11-19,132.46,133.19,133.5
2021-11-22,133.5,133.87,134.0
2021-11-23,133.6,133.04,132.95
2021-11-24,132.95,131.03,130.66
2021-11-25,131.0,130.08,129.47
2021-11-26,129.47,128.46,128.28
2021-11-29,129.0,127.98,127.65
2021-11-30,127.63,127.35,127.62
2021-12-01,126.9,128.41,128.2
2021-12-02,128.18,128.36,128.5
2021-12-03,128.55,129.1,129.24
2021-12-06,129.24,130.52,130.8
2021-12-07,131.6,131.68,132.0
2021-12-08,131.0,131.41,130.78
2021-12-09,130.78,131.46,130.2
2021-12-10,130.2,131.44,131.7
2021-12-13,131.7,132.94,133.59
2021-12-14,133.5,132.88,132.98
2021-12-15,132.98,132.55,132.65
2021-12-16,132.65,132.45,132.01
2021-12-17,132.03,133.28,133.43
2021-12-20,133.43,133.01,132.98
2021-12-21,132.98,132.53,133.0
2021-12-22,132.99,132.97,132.9
2021-12-23,133.44,133.39,133.52
2021-12-27,133.52,134.52,134.75
2021-12-28,134.1,137.32,139.35
2021-12-29,138.5,140.83,141.27
2021-12-30,141.27,141.96,141.89
2022-01-03,141.25,138.98,136.9
2022-01-04,136.9,137.75,134.07
2022-01-05,134.55,135.6,134.2
2022-01-06,134.74,134.58,133.91
2022-01-07,134.75,134.13,133.53
2022-01-10,133.55,135.47,134.48
2022-01-11,135.01,134.99,134.42
2022-01-12,134.18,133.96,133.73
2022-01-13,133.73,133.99,133.68
2022-01-14,133.68,134.89,134.64
2022-01-17,134.75,135.92,136.15
2022-01-18,135.8,136.01,136.2
2022-01-19,136.47,136.35,136.52
2022-01-20,136.42,136.61,136.72
2022-01-21,136.72,136.71,136.71
2022-01-24,136.8,136.23,135.01
2022-01-25,135.6,134.13,134.0
2022-01-26,133.55,133.2,132.99
2022-01-27,132.74,132.75,132.88
2022-01-28,132.64,132.03,132.43
2022-01-31,132.5,133.24,133.5
2022-02-01,132.68,132.53,131.22
2022-02-02,131.77,131.93,132.11
2022-02-03,132.1,132.35,132.77
2022-02-04,132.77,132.97,133.94
2022-02-07,133.94,134.69,135.25
2022-02-08,135.25,135.89,135.61
2022-02-09,135.61,134.91,134.5
2022-02-10,134.75,134.84,134.68
2022-02-11,134.75,135.04,134.7
2022-02-14,134.69,135.09,135.2
2022-02-15,135.97,135.25,134.97
2022-02-16,134.97,134.91,134.74
2022-02-17,134.74,134.44,134.1
2022-02-18,134.0,133.99,134.0
2022-02-21,134.0,133.86,132.75
2022-02-22,132.75,132.47,132.27
2022-02-23,132.27,132.27,132.17
2022-02-24,132.0,130.81,130.0
2022-02-25,130.05,132.17,132.85
2022-03-02,132.85,132.39,131.76
2022-03-03,131.3,131.55,131.23
2022-03-04,131.33,131.74,131.97
2022-03-07,131.97,131.8,131.25
2022-03-08,131.25,130.73,130.6
2022-03-09,130.6,130.29,130.3
2022-03-10,130.3,130.37,130.1
2022-03-11,130.5,130.7,130.8
2022-03-14,130.77,130.47,130.5
2022-03-15,130.5,130.37,130.6
2022-03-16,130.6,130.62,130.5
2022-03-17,130.5,130.34,130.0
2022-03-18,130.0,134.9,143.0
2022-03-21,134.67,135.21,135.45
2022-03-22,135.26,135.59,135.96
2022-03-23,135.98,135.99,136.27
2022-03-24,136.0,136.46,136.27
2022-03-25,136.06,136.44,136.46
2022-03-28,136.28,136.35,136.6
2022-03-29,136.6,136.71,137.0
2022-03-30,137.0,137.32,137.29
2022-03-31,137.98,137.38,137.2
2022-04-01,137.21,137.27,137.62
2022-04-04,137.62,137.85,137.89
2022-04-05,137.49,137.68,137.01
2022-04-06,137.05,136.71,135.45
2022-04-07,135.45,135.53,135.5
2022-04-08,135.51,135.26,135.51
2022-04-11,135.75,135.73,134.7
2022-04-12,135.01,135.49,135.33
2022-04-13,135.33,136.17,136.24
2022-04-14,136.24,136.79,137.46
2022-04-18,137.46,137.75,137.2
2022-04-19,137.15,136.66,136.77
2022-04-20,136.79,136.53,136.12
2022-04-22,136.14,136.85,136.49
2022-04-25,136.3,136.54,136.74
2022-04-26,136.5,136.58,136.4
2022-04-27,136.4,136.65,136.85
2022-04-28,136.65,136.32,135.6
2022-04-29,135.6,136.7,136.9
2022-05-02,136.5,135.38,133.7
2022-05-03,134.0,133.95,133.0
2022-05-04,133.1,133.19,133.5
2022-05-05,133.44,133.54,134.04
2022-05-06,134.0,133.99,132.8
2022-05-09,132.8,132.55,132.5
2022-05-10,132.5,131.76,131.84
2022-05-11,131.84,131.92,131.8
2022-05-12,131.8,131.11,130.52
2022-05-13,130.52,131.3,131.35
2022-05-16,131.35,131.44,131.03
2022-05-17,131.03,131.12,131.04
2022-05-18,130.95,131.43,131.21
2022-05-19,131.0,131.22,131.38
2022-05-20,131.38,131.19,130.76
2022-05-23,131.0,131.31,132.0
2022-05-24,132.0,132.47,132.18
2022-05-25,132.18,132.13,132.0
2022-05-26,132.49,132.28,131.7
2022-05-27,131.7,132.05,131.53
2022-05-30,131.53,132.23,132.42
2022-05-31,132.43,132.56,132.6
2022-06-01,131.65,132.2,132.2
2022-06-02,132.11,132.12,132.0
2022-06-03,132.11,132.18,132.44
2022-06-06,132.4,132.74,133.5
2022-06-07,133.01,133.24,132.8
2022-06-08,132.9,133.08,133.2
2022-06-09,133.0,132.63,132.28
2022-06-10,132.28,132.36,132.93
2022-06-13,132.93,131.95,131.75
2022-06-14,131.75,131.86,131.08
2022-06-15,131.51,131.43,131.64
2022-06-17,131.7,131.25,132.0
2022-06-20,132.0,131.45,131.11
2022-06-21,131.15,131.04,131.06
2022-06-22,131.05,131.2,131.12
2022-06-23,131.12,130.99,131.15
2022-06-24,131.15,130.9,131.0
2022-06-27,131.15,131.13,131.12
2022-06-28,131.0,131.08,131.09
2022-06-29,131.1,131.0,131.0
2022-06-30,131.0,131.2,131.48
2022-07-01,130.63,130.53,130.63
2022-07-04,130.63,130.91,130.96
2022-07-05,131.0,130.39,130.15
2022-07-06,130.15,130.34,130.24
2022-07-07,130.2,130.24,130.57
2022-07-08,130.65,130.55,130.3
2022-07-11,130.5,130.26,130.0
2022-07-12,130.02,130.13,129.9
2022-07-13,130.2,130.19,130.38
2022-07-14,130.38,130.51,130.53
2022-07-15,130.54,131.77,132.4
2022-07-18,132.4,133.16,132.75
2022-07-19,132.88,133.15,133.1
2022-07-20,133.1,133.59,133.61
2022-07-21,133.62,133.63,133.16
2022-07-22,133.4,133.09,133.09
2022-07-25,133.09,133.57,134.0
2022-07-26,134.0,134.33,134.38
2022-07-27,134.38,134.32,134.35
2022-07-28,134.35,134.81,136.0
2022-07-29,136.0,136.33,136.6
2022-08-01,136.24,138.05,138.99
2022-08-02,139.5,139.12,138.86
2022-08-03,138.86,139.14,138.5
2022-08-04,138.91,138.54,138.44
2022-08-05,138.44,139.07,139.0
2022-08-08,139.05,139.25,139.27
2022-08-09,139.4,140.31,141.37
2022-08-10,141.66,142.99,143.0
2022-08-11,143.0,145.98,146.89
2022-08-12,147.3,147.58,147.55
2022-08-15,147.39,148.04,149.68
2022-08-16,149.56,148.62,148.48
2022-08-17,148.48,148.51,148.45
2022-08-18,148.45,149.1,148.38
2022-08-19,148.51,148.62,148.35
2022-08-22,148.62,148.44,148.6
2022-08-23,148.59,148.4,148.3
2022-08-24,148.3,148.5,148.49
2022-08-25,148.49,149.51,150.96
2022-08-26,151.25,151.94,152.34
2022-08-29,152.4,153.6,153.18
2022-08-30,153.78,153.66,153.7
2022-08-31,153.7,153.99,153.92
2022-09-01,153.79,152.83,152.59
2022-09-02,153.01,152.67,151.84
2022-09-05,152.28,152.54,152.9
2022-09-06,152.83,152.51,151.6
2022-09-08,151.73,151.7,151.88
2022-09-09,151.88,152.56,152.4
2022-09-12,152.5,151.88,152.01
2022-09-13,152.01,151.48,151.36
2022-09-14,151.38,150.9,150.62
2022-09-15,150.85,150.65,148.91
2022-09-16,149.52,151.98,154.75
2022-09-19,153.25,153.54,153.6
2022-09-20,153.6,153.56,153.99
2022-09-21,153.99,153.15,153.19
2022-09-22,153.19,152.24,152.25
2022-09-23,152.26,152.28,152.34
2022-09-26,152.34,151.85,151.61
2022-09-27,151.61,151.8,151.75
2022-09-28,151.81,151.87,151.38
2022-09-29,151.38,151.88,151.69
2022-09-30,151.5,151.89,152.8
2022-10-03,151.88,151.57,151.05
2022-10-04,151.05,149.43,148.9
2022-10-05,148.8,149.39,149.62
2022-10-06,149.64,151.24,152.55
2022-10-07,152.56,151.43,151.45
2022-10-10,151.44,152.29,152.77
2022-10-11,152.77,152.75,152.34
2022-10-13,152.34,151.95,151.65
2022-10-14,151.64,151.66,152.12
2022-10-17,152.1,151.51,150.69
2022-10-18,150.8,150.44,150.45
2022-10-19,150.45,151.15,151.31
2022-10-20,151.31,151.16,151.2
2022-10-21,151.9,150.85,150.71
2022-10-24,151.39,149.91,149.25
2022-10-25,149.26,149.3,149.34
2022-10-26,149.41,149.08,149.21
2022-10-27,149.19,149.01,148.85
2022-10-28,149.02,149.14,149.22
2022-10-31,149.2,148.09,147.8
2022-11-01,147.15,146.08,145.4
2022-11-03,145.4,145.53,144.8
2022-11-04,144.5,144.15,144.51
2022-11-07,143.8,144.34,143.9
2022-11-08,143.8,144.17,144.17
2022-11-09,144.17,143.72,142.9
2022-11-10,142.9,141.87,140.08
2022-11-11,140.0,139.87,139.68
2022-11-14,139.68,140.1,140.19
2022-11-16,140.19,140.85,139.7
2022-11-17,139.7,138.52,136.6
2022-11-18,136.6,139.19,140.34
2022-11-21,140.3,139.56,139.78
2022-11-22,139.78,139.51,139.46
2022-11-23,139.46,138.48,137.65
2022-11-24,137.01,136.89,135.87
2022-11-25,135.88,135.98,135.94
2022-11-28,136.0,137.31,140.0
2022-11-29,140.0,140.66,141.75
2022-11-30,141.75,143.81,144.37
2022-12-01,144.2,143.14,142.1
2022-12-02,142.19,143.62,144.0
2022-12-05,144.0,143.54,143.5
2022-12-06,143.5,142.95,141.0
2022-12-07,142.99,141.85,140.0
2022-12-08,140.15,139.98,139.52
2022-12-09,139.52,139.6,139.18
2022-12-12,139.18,139.03,138.75
2022-12-13,139.0,138.67,137.81
2022-12-14,137.81,136.94,136.46
2022-12-15,136.45,136.59,136.6
2022-12-16,135.8,136.61,135.76
2022-12-19,135.76,136.21,136.5
2022-12-20,135.0,137.13,137.86
2022-12-21,137.86,139.56,139.75
2022-12-22,139.75,140.02,140.73
2022-12-23,140.73,140.68,140.94
2022-12-26,140.94,139.2,138.6
2022-12-27,139.2,138.55,137.8
2022-12-28,137.9,139.5,140.98
2022-12-29,140.98,140.54,140.2
2023-01-02,139.2,140.26,139.81
