data,preco
2011-03-02,104.4
2011-03-21,104.4
2011-03-28,104.4
2011-03-31,104.4
2011-04-05,104.4
2011-04-06,104.4
2011-04-07,104.4
2011-04-08,104.4
2011-04-18,104.4
2011-04-19,104.4
2011-04-20,104.4
2011-04-25,104.4
2011-04-26,104.4
2011-04-27,104.4
2011-05-02,104.0
2011-05-06,104.0
2011-05-12,104.0
2011-05-13,104.0
2011-05-16,104.0
2011-05-17,104.0
2011-05-19,104.0
2011-05-20,104.0
2011-05-23,103.99
2011-05-24,104.0
2011-05-25,104.05
2011-05-26,104.3
2011-05-30,104.3
2011-05-31,104.3
2011-06-01,104.5
2011-06-02,104.5
2011-06-03,104.0
2011-06-13,104.6
2011-06-14,104.8
2011-06-15,106.0
2011-06-17,106.0
2011-06-20,107.0
2011-06-21,106.5
2011-06-22,106.1
2011-06-27,107.5
2011-06-30,106.3
2011-07-08,108.0
2011-07-11,108.0
2011-07-12,108.0
2011-07-13,108.5
2011-07-14,108.5
2011-07-15,109.0
2011-07-18,109.0
2011-07-19,109.0
2011-07-21,109.0
2011-08-02,109.1
2011-08-03,110.0
2011-08-04,109.5
2011-08-08,109.9
2011-08-12,112.0
2011-08-16,111.0
2011-08-17,112.0
2011-08-19,115.0
2011-08-24,115.0
2011-08-26,115.0
2011-08-31,118.0
2011-09-01,118.0
2011-09-02,118.0
2011-09-05,117.0
2011-09-13,117.0
2011-09-30,112.5
2011-10-03,112.6
2011-10-19,112.0
2011-10-20,112.0
2011-10-24,109.0
2011-10-25,109.0
2011-10-26,109.0
2011-10-27,108.0
2011-10-28,108.0
2011-10-31,108.0
2011-11-01,108.0
2011-11-03,108.0
2011-11-04,109.0
2011-11-07,117.0
2011-11-09,116.0
2011-11-11,116.0
2011-11-16,115.0
2011-11-17,111.0
2011-11-18,111.0
2011-11-21,110.0
2011-11-22,110.0
2011-11-23,110.0
2011-11-24,110.0
2011-11-25,110.0
2011-11-28,111.0
2011-11-29,110.5
2011-11-30,111.0
2011-12-01,110.0
2011-12-02,112.0
2011-12-05,112.0
2011-12-07,112.0
2011-12-08,112.0
2011-12-12,112.0
2011-12-13,112.1
2011-12-15,112.5
2011-12-16,111.5
2011-12-19,112.5
2011-12-20,113.0
2011-12-21,112.0
2011-12-22,112.8
2011-12-26,112.5
2011-12-27,117.0
2012-01-05,116.0
2012-01-10,116.0
2012-01-11,116.0
2012-01-12,116.0
2012-01-13,116.0
2012-01-16,115.5
2012-01-17,116.0
2012-01-18,115.0
2012-01-19,115.5
2012-01-20,120.0
2012-01-23,118.0
2012-01-24,118.0
2012-01-26,120.0
2012-01-27,120.0
2012-01-30,118.0
2012-01-31,119.0
2012-02-01,119.0
2012-02-02,119.5
2012-02-06,121.9
2012-02-08,118.0
2012-02-09,122.0
2012-02-10,122.0
2012-02-14,120.0
2012-02-15,116.6
2012-02-22,121.5
2012-02-23,121.5
2012-02-24,122.0
2012-02-27,123.0
2012-02-29,123.0
2012-03-02,121.5
2012-03-05,122.0
2012-03-06,124.0
2012-03-07,124.0
2012-03-08,129.0
2012-03-09,129.0
2012-03-12,129.0
2012-03-13,129.0
2012-03-14,129.0
2012-03-15,127.0
2012-03-16,127.0
2012-03-19,126.0
2012-03-20,125.0
2012-03-21,125.0
2012-03-22,122.0
2012-03-26,120.0
2012-03-27,120.0
2012-03-28,120.0
2012-03-29,125.0
2012-03-30,125.0
2012-04-03,124.0
2012-04-04,123.5
2012-04-05,123.6
2012-04-09,128.0
2012-04-11,125.0
2012-04-13,125.5
2012-04-16,128.0
2012-04-17,127.5
2012-04-18,128.0
2012-04-20,125.0
2012-04-23,126.0
2012-04-24,127.0
2012-04-25,127.5
2012-04-26,128.0
2012-04-27,128.0
2012-05-02,127.0
2012-05-03,126.0
2012-05-07,125.0
2012-05-08,125.0
2012-05-09,127.5
2012-05-11,127.5
2012-05-14,126.0
2012-05-15,126.5
2012-05-16,126.5
2012-05-17,127.0
2012-05-18,127.0
2012-05-21,127.0
2012-05-22,126.0
2012-05-23,126.0
2012-05-24,126.0
2012-05-25,125.8
2012-05-28,123.5
2012-05-29,126.0
2012-05-30,126.0
2012-05-31,126.5
2012-06-01,127.0
2012-06-04,130.0
2012-06-05,128.0
2012-06-06,129.0
2012-06-08,130.0
2012-06-11,129.5
2012-06-12,130.0
2012-06-13,130.0
2012-06-14,129.5
2012-06-15,130.0
2012-06-18,130.0
2012-06-19,130.0
2012-06-20,130.0
2012-06-21,130.0
2012-06-22,130.0
2012-06-25,129.5
2012-06-26,130.0
2012-06-27,130.0
2012-07-02,130.0
2012-07-04,135.0
2012-07-05,131.5
2012-07-06,134.0
2012-07-10,133.7
2012-07-11,134.0
2012-07-12,134.0
2012-07-13,134.0
2012-07-16,135.0
2012-07-17,135.0
2012-07-18,135.0
2012-07-23,134.0
2012-07-24,133.0
2012-07-25,134.5
2012-07-26,134.5
2012-07-27,134.5
2012-07-30,132.5
2012-07-31,132.5
2012-08-01,132.0
2012-08-02,132.0
2012-08-03,131.6
2012-08-06,131.5
2012-08-07,130.0
2012-08-08,131.49
2012-08-09,131.0
2012-08-10,131.49
2012-08-13,131.4
2012-08-14,131.0
2012-08-15,131.5
2012-08-16,130.1
2012-08-17,130.0
2012-08-20,130.9
2012-08-22,130.9
2012-08-24,129.8
2012-08-27,129.7
2012-08-28,129.7
2012-08-29,130.0
2012-08-30,130.0
2012-08-31,129.9
2012-09-03,130.0
2012-09-04,129.0
2012-09-05,128.9
2012-09-06,128.0
2012-09-10,129.8
2012-09-11,130.0
2012-09-13,129.9
2012-09-14,130.0
2012-09-17,129.0
2012-09-18,129.8
2012-09-19,129.5
2012-09-21,129.5
2012-09-24,129.1
2012-09-25,130.0
2012-09-26,128.0
2012-09-27,128.0
2012-09-28,129.0
2012-10-01,125.1
2012-10-02,125.0
2012-10-03,126.0
2012-10-04,127.0
2012-10-05,124.0
2012-10-08,127.0
2012-10-10,128.5
2012-10-11,130.0
2012-10-17,130.0
2012-10-18,130.0
2012-10-19,130.0
2012-10-23,129.9
2012-10-24,129.5
2012-10-26,125.6
2012-10-31,127.0
2012-11-01,129.9
2012-11-05,125.0
2012-11-06,125.0
2012-11-07,125.0
2012-11-08,125.0
2012-11-12,120.0
2012-11-13,120.0
2012-11-14,120.0
2012-11-16,120.0
2012-11-21,120.0
2012-11-22,120.0
2012-11-23,125.0
2012-11-26,120.0
2012-11-27,120.0
2012-11-28,121.0
2012-11-29,122.5
2012-11-30,128.5
2012-12-03,128.5
2012-12-04,128.0
2012-12-05,128.0
2012-12-06,127.0
2012-12-07,129.0
2012-12-10,129.0
2012-12-11,128.0
2012-12-12,127.0
2012-12-13,126.9
2012-12-14,125.0
2012-12-17,125.0
2012-12-19,125.0
2012-12-20,125.0
2012-12-21,128.5
2012-12-26,128.0
2012-12-27,128.0
2012-12-28,129.0
2013-01-02,128.0
2013-01-03,128.0
2013-01-04,129.8
2013-01-07,129.0
2013-01-08,129.8
2013-01-09,129.8
2013-01-10,129.5
2013-01-11,129.5
2013-01-14,129.0
2013-01-15,130.0
2013-01-16,129.0
2013-01-17,131.0
2013-01-18,131.0
2013-01-21,131.0
2013-01-22,131.0
2013-01-23,130.5
2013-01-24,130.0
2013-01-28,129.0
2013-01-29,130.0
2013-01-30,129.8
2013-01-31,129.8
2013-02-01,129.0
2013-02-04,128.5
2013-02-05,128.5
2013-02-06,129.5
2013-02-07,129.0
2013-02-08,129.0
2013-02-13,129.0
2013-02-14,129.4
2013-02-15,129.4
2013-02-18,129.0
2013-02-19,129.0
2013-02-20,129.0
2013-02-21,129.0
2013-02-22,129.0
2013-02-25,129.0
2013-02-26,128.9
2013-02-27,126.0
2013-02-28,126.0
2013-03-01,127.8
2013-03-04,126.0
2013-03-05,126.0
2013-03-06,126.0
2013-03-07,126.9
2013-03-08,126.9
2013-03-11,126.0
2013-03-12,126.5
2013-03-13,126.5
2013-03-14,126.5
2013-03-15,126.5
2013-03-18,127.9
2013-03-19,128.7
2013-03-20,128.7
2013-03-21,128.7
2013-03-22,128.7
2013-03-25,126.0
2013-03-26,126.0
2013-03-27,128.7
2013-03-28,129.4
2013-04-01,129.0
2013-04-02,129.0
2013-04-03,131.0
2013-04-04,131.0
2013-04-05,131.0
2013-04-08,129.0
2013-04-09,128.9
2013-04-10,129.0
2013-04-11,128.3
2013-04-12,128.2
2013-04-15,129.0
2013-04-16,126.8
2013-04-17,127.0
2013-04-18,128.0
2013-04-19,128.0
2013-04-22,128.0
2013-04-23,128.0
2013-04-24,127.0
2013-04-25,131.0
2013-04-29,132.0
2013-04-30,131.9
2013-05-02,133.3
2013-05-03,132.1
2013-05-06,129.0
2013-05-07,127.1
2013-05-08,129.65
2013-05-10,129.0
2013-05-13,126.5
2013-05-14,127.5
2013-05-15,127.6
2013-05-16,130.0
2013-05-17,129.0
2013-05-20,129.8
2013-05-21,129.0
2013-05-22,129.5
2013-05-23,128.4
2013-05-24,128.0
2013-05-27,128.5
2013-05-28,128.6
2013-05-29,129.2
2013-05-31,128.5
2013-06-03,128.0
2013-06-04,130.0
2013-06-05,128.0
2013-06-06,124.4
2013-06-07,127.5
2013-06-10,124.3
2013-06-11,124.0
2013-06-12,124.0
2013-06-13,124.5
2013-06-14,124.5
2013-06-17,123.0
2013-06-18,120.3
2013-06-19,120.3
2013-06-20,117.0
2013-06-21,117.5
2013-06-24,112.9
2013-06-25,117.5
2013-06-26,119.0
2013-06-27,118.0
2013-06-28,119.9
2013-07-01,115.0
2013-07-02,116.0
2013-07-03,119.3
2013-07-04,114.0
2013-07-05,114.1
2013-07-08,114.0
2013-07-10,114.0
2013-07-11,114.0
2013-07-12,113.5
2013-07-15,113.5
2013-07-16,113.95
2013-07-17,113.6
2013-07-18,113.05
2013-07-19,113.7
2013-07-22,114.0
2013-07-23,117.0
2013-07-24,116.1
2013-07-25,118.8
2013-07-26,118.9
2013-07-29,118.5
2013-07-30,118.5
2013-07-31,116.0
2013-08-01,117.2
2013-08-02,116.2
2013-08-05,118.8
2013-08-06,118.0
2013-08-07,116.75
2013-08-08,118.5
2013-08-09,118.5
2013-08-12,117.95
2013-08-13,118.6
2013-08-14,118.5
2013-08-15,119.0
2013-08-16,117.6
2013-08-19,118.0
2013-08-20,117.5
2013-08-21,115.51
2013-08-22,115.5
2013-08-23,114.5
2013-08-26,114.5
2013-08-27,113.0
2013-08-28,113.9
2013-08-29,113.0
2013-08-30,113.0
2013-09-02,112.5
2013-09-03,112.0
2013-09-04,111.9
2013-09-05,112.3
2013-09-06,112.0
2013-09-09,111.5
2013-09-10,110.0
2013-09-11,111.0
2013-09-12,109.5
2013-09-13,109.5
2013-09-16,110.0
2013-09-17,110.0
2013-09-18,109.0
2013-09-19,109.9
2013-09-20,110.0
2013-09-23,110.0
2013-09-24,110.0
2013-09-25,110.0
2013-09-26,112.5
2013-09-27,113.5
2013-09-30,113.5
2013-10-01,115.0
2013-10-02,115.0
2013-10-03,115.0
2013-10-04,115.0
2013-10-07,114.6
2013-10-08,114.2
2013-10-09,115.0
2013-10-10,114.0
2013-10-11,116.0
2013-10-14,116.0
2013-10-15,116.8
2013-10-16,116.8
2013-10-17,116.0
2013-10-18,115.9
2013-10-21,116.0
2013-10-22,116.0
2013-10-23,116.1
2013-10-24,116.9
2013-10-25,118.0
2013-10-28,116.0
2013-10-29,118.0
2013-10-30,117.6
2013-10-31,118.0
2013-11-01,117.0
2013-11-04,117.5
2013-11-05,117.0
2013-11-06,116.7
2013-11-07,116.5
2013-11-08,116.5
2013-11-11,114.0
2013-11-12,114.0
2013-11-13,114.5
2013-11-14,112.9
2013-11-18,113.0
2013-11-19,112.9
2013-11-21,112.9
2013-11-22,112.9
2013-11-25,111.0
2013-11-26,110.0
2013-11-27,109.0
2013-11-28,108.0
2013-11-29,108.5
2013-12-02,110.0
2013-12-03,109.9
2013-12-04,108.0
2013-12-05,108.05
2013-12-06,106.5
2013-12-09,105.9
2013-12-10,105.1
2013-12-11,105.5
2013-12-12,104.4
2013-12-13,106.5
2013-12-16,105.0
2013-12-17,106.5
2013-12-18,104.5
2013-12-19,105.7
2013-12-20,108.0
2013-12-23,107.0
2013-12-26,105.5
2013-12-27,108.0
2013-12-30,108.0
2014-01-02,113.79
2014-01-03,109.0
2014-01-06,111.0
2014-01-07,110.0
2014-01-08,107.07
2014-01-09,108.0
2014-01-10,107.8
2014-01-13,109.99
2014-01-14,107.0
2014-01-15,107.9
2014-01-16,104.4
2014-01-17,105.5
2014-01-20,106.99
2014-01-21,106.0
2014-01-22,105.2
2014-01-23,106.01
2014-01-24,106.0
2014-01-27,106.5
2014-01-28,104.0
2014-01-29,103.9
2014-01-30,103.0
2014-01-31,103.9
2014-02-03,103.3
2014-02-04,100.0
2014-02-05,99.8
2014-02-06,99.0
2014-02-07,96.8
2014-02-10,96.0
2014-02-11,97.79
2014-02-12,97.79
2014-02-13,98.0
2014-02-14,97.8
2014-02-17,98.9
2014-02-18,98.9
2014-02-19,98.7
2014-02-20,98.8
2014-02-21,105.0
2014-02-24,103.0
2014-02-25,101.0
2014-02-26,104.7
2014-02-27,107.5
2014-02-28,108.95
2014-03-05,110.0
2014-03-06,112.0
2014-03-07,110.5
2014-03-10,110.0
2014-03-11,112.5
2014-03-12,112.5
2014-03-13,114.0
2014-03-14,113.0
2014-03-17,113.5
2014-03-18,114.0
2014-03-19,114.6
2014-03-20,114.8
2014-03-21,114.9
2014-03-24,112.6
2014-03-25,114.0
2014-03-26,112.5
2014-03-27,113.0
2014-03-28,112.7
2014-03-31,112.6
2014-04-01,112.7
2014-04-02,112.0
2014-04-03,111.8
2014-04-04,111.8
2014-04-07,111.79
2014-04-08,111.7
2014-04-09,111.5
2014-04-10,111.5
2014-04-11,112.2
2014-04-14,112.5
2014-04-15,112.5
2014-04-16,111.5
2014-04-17,111.9
2014-04-22,111.5
2014-04-23,111.2
2014-04-24,110.0
2014-04-25,111.0
2014-04-28,111.0
2014-04-29,111.0
2014-04-30,111.9
2014-05-02,111.4
2014-05-05,110.91
2014-05-06,110.68
2014-05-07,111.0
2014-05-08,111.0
2014-05-09,110.86
2014-05-12,111.0
2014-05-13,111.2
2014-05-14,111.4
2014-05-15,111.4
2014-05-16,111.3
2014-05-19,111.0
2014-05-20,111.0
2014-05-21,111.0
2014-05-22,111.0
2014-05-23,111.0
2014-05-26,111.4
2014-05-27,112.0
2014-05-28,113.0
2014-05-29,112.94
2014-05-30,113.3
2014-06-02,111.0
2014-06-03,111.0
2014-06-04,111.0
2014-06-05,111.0
2014-06-06,110.8
2014-06-09,110.8
2014-06-10,110.11
2014-06-11,108.6
2014-06-13,108.8
2014-06-16,109.5
2014-06-17,110.0
2014-06-18,109.3
2014-06-20,107.3
2014-06-23,109.0
2014-06-24,109.68
2014-06-25,110.0
2014-06-26,109.5
2014-06-27,110.0
2014-06-30,109.8
2014-07-01,108.01
2014-07-02,107.8
2014-07-03,108.0
2014-07-04,108.0
2014-07-07,108.0
2014-07-08,108.0
2014-07-10,108.0
2014-07-11,108.0
2014-07-14,108.0
2014-07-15,108.2
2014-07-16,109.8
2014-07-17,110.0
2014-07-18,109.5
2014-07-21,109.5
2014-07-22,110.0
2014-07-23,110.2
2014-07-24,113.0
2014-07-25,115.8
2014-07-28,115.0
2014-07-29,116.0
2014-07-30,115.8
2014-07-31,115.99
2014-08-01,113.5
2014-08-04,114.0
2014-08-05,113.9
2014-08-06,112.2
2014-08-07,112.51
2014-08-08,111.0
2014-08-11,113.89
2014-08-12,113.8
2014-08-13,113.89
2014-08-14,110.1
2014-08-15,110.0
2014-08-18,111.0
2014-08-19,111.11
2014-08-20,111.8
2014-08-21,110.0
2014-08-22,110.1
2014-08-25,111.75
2014-08-26,110.11
2014-08-27,111.8
2014-08-28,111.5
2014-08-29,113.5
2014-09-01,113.0
2014-09-02,113.0
2014-09-03,112.7
2014-09-04,113.0
2014-09-05,112.95
2014-09-08,112.0
2014-09-09,112.4
2014-09-10,112.7
2014-09-11,112.7
2014-09-12,112.7
2014-09-15,112.72
2014-09-16,112.72
2014-09-17,112.78
2014-09-18,112.75
2014-09-19,113.0
2014-09-22,113.0
2014-09-23,113.0
2014-09-24,113.0
2014-09-25,113.0
2014-09-26,112.8
2014-09-29,112.85
2014-09-30,113.0
2014-10-01,112.85
2014-10-02,114.9
2014-10-03,113.9
2014-10-06,112.5
2014-10-07,111.5
2014-10-08,112.5
2014-10-09,112.6
2014-10-10,112.89
2014-10-13,113.0
2014-10-14,113.0
2014-10-15,112.0
2014-10-16,111.0
2014-10-20,111.2
2014-10-21,110.3
2014-10-22,109.8
2014-10-23,108.0
2014-10-24,109.5
2014-10-27,108.15
2014-10-28,109.0
2014-10-29,110.3
2014-10-30,107.5
2014-10-31,108.0
2014-11-03,109.0
2014-11-04,109.0
2014-11-05,109.0
2014-11-06,109.0
2014-11-07,109.0
2014-11-10,109.0
2014-11-11,108.9
2014-11-12,109.0
2014-11-13,107.5
2014-11-14,107.0
2014-11-17,106.6
2014-11-18,105.47
2014-11-19,105.6
2014-11-21,107.0
2014-11-24,106.2
2014-11-25,106.5
2014-11-26,105.0
2014-11-27,105.0
2014-11-28,105.0
2014-12-01,104.8
2014-12-02,101.5
2014-12-03,101.0
2014-12-04,101.7
2014-12-05,101.5
2014-12-08,103.7
2014-12-09,105.99
2014-12-10,104.5
2014-12-11,105.5
2014-12-12,103.5
2014-12-15,103.55
2014-12-16,104.5
2014-12-17,104.75
2014-12-18,103.7
2014-12-19,104.9
2014-12-22,105.0
2014-12-23,105.8
2014-12-26,106.0
2014-12-29,109.45
2014-12-30,109.1
2015-01-02,109.1
2015-01-05,111.0
2015-01-06,110.0
2015-01-07,109.0
2015-01-08,108.5
2015-01-09,110.0
2015-01-12,109.0
2015-01-13,109.5
2015-01-14,109.6
2015-01-15,109.6
2015-01-16,109.65
2015-01-19,109.6
2015-01-20,109.0
2015-01-21,108.52
2015-01-22,109.0
2015-01-23,109.0
2015-01-26,108.5
2015-01-27,108.1
2015-01-28,108.0
2015-01-29,107.0
2015-01-30,107.0
2015-02-02,105.0
2015-02-03,104.46
2015-02-04,102.5
2015-02-05,102.0
2015-02-06,103.7
2015-02-09,103.5
2015-02-10,103.5
2015-02-11,103.5
2015-02-12,104.0
2015-02-13,104.0
2015-02-18,104.0
2015-02-19,104.0
2015-02-20,103.5
2015-02-23,102.6
2015-02-24,103.5
2015-02-25,103.0
2015-02-26,103.0
2015-02-27,102.9
2015-03-02,102.0
2015-03-03,102.0
2015-03-04,102.01
2015-03-05,102.0
2015-03-06,102.0
2015-03-09,101.9
2015-03-10,101.0
2015-03-11,101.0
2015-03-12,100.99
2015-03-13,99.2
2015-03-16,97.7
2015-03-17,97.0
2015-03-18,100.4
2015-03-19,100.8
2015-03-20,100.2
2015-03-23,100.75
2015-03-24,99.6
2015-03-25,99.6
2015-03-26,100.0
2015-03-27,100.8
2015-03-30,100.79
2015-03-31,101.6
2015-04-01,102.0
2015-04-02,101.0
2015-04-06,100.99
2015-04-07,101.5
2015-04-08,101.51
2015-04-09,101.1
2015-04-10,101.9
2015-04-13,102.0
2015-04-14,102.0
2015-04-15,104.9
2015-04-16,106.0
2015-04-17,106.0
2015-04-20,106.5
2015-04-22,106.95
2015-04-23,107.0
2015-04-24,107.0
2015-04-27,110.0
2015-04-28,110.9
2015-04-29,110.0
2015-04-30,113.8
2015-05-04,111.5
2015-05-05,110.1
2015-05-06,111.0
2015-05-07,112.0
2015-05-08,111.18
2015-05-11,112.0
2015-05-12,111.3
2015-05-13,110.0
2015-05-14,110.0
2015-05-15,109.1
2015-05-18,110.0
2015-05-19,109.5
2015-05-20,111.1
2015-05-21,111.95
2015-05-22,112.0
2015-05-25,111.8
2015-05-26,111.1
2015-05-27,112.0
2015-05-28,112.99
2015-05-29,113.1
2015-06-01,112.0
2015-06-02,111.5
2015-06-03,112.58
2015-06-05,112.2
2015-06-08,112.4
2015-06-09,111.5
2015-06-10,110.9
2015-06-11,111.3
2015-06-12,110.08
2015-06-15,111.0
2015-06-16,111.1
2015-06-17,110.9
2015-06-18,111.4
2015-06-19,111.4
2015-06-22,111.18
2015-06-23,111.1
2015-06-24,111.2
2015-06-25,111.0
2015-06-26,111.2
2015-06-29,114.5
2015-06-30,113.0
2015-07-01,111.5
2015-07-02,112.0
2015-07-03,111.8
2015-07-06,112.43
2015-07-07,112.1
2015-07-08,113.0
2015-07-10,113.0
2015-07-13,113.0
2015-07-14,112.8
2015-07-15,113.0
2015-07-16,113.9
2015-07-17,112.0
2015-07-20,111.8
2015-07-21,111.9
2015-07-22,112.5
2015-07-23,114.1
2015-07-24,113.0
2015-07-27,113.2
2015-07-28,113.0
2015-07-29,113.5
2015-07-30,112.0
2015-07-31,112.51
2015-08-03,112.5
2015-08-04,113.0
2015-08-05,111.9
2015-08-06,111.5
2015-08-07,111.0
2015-08-10,111.5
2015-08-11,111.5
2015-08-12,112.62
2015-08-13,112.29
2015-08-14,112.1
2015-08-17,111.7
2015-08-18,112.0
2015-08-19,111.7
2015-08-20,112.0
2015-08-21,111.21
2015-08-24,111.0
2015-08-25,110.2
2015-08-26,111.0
2015-08-27,112.6
2015-08-28,113.0
2015-08-31,110.9
2015-09-01,104.0
2015-09-02,106.5
2015-09-03,107.01
2015-09-04,106.5
2015-09-08,106.5
2015-09-09,102.0
2015-09-10,100.0
2015-09-11,104.0
2015-09-14,103.5
2015-09-15,103.0
2015-09-16,102.5
2015-09-17,102.5
2015-09-18,102.5
2015-09-21,102.5
2015-09-22,102.0
2015-09-23,102.0
2015-09-24,101.0
2015-09-25,101.0
2015-09-28,100.5
2015-09-29,100.9
2015-09-30,101.0
2015-10-01,100.9
2015-10-02,100.0
2015-10-05,100.3
2015-10-06,100.0
2015-10-07,99.8
2015-10-08,99.8
2015-10-09,99.05
2015-10-13,98.0
2015-10-14,98.0
2015-10-15,99.05
2015-10-16,100.0
2015-10-19,98.3
2015-10-20,100.88
2015-10-21,102.0
2015-10-22,100.8
2015-10-23,100.0
2015-10-26,100.0
2015-10-27,100.0
2015-10-28,100.6
2015-10-29,100.6
2015-10-30,103.7
2015-11-03,99.2
2015-11-04,99.51
2015-11-05,99.5
2015-11-06,98.7
2015-11-09,99.69
2015-11-10,100.5
2015-11-11,100.0
2015-11-12,101.0
2015-11-13,102.0
2015-11-16,102.7
2015-11-17,103.57
2015-11-18,102.0
2015-11-19,103.0
2015-11-23,104.03
2015-11-24,100.01
2015-11-25,103.0
2015-11-26,104.5
2015-11-27,102.5
2015-11-30,105.0
2015-12-01,98.52
2015-12-02,105.0
2015-12-03,103.0
2015-12-04,104.9
2015-12-07,103.7
2015-12-08,100.0
2015-12-09,102.9
2015-12-10,101.0
2015-12-11,103.0
2015-12-14,102.0
2015-12-15,102.0
2015-12-16,98.56
2015-12-17,99.51
2015-12-18,98.12
2015-12-21,98.0
2015-12-22,100.0
2015-12-23,97.01
2015-12-28,99.89
2015-12-29,99.9
2015-12-30,99.59
2016-01-04,99.89
2016-01-05,97.52
2016-01-06,100.0
2016-01-07,100.0
2016-01-08,99.0
2016-01-11,99.0
2016-01-12,99.0
2016-01-13,99.1
2016-01-14,99.0
2016-01-15,99.5
2016-01-18,99.1
2016-01-19,99.0
2016-01-20,97.0
2016-01-21,97.5
2016-01-22,96.8
2016-01-26,91.8
2016-01-27,89.01
2016-01-28,90.0
2016-01-29,90.0
2016-02-01,88.8
2016-02-02,88.5
2016-02-03,88.5
2016-02-04,87.0
2016-02-05,87.0
2016-02-10,87.0
2016-02-11,86.5
2016-02-12,88.0
2016-02-15,88.0
2016-02-16,88.95
2016-02-17,90.5
2016-02-18,89.2
2016-02-19,90.0
2016-02-22,88.5
2016-02-23,87.5
2016-02-24,88.0
2016-02-25,88.0
2016-02-26,88.0
2016-02-29,88.0
2016-03-01,87.68
2016-03-02,87.5
2016-03-03,88.5
2016-03-04,89.3
2016-03-07,91.5
2016-03-08,91.6
2016-03-09,92.0
2016-03-10,93.5
2016-03-11,95.5
2016-03-14,96.0
2016-03-15,97.0
2016-03-16,96.0
2016-03-17,98.9
2016-03-18,100.0
2016-03-21,99.9
2016-03-22,100.5
2016-03-23,101.7
2016-03-24,101.7
2016-03-28,101.7
2016-03-29,100.0
2016-03-30,101.0
2016-03-31,101.7
2016-04-01,101.0
2016-04-04,100.0
2016-04-05,99.9
2016-04-06,100.5
2016-04-07,99.0
2016-04-08,99.5
2016-04-11,99.5
2016-04-12,99.5
2016-04-13,100.3
2016-04-14,99.8
2016-04-15,102.0
2016-04-18,105.0
2016-04-19,102.0
2016-04-20,103.0
2016-04-22,101.02
2016-04-25,102.0
2016-04-26,103.0
2016-04-27,104.0
2016-04-28,103.5
2016-04-29,102.0
2016-05-02,101.5
2016-05-03,102.0
2016-05-04,102.12
2016-05-05,108.0
2016-05-06,108.8
2016-05-09,105.0
2016-05-10,104.7
2016-05-11,105.5
2016-05-12,107.0
2016-05-13,107.8
2016-05-16,108.6
2016-05-17,109.9
2016-05-18,109.8
2016-05-19,109.5
2016-05-20,108.35
2016-05-23,108.5
2016-05-24,107.0
2016-05-25,107.0
2016-05-27,107.0
2016-05-30,108.0
2016-05-31,106.3
2016-06-01,106.3
2016-06-02,104.4
2016-06-03,104.0
2016-06-06,104.4
2016-06-07,104.4
2016-06-08,103.98
2016-06-09,105.0
2016-06-10,107.0
2016-06-13,106.0
2016-06-14,105.31
2016-06-15,106.0
2016-06-16,106.7
2016-06-17,106.7
2016-06-20,106.7
2016-06-21,106.5
2016-06-22,106.0
2016-06-23,106.0
2016-06-24,106.5
2016-06-27,105.7
2016-06-28,105.5
2016-06-29,106.0
2016-06-30,107.0
2016-07-01,107.0
2016-07-04,105.5
2016-07-05,106.4
2016-07-06,105.4
2016-07-07,105.0
2016-07-08,105.0
2016-07-11,105.5
2016-07-12,105.5
2016-07-13,105.1
2016-07-14,106.5
2016-07-15,107.5
2016-07-18,111.8
2016-07-19,114.7
2016-07-20,114.0
2016-07-21,113.9
2016-07-22,115.5
2016-07-25,117.8
2016-07-26,119.5
2016-07-27,119.5
2016-07-28,119.0
2016-07-29,118.8
2016-08-01,117.0
2016-08-02,119.9
2016-08-03,118.3
2016-08-04,118.0
2016-08-05,117.0
2016-08-08,118.8
2016-08-09,118.8
2016-08-10,119.7
2016-08-11,117.3
2016-08-12,116.0
2016-08-15,116.5
2016-08-16,117.1
2016-08-17,117.18
2016-08-18,117.18
2016-08-19,117.18
2016-08-22,115.1
2016-08-23,117.0
2016-08-24,117.0
2016-08-25,117.0
2016-08-26,117.0
2016-08-29,116.5
2016-08-30,116.0
2016-08-31,115.7
2016-09-01,114.28
2016-09-02,113.9
2016-09-05,113.9
2016-09-06,114.0
2016-09-08,114.0
2016-09-09,113.5
2016-09-12,113.8
2016-09-13,113.5
2016-09-14,112.11
2016-09-15,113.0
2016-09-16,113.09
2016-09-19,113.78
2016-09-20,113.95
2016-09-21,113.2
2016-09-22,115.0
2016-09-23,118.0
2016-09-26,116.0
2016-09-27,116.0
2016-09-28,117.0
2016-09-29,116.9
2016-09-30,116.0
2016-10-03,115.3
2016-10-04,116.0
2016-10-05,116.5
2016-10-06,116.5
2016-10-07,116.3
2016-10-10,114.5
2016-10-11,115.5
2016-10-13,115.2
2016-10-14,115.0
2016-10-17,114.5
2016-10-18,115.5
2016-10-19,114.5
2016-10-20,115.4
2016-10-21,115.5
2016-10-24,115.5
2016-10-25,115.5
2016-10-26,115.5
2016-10-27,115.5
2016-10-28,115.5
2016-10-31,114.5
2016-11-01,113.55
2016-11-03,114.5
2016-11-04,116.0
2016-11-07,118.6
2016-11-08,115.0
2016-11-09,113.5
2016-11-10,115.0
2016-11-11,112.01
2016-11-14,113.5
2016-11-16,112.9
2016-11-17,112.98
2016-11-18,111.0
2016-11-21,111.8
2016-11-22,111.2
2016-11-23,112.6
2016-11-24,113.42
2016-11-25,112.1
2016-11-28,111.5
2016-11-29,110.0
2016-11-30,110.1
2016-12-01,111.1
2016-12-02,111.2
2016-12-05,110.0
2016-12-06,109.1
2016-12-07,108.7
2016-12-08,108.1
2016-12-09,109.5
2016-12-12,110.0
2016-12-13,110.6
2016-12-14,110.4
2016-12-15,110.0
2016-12-16,112.1
2016-12-19,110.0
2016-12-20,109.3
2016-12-21,109.3
2016-12-22,108.2
2016-12-23,109.3
2016-12-26,110.0
2016-12-27,109.95
2016-12-28,109.95
2016-12-29,110.0
2017-01-02,110.0
2017-01-03,110.0
2017-01-04,110.0
2017-01-05,110.0
2017-01-06,110.0
2017-01-09,110.0
2017-01-10,110.0
2017-01-11,109.61
2017-01-12,111.0
2017-01-13,110.5
2017-01-16,112.0
2017-01-17,112.2
2017-01-18,112.2
2017-01-19,116.0
2017-01-20,113.59
2017-01-23,114.0
2017-01-24,115.75
2017-01-26,115.7
2017-01-27,118.4
2017-01-30,119.3
2017-01-31,119.65
2017-02-01,122.0
2017-02-02,126.0
2017-02-03,126.5
2017-02-06,125.1
2017-02-07,128.0
2017-02-08,128.0
2017-02-09,127.6
2017-02-10,128.0
2017-02-13,128.0
2017-02-14,128.0
2017-02-15,129.3
2017-02-16,129.3
2017-02-17,129.3
2017-02-20,128.8
2017-02-21,128.7
2017-02-22,129.3
2017-02-23,131.5
2017-02-24,135.0
2017-03-01,139.0
2017-03-02,138.9
2017-03-03,138.5
2017-03-06,134.0
2017-03-07,130.4
2017-03-08,130.58
2017-03-09,130.5
2017-03-10,133.0
2017-03-13,128.5
2017-03-14,128.5
2017-03-15,128.5
2017-03-16,124.3
2017-03-17,124.0
2017-03-20,123.3
2017-03-21,120.3
2017-03-22,119.0
2017-03-23,116.0
2017-03-24,113.0
2017-03-27,112.3
2017-03-28,113.5
2017-03-29,120.0
2017-03-30,120.0
2017-03-31,119.32
2017-04-03,121.5
2017-04-04,122.2
2017-04-05,123.98
2017-04-06,128.3
2017-04-07,126.8
2017-04-10,126.5
2017-04-11,128.4
2017-04-12,124.9
2017-04-13,125.5
2017-04-17,125.5
2017-04-18,125.5
2017-04-19,127.0
2017-04-20,125.8
2017-04-24,126.45
2017-04-25,126.49
2017-04-26,123.5
2017-04-27,122.9
2017-04-28,123.4
2017-05-02,124.87
2017-05-03,123.0
2017-05-04,124.85
2017-05-05,124.99
2017-05-08,124.98
2017-05-09,124.4
2017-05-10,122.5
2017-05-11,122.6
2017-05-12,124.99
2017-05-15,128.08
2017-05-16,129.0
2017-05-17,128.5
2017-05-18,123.01
2017-05-19,125.0
2017-05-22,124.3
2017-05-23,124.5
2017-05-24,124.5
2017-05-25,124.45
2017-05-26,124.5
2017-05-29,124.22
2017-05-30,124.9
2017-05-31,125.5
2017-06-01,126.4
2017-06-02,125.0
2017-06-05,123.5
2017-06-06,123.7
2017-06-07,122.6
2017-06-08,121.6
2017-06-09,122.8
2017-06-12,121.9
2017-06-13,122.0
2017-06-14,124.9
2017-06-16,124.2
2017-06-19,125.4
2017-06-20,124.6
2017-06-21,125.2
2017-06-22,124.8
2017-06-23,124.5
2017-06-26,124.0
2017-06-27,124.2
2017-06-28,124.0
2017-06-29,122.56
2017-06-30,124.5
2017-07-03,122.9
2017-07-04,124.86
2017-07-05,124.85
2017-07-06,123.6
2017-07-07,122.4
2017-07-10,123.9
2017-07-11,124.3
2017-07-12,124.5
2017-07-13,123.9
2017-07-14,123.6
2017-07-17,124.42
2017-07-18,128.0
2017-07-19,126.0
2017-07-20,125.0
2017-07-21,124.0
2017-07-24,122.62
2017-07-25,123.5
2017-07-26,123.8
2017-07-27,123.8
2017-07-28,123.8
2017-07-31,123.8
2017-08-01,122.0
2017-08-02,124.58
2017-08-03,122.66
2017-08-04,121.01
2017-08-07,123.7
2017-08-08,125.8
2017-08-09,123.2
2017-08-10,123.2
2017-08-11,123.65
2017-08-14,124.0
2017-08-15,123.0
2017-08-16,127.0
2017-08-17,125.2
2017-08-18,125.6
2017-08-21,127.4
2017-08-22,126.13
2017-08-23,126.2
2017-08-24,127.0
2017-08-25,125.5
2017-08-28,127.5
2017-08-29,125.11
2017-08-30,126.0
2017-08-31,125.1
2017-09-01,126.7
2017-09-04,124.5
2017-09-05,124.52
2017-09-06,126.42
2017-09-08,126.4
2017-09-11,138.5
2017-09-12,130.5
2017-09-13,131.0
2017-09-14,129.0
2017-09-15,129.0
2017-09-18,130.0
2017-09-19,130.11
2017-09-20,132.5
2017-09-21,131.21
2017-09-22,130.0
2017-09-25,130.0
2017-09-26,130.45
2017-09-27,130.0
2017-09-28,132.2
2017-09-29,130.43
2017-10-02,129.52
2017-10-03,129.9
2017-10-04,130.6
2017-10-05,132.9
2017-10-06,132.8
2017-10-09,131.8
2017-10-10,131.21
2017-10-11,130.01
2017-10-13,131.6
2017-10-16,131.7
2017-10-17,131.5
2017-10-18,131.8
2017-10-19,132.0
2017-10-20,132.2
2017-10-23,131.8
2017-10-24,132.0
2017-10-25,132.3
2017-10-26,132.2
2017-10-27,132.8
2017-10-30,131.5
2017-10-31,128.3
2017-11-01,125.66
2017-11-03,127.65
2017-11-06,127.9
2017-11-07,129.45
2017-11-08,134.0
2017-11-09,132.0
2017-11-10,129.6
2017-11-13,132.0
2017-11-14,131.5
2017-11-16,130.75
2017-11-17,131.3
2017-11-21,131.3
2017-11-22,133.0
2017-11-23,133.0
2017-11-24,133.0
2017-11-27,131.5
2017-11-28,132.5
2017-11-29,131.06
2017-11-30,132.3
2017-12-01,128.5
2017-12-04,129.0
2017-12-05,128.6
2017-12-06,128.3
2017-12-07,127.11
2017-12-08,128.01
2017-12-11,128.4
2017-12-12,130.97
2017-12-13,128.6
2017-12-14,128.41
2017-12-15,129.0
2017-12-18,130.0
2017-12-19,137.0
2017-12-20,135.0
2017-12-21,131.5
2017-12-22,129.3
2017-12-26,134.0
2017-12-27,134.3
2017-12-28,134.3
2018-01-02,129.6
2018-01-03,129.9
2018-01-04,130.0
2018-01-05,130.0
2018-01-08,130.0
2018-01-09,129.01
2018-01-10,128.9
2018-01-11,129.2
2018-01-12,129.0
2018-01-15,129.5
2018-01-16,130.0
2018-01-17,130.0
2018-01-18,131.98
2018-01-19,131.2
2018-01-22,131.85
2018-01-23,130.51
2018-01-24,130.0
2018-01-26,131.02
2018-01-29,131.0
2018-01-30,130.7
2018-01-31,131.4
2018-02-01,129.0
2018-02-02,129.6
2018-02-05,128.6
2018-02-06,129.9
2018-02-07,128.56
2018-02-08,128.5
2018-02-09,129.5
2018-02-14,130.0
2018-02-15,130.8
2018-02-16,133.5
2018-02-19,131.9
2018-02-20,133.0
2018-02-21,136.8
2018-02-22,135.0
2018-02-23,134.0
2018-02-26,134.0
2018-02-27,134.6
2018-02-28,138.0
2018-03-01,135.8
2018-03-02,136.5
2018-03-05,135.2
2018-03-06,136.4
2018-03-07,135.7
2018-03-08,139.0
2018-03-09,140.01
2018-03-12,146.5
2018-03-13,148.4
2018-03-14,147.5
2018-03-15,149.5
2018-03-16,150.0
2018-03-19,153.7
2018-03-20,155.0
2018-03-21,155.0
2018-03-22,155.9
2018-03-23,155.9
2018-03-26,155.56
2018-03-27,152.0
2018-03-28,152.0
2018-03-29,150.38
2018-04-02,144.0
2018-04-03,141.5
2018-04-04,141.5
2018-04-05,140.0
2018-04-06,140.4
2018-04-09,139.0
2018-04-10,140.0
2018-04-11,139.35
2018-04-12,139.66
2018-04-13,140.1
2018-04-16,139.99
2018-04-17,139.75
2018-04-18,139.5
2018-04-19,139.33
2018-04-20,139.15
2018-04-23,138.9
2018-04-24,139.19
2018-04-25,138.88
2018-04-26,138.88
2018-04-27,139.5
2018-04-30,140.92
2018-05-02,140.39
2018-05-03,139.66
2018-05-04,139.9
2018-05-07,140.0
2018-05-08,139.75
2018-05-09,139.9
2018-05-10,138.49
2018-05-11,139.0
2018-05-14,138.99
2018-05-15,138.96
2018-05-16,139.09
2018-05-17,139.2
2018-05-18,137.75
2018-05-21,137.0
2018-05-22,134.49
2018-05-23,135.0
2018-05-24,132.1
2018-05-25,133.2
2018-05-28,132.17
2018-05-29,133.0
2018-05-30,135.0
2018-06-01,134.0
2018-06-04,134.5
2018-06-05,135.5
2018-06-06,134.95
2018-06-07,131.6
2018-06-08,129.7
2018-06-11,130.0
2018-06-12,127.9
2018-06-13,126.85
2018-06-14,125.0
2018-06-15,124.2
2018-06-18,121.89
2018-06-19,121.68
2018-06-20,121.07
2018-06-21,122.7
2018-06-22,123.0
2018-06-25,123.26
2018-06-26,124.0
2018-06-27,124.0
2018-06-28,125.0
2018-06-29,125.8
2018-07-02,124.99
2018-07-03,125.85
2018-07-04,127.44
2018-07-05,126.41
2018-07-06,126.5
2018-07-10,125.5
2018-07-11,125.78
2018-07-12,124.28
2018-07-13,125.0
2018-07-16,125.45
2018-07-17,127.79
2018-07-18,125.9
2018-07-19,126.0
2018-07-20,125.8
2018-07-23,125.03
2018-07-24,125.47
2018-07-25,125.71
2018-07-26,125.41
2018-07-27,125.5
2018-07-30,125.77
2018-07-31,125.85
2018-08-01,126.96
2018-08-02,126.58
2018-08-03,126.74
2018-08-06,126.15
2018-08-07,126.49
2018-08-08,126.49
2018-08-09,126.11
2018-08-10,126.0
2018-08-13,126.24
2018-08-14,126.3
2018-08-15,126.12
2018-08-16,126.48
2018-08-17,126.5
2018-08-20,126.66
2018-08-21,126.0
2018-08-22,126.49
2018-08-23,126.2
2018-08-24,126.6
2018-08-27,126.27
2018-08-28,126.0
2018-08-29,126.3
2018-08-30,126.01
2018-08-31,126.02
2018-09-03,125.88
2018-09-04,126.36
2018-09-05,126.4
2018-09-06,126.24
2018-09-10,125.8
2018-09-11,125.5
2018-09-12,125.52
2018-09-13,127.17
2018-09-14,126.3
2018-09-17,126.28
2018-09-18,126.35
2018-09-19,126.35
2018-09-20,126.84
2018-09-21,127.0
2018-09-24,127.0
2018-09-25,126.48
2018-09-26,126.0
2018-09-27,126.25
2018-09-28,126.0
2018-10-01,125.4
2018-10-02,126.3
2018-10-03,126.0
2018-10-04,125.82
2018-10-05,125.8
2018-10-08,126.49
2018-10-09,126.61
2018-10-10,126.55
2018-10-11,126.3
2018-10-15,126.6
2018-10-16,126.5
2018-10-17,126.74
2018-10-18,126.58
2018-10-19,126.7
2018-10-22,126.86
2018-10-23,127.23
2018-10-24,128.6
2018-10-25,129.25
2018-10-26,130.1
2018-10-29,131.16
2018-10-30,131.57
2018-10-31,131.03
2018-11-01,131.85
2018-11-05,132.48
2018-11-06,132.9
2018-11-07,132.8
2018-11-08,133.1
2018-11-09,132.99
2018-11-12,133.1
2018-11-13,133.0
2018-11-14,132.8
2018-11-16,132.93
2018-11-19,133.75
2018-11-21,133.5
2018-11-22,134.0
2018-11-23,134.47
2018-11-26,134.59
2018-11-27,134.4
2018-11-28,135.15
2018-11-29,135.83
2018-11-30,136.81
2018-12-03,136.61
2018-12-04,135.75
2018-12-05,135.81
2018-12-06,135.99
2018-12-07,136.94
2018-12-10,136.5
2018-12-11,137.5
2018-12-12,136.8
2018-12-13,137.75
2018-12-14,138.5
2018-12-17,138.0
2018-12-18,138.2
2018-12-19,138.75
2018-12-20,139.5
2018-12-21,139.6
2018-12-26,139.9
2018-12-27,140.0
2018-12-28,140.0
2019-01-02,140.9
2019-01-03,140.95
2019-01-04,140.25
2019-01-07,141.5
2019-01-08,142.0
2019-01-09,143.34
2019-01-10,143.35
2019-01-11,143.6
2019-01-14,144.45
2019-01-15,144.97
2019-01-16,144.95
2019-01-17,144.7
2019-01-18,144.97
2019-01-21,145.94
2019-01-22,145.0
2019-01-23,145.0
2019-01-24,144.55
2019-01-28,144.0
2019-01-29,144.29
2019-01-30,144.0
2019-01-31,145.49
2019-02-01,146.1
2019-02-04,146.13
2019-02-05,146.0
2019-02-06,145.7
2019-02-07,146.05
2019-02-08,145.3
2019-02-11,146.8
2019-02-12,146.0
2019-02-13,146.0
2019-02-14,146.0
2019-02-15,147.75
2019-02-18,149.9
2019-02-19,149.9
2019-02-20,151.5
2019-02-21,149.24
2019-02-22,147.12
2019-02-25,145.69
2019-02-26,149.9
2019-02-27,151.24
2019-02-28,152.5
2019-03-01,152.05
2019-03-06,155.23
2019-03-07,155.68
2019-03-08,155.65
2019-03-11,157.0
2019-03-12,158.5
2019-03-13,159.49
2019-03-14,160.0
2019-03-15,160.7
2019-03-18,160.6
2019-03-19,160.0
2019-03-20,159.9
2019-03-21,159.9
2019-03-22,159.69
2019-03-25,159.99
2019-03-26,159.0
2019-03-27,160.6
2019-03-28,160.01
2019-03-29,161.4
2019-04-01,156.77
2019-04-02,156.9
2019-04-03,157.2
2019-04-04,158.0
2019-04-05,158.0
2019-04-08,159.0
2019-04-09,159.0
2019-04-10,157.34
2019-04-11,157.3
2019-04-12,157.01
2019-04-15,158.0
2019-04-16,160.0
2019-04-17,160.0
2019-04-18,162.0
2019-04-22,161.4
2019-04-23,161.0
2019-04-24,160.24
2019-04-25,160.01
2019-04-26,158.71
2019-04-29,158.01
2019-04-30,157.5
2019-05-02,153.9
2019-05-03,150.99
2019-05-06,150.5
2019-05-07,149.0
2019-05-08,147.91
2019-05-09,150.5
2019-05-10,149.34
2019-05-13,148.42
2019-05-14,152.49
2019-05-15,152.91
2019-05-16,153.11
2019-05-17,153.95
2019-05-20,153.01
2019-05-21,154.28
2019-05-22,153.42
2019-05-23,154.48
2019-05-24,154.95
2019-05-27,154.83
2019-05-28,154.81
2019-05-29,154.8
2019-05-30,154.8
2019-05-31,154.8
2019-06-03,154.79
2019-06-04,156.49
2019-06-05,157.31
2019-06-06,158.99
2019-06-07,159.85
2019-06-10,151.49
2019-06-11,149.6
2019-06-12,147.95
2019-06-13,149.0
2019-06-14,149.0
2019-06-17,148.92
2019-06-18,147.7
2019-06-19,147.0
2019-06-21,149.0
2019-06-24,148.3
2019-06-25,147.89
2019-06-26,148.0
2019-06-27,148.16
2019-06-28,148.54
2019-07-01,151.64
2019-07-02,152.38
2019-07-03,153.5
2019-07-04,153.09
2019-07-05,153.09
2019-07-08,152.1
2019-07-10,151.22
2019-07-11,151.38
2019-07-12,152.0
2019-07-15,152.98
2019-07-16,156.38
2019-07-17,155.9
2019-07-18,155.81
2019-07-19,154.51
2019-07-22,157.1
2019-07-23,158.19
2019-07-24,158.59
2019-07-25,158.7
2019-07-26,158.9
2019-07-29,159.75
2019-07-30,159.8
2019-07-31,159.85
2019-08-01,154.98
2019-08-02,154.02
2019-08-05,153.8
2019-08-06,152.82
2019-08-07,150.89
2019-08-08,151.83
2019-08-09,150.5
2019-08-12,149.99
2019-08-13,149.72
2019-08-14,150.84
2019-08-15,150.25
2019-08-16,151.39
2019-08-19,151.0
2019-08-20,150.99
2019-08-21,150.09
2019-08-22,150.8
2019-08-23,151.7
2019-08-26,150.26
2019-08-27,150.8
2019-08-28,151.65
2019-08-29,151.95
2019-08-30,152.77
2019-09-02,152.0
2019-09-03,152.6
2019-09-04,153.4
2019-09-05,153.98
2019-09-06,154.6
2019-09-09,154.5
2019-09-10,154.3
2019-09-11,154.3
2019-09-12,153.75
2019-09-13,154.3
2019-09-16,153.75
2019-09-17,154.25
2019-09-18,153.99
2019-09-19,153.8
2019-09-20,153.49
2019-09-23,153.5
2019-09-24,153.8
2019-09-25,153.45
2019-09-26,153.5
2019-09-27,153.75
2019-09-30,154.0
2019-10-01,153.99
2019-10-02,154.0
2019-10-03,154.0
2019-10-04,155.0
2019-10-07,156.0
2019-10-08,155.54
2019-10-09,156.8
2019-10-10,157.0
2019-10-11,157.64
2019-10-14,158.8
2019-10-15,158.88
2019-10-16,159.46
2019-10-17,159.99
2019-10-18,161.36
2019-10-21,162.0
2019-10-22,161.99
2019-10-23,161.25
2019-10-24,161.85
2019-10-25,161.2
2019-10-28,162.57
2019-10-29,162.55
2019-10-30,162.0
2019-10-31,162.19
2019-11-01,162.1
2019-11-04,163.6
2019-11-05,165.65
2019-11-06,166.84
2019-11-07,169.0
2019-11-08,168.33
2019-11-11,169.87
2019-11-12,169.02
2019-11-13,169.15
2019-11-14,172.2
2019-11-18,175.39
2019-11-19,177.01
2019-11-21,177.5
2019-11-22,177.5
2019-11-25,177.5
2019-11-26,178.0
2019-11-27,178.0
2019-11-28,179.8
2019-11-29,181.55
2019-12-02,180.0
2019-12-03,180.46
2019-12-04,184.84
2019-12-05,184.8
2019-12-06,185.73
2019-12-09,186.87
2019-12-10,187.98
2019-12-11,189.7
2019-12-12,196.0
2019-12-13,193.01
2019-12-16,194.76
2019-12-17,195.0
2019-12-18,193.17
2019-12-19,192.5
2019-12-20,196.7
2019-12-23,195.75
2019-12-26,199.0
2019-12-27,202.4
2019-12-30,206.15
2020-01-02,212.0
2020-01-03,221.14
2020-01-06,214.6
2020-01-07,209.0
2020-01-08,199.34
2020-01-09,195.2
2020-01-10,196.04
2020-01-13,198.31
2020-01-14,199.7
2020-01-15,198.78
2020-01-16,198.0
2020-01-17,195.89
2020-01-20,190.2
2020-01-21,189.0
2020-01-22,185.11
2020-01-23,184.0
2020-01-24,182.0
2020-01-27,180.4
2020-01-28,183.3
2020-01-29,190.0
2020-01-30,189.18
2020-01-31,191.5
2020-02-03,191.7
2020-02-04,187.02
2020-02-05,186.16
2020-02-06,181.0
2020-02-07,181.35
2020-02-10,179.0
2020-02-11,182.59
2020-02-12,186.0
2020-02-13,185.97
2020-02-14,188.57
2020-02-17,188.75
2020-02-18,186.26
2020-02-19,181.0
2020-02-20,179.0
2020-02-21,178.5
2020-02-26,177.87
2020-02-27,178.21
2020-02-28,177.04
2020-03-02,178.31
2020-03-03,179.35
2020-03-04,182.45
2020-03-05,180.5
2020-03-06,178.04
2020-03-09,168.45
2020-03-10,169.92
2020-03-11,167.5
2020-03-12,154.1
2020-03-13,155.77
2020-03-16,146.0
2020-03-17,145.0
2020-03-18,117.05
2020-03-19,129.61
2020-03-20,136.0
2020-03-23,133.39
2020-03-24,140.0
2020-03-25,152.51
2020-03-26,158.89
2020-03-27,160.89
2020-03-30,159.0
2020-03-31,158.05
2020-04-01,154.0
2020-04-02,153.0
2020-04-03,152.0
2020-04-06,155.57
2020-04-07,162.5
2020-04-08,167.8
2020-04-09,170.24
2020-04-13,170.78
2020-04-14,173.85
2020-04-15,173.8
2020-04-16,176.9
2020-04-17,178.0
2020-04-20,177.0
2020-04-22,179.99
2020-04-23,181.98
2020-04-24,177.1
2020-04-27,176.15
2020-04-28,177.2
2020-04-29,176.88
2020-04-30,173.0
2020-05-04,167.99
2020-05-05,165.02
2020-05-06,166.0
2020-05-07,165.55
2020-05-08,169.79
2020-05-11,173.89
2020-05-12,175.8
2020-05-13,173.71
2020-05-14,173.9
2020-05-15,174.47
2020-05-18,175.2
2020-05-19,176.66
2020-05-20,176.98
2020-05-21,175.1
2020-05-22,179.05
2020-05-25,180.2
2020-05-26,180.75
2020-05-27,177.97
2020-05-28,181.0
2020-05-29,181.95
2020-06-01,183.4
2020-06-02,188.31
2020-06-03,187.38
2020-06-04,187.3
2020-06-05,192.6
2020-06-08,190.5
2020-06-09,190.8
2020-06-10,189.28
2020-06-12,188.61
2020-06-15,189.37
2020-06-16,189.0
2020-06-17,189.43
2020-06-18,190.95
2020-06-19,191.53
2020-06-22,188.08
2020-06-23,187.32
2020-06-24,187.07
2020-06-25,188.0
2020-06-26,189.0
2020-06-29,188.7
2020-06-30,189.94
2020-07-01,189.89
2020-07-02,190.0
2020-07-03,189.0
2020-07-06,191.77
2020-07-07,196.5
2020-07-08,194.6
2020-07-09,177.0
2020-07-10,179.5
2020-07-13,172.7
2020-07-14,169.1
2020-07-15,169.15
2020-07-16,175.0
2020-07-17,175.0
2020-07-20,171.89
2020-07-21,172.99
2020-07-22,174.05
2020-07-23,176.0
2020-07-24,176.86
2020-07-27,174.94
2020-07-28,176.88
2020-07-29,179.0
2020-07-30,179.0
2020-07-31,180.0
2020-08-03,178.83
2020-08-04,177.73
2020-08-05,177.95
2020-08-06,175.83
2020-08-07,178.0
2020-08-10,180.5
2020-08-11,183.99
2020-08-12,185.2
2020-08-13,186.82
2020-08-14,184.55
2020-08-17,188.0
2020-08-18,187.2
2020-08-19,187.29
2020-08-20,187.5
2020-08-21,189.29
2020-08-24,189.99
2020-08-25,185.0
2020-08-26,188.5
2020-08-27,188.29
2020-08-28,187.8
2020-08-31,182.0
2020-09-01,171.86
2020-09-02,173.4
2020-09-03,174.0
2020-09-04,173.98
2020-09-08,173.0
2020-09-09,172.9
2020-09-10,171.3
2020-09-11,170.78
2020-09-14,169.54
2020-09-15,168.44
2020-09-16,167.67
2020-09-17,167.16
2020-09-18,166.99
2020-09-21,165.64
2020-09-22,168.2
2020-09-23,168.3
2020-09-24,168.55
2020-09-25,168.63
2020-09-28,168.6
2020-09-29,168.9
2020-09-30,169.99
2020-10-01,169.98
2020-10-02,170.99
2020-10-05,169.8
2020-10-06,170.4
2020-10-07,171.28
2020-10-08,171.77
2020-10-09,172.96
2020-10-13,174.5
2020-10-14,174.5
2020-10-15,173.5
2020-10-16,173.6
2020-10-19,172.26
2020-10-20,171.75
2020-10-21,170.65
2020-10-22,170.05
2020-10-23,170.61
2020-10-26,169.8
2020-10-27,169.07
2020-10-28,165.7
2020-10-29,166.7
2020-10-30,164.0
2020-11-03,163.31
2020-11-04,163.6
2020-11-05,166.5
2020-11-06,167.02
2020-11-09,167.63
2020-11-10,168.94
2020-11-11,168.98
2020-11-12,168.5
2020-11-13,167.25
2020-11-16,168.0
2020-11-17,168.23
2020-11-18,168.9
2020-11-19,168.35
2020-11-20,167.9
2020-11-23,167.19
2020-11-24,166.43
2020-11-25,167.78
2020-11-26,168.2
2020-11-27,168.39
2020-11-30,167.7
2020-12-01,167.71
2020-12-02,168.0
2020-12-03,168.05
2020-12-04,168.0
2020-12-07,168.0
2020-12-08,169.01
2020-12-09,167.05
2020-12-10,167.46
2020-12-11,167.8
2020-12-14,167.81
2020-12-15,168.15
2020-12-16,168.2
2020-12-17,168.9
2020-12-18,169.01
2020-12-21,170.0
2020-12-22,171.84
2020-12-23,173.15
2020-12-28,175.0
2020-12-29,178.59
2020-12-30,181.0
2021-01-04,179.75
2021-01-05,178.54
2021-01-06,180.36
2021-01-07,180.3
2021-01-08,181.9
2021-01-11,181.58
2021-01-12,181.46
2021-01-13,181.84
2021-01-14,180.45
2021-01-15,180.95
2021-01-18,181.1
2021-01-19,181.5
2021-01-20,181.05
2021-01-21,181.07
2021-01-22,181.33
2021-01-26,180.95
2021-01-27,180.92
2021-01-28,180.86
2021-01-29,179.65
2021-02-01,177.19
2021-02-02,179.25
2021-02-03,179.75
2021-02-04,177.99
2021-02-05,178.57
2021-02-08,177.92
2021-02-09,178.54
2021-02-10,178.3
2021-02-11,178.51
2021-02-12,178.3
2021-02-17,178.3
2021-02-18,177.89
2021-02-19,178.0
2021-02-22,177.55
2021-02-23,178.75
2021-02-24,178.73
2021-02-25,178.15
2021-02-26,179.0
2021-03-01,178.7
2021-03-02,178.58
2021-03-03,177.77
2021-03-04,177.78
2021-03-05,176.51
2021-03-08,173.21
2021-03-09,176.75
2021-03-10,176.13
2021-03-11,177.0
2021-03-12,177.0
2021-03-15,177.0
2021-03-16,176.78
2021-03-17,176.2
2021-03-18,175.2
2021-03-19,171.5
2021-03-22,173.5
2021-03-23,172.01
2021-03-24,171.98
2021-03-25,170.54
2021-03-26,169.7
2021-03-29,172.0
2021-03-30,172.9
2021-03-31,175.99
2021-04-01,174.65
2021-04-05,173.49
2021-04-06,172.5
2021-04-07,172.2
2021-04-08,171.99
2021-04-09,172.5
2021-04-12,172.39
2021-04-13,172.0
2021-04-14,171.91
2021-04-15,172.0
2021-04-16,172.0
2021-04-19,171.52
2021-04-20,171.25
2021-04-22,171.52
2021-04-23,171.91
2021-04-26,172.01
2021-04-27,171.94
2021-04-28,171.0
2021-04-29,172.1
2021-04-30,174.0
2021-05-03,171.5
2021-05-04,171.05
2021-05-05,171.0
2021-05-06,171.71
2021-05-07,171.66
2021-05-10,170.93
2021-05-11,170.4
2021-05-12,170.87
2021-05-13,171.71
2021-05-14,171.23
2021-05-17,170.89
2021-05-18,170.09
2021-05-19,169.78
2021-05-20,170.25
2021-05-21,169.41
2021-05-24,169.51
2021-05-25,169.6
2021-05-26,170.0
2021-05-27,169.04
2021-05-28,169.95
2021-05-31,169.54
2021-06-01,169.5
2021-06-02,169.9
2021-06-04,170.48
2021-06-07,166.89
2021-06-08,165.4
2021-06-09,167.02
2021-06-10,167.05
2021-06-11,167.8
2021-06-14,167.54
2021-06-15,168.01
2021-06-16,168.6
2021-06-17,167.52
2021-06-18,171.49
2021-06-21,170.58
2021-06-22,170.37
2021-06-23,170.55
2021-06-24,171.0
2021-06-25,167.5
2021-06-28,165.5
2021-06-29,170.0
2021-06-30,168.6
2021-07-01,168.62
2021-07-02,169.79
2021-07-05,169.79
2021-07-06,169.8
2021-07-07,170.08
2021-07-08,170.11
2021-07-12,169.99
2021-07-13,170.0
2021-07-14,169.92
2021-07-15,170.2
2021-07-16,170.5
2021-07-19,172.47
2021-07-20,176.04
2021-07-21,176.2
2021-07-22,172.9
2021-07-23,169.01
2021-07-26,170.15
2021-07-27,168.85
2021-07-28,169.02
2021-07-29,169.21
2021-07-30,168.97
2021-08-02,167.02
2021-08-03,167.02
2021-08-04,165.42
2021-08-05,165.42
2021-08-06,166.5
2021-08-09,165.05
2021-08-10,164.9
2021-08-11,165.91
2021-08-12,165.84
2021-08-13,166.24
2021-08-16,166.3
2021-08-17,165.77
2021-08-18,163.5
2021-08-19,163.73
2021-08-20,162.99
2021-08-23,163.8
2021-08-24,162.2
2021-08-25,162.56
2021-08-26,162.69
2021-08-27,163.55
2021-08-30,164.2
2021-08-31,162.81
2021-09-01,161.6
2021-09-02,161.35
2021-09-03,160.51
2021-09-06,162.34
2021-09-08,161.88
2021-09-09,162.84
2021-09-10,162.05
2021-09-13,162.18
2021-09-14,161.8
2021-09-15,162.68
2021-09-16,162.23
2021-09-17,161.94
2021-09-20,161.25
2021-09-21,160.79
2021-09-22,162.2
2021-09-23,162.25
2021-09-24,162.59
2021-09-27,163.5
2021-09-28,163.19
2021-09-29,163.15
2021-09-30,165.0
2021-10-01,164.0
2021-10-04,163.8
2021-10-05,163.22
2021-10-06,164.0
2021-10-07,164.05
2021-10-08,164.5
2021-10-11,166.0
2021-10-13,163.93
2021-10-14,164.0
2021-10-15,166.0
2021-10-18,167.18
2021-10-19,167.51
2021-10-20,168.31
2021-10-21,167.5
2021-10-22,167.0
2021-10-25,167.18
2021-10-26,167.45
2021-10-27,166.86
2021-10-28,165.31
2021-10-29,167.0
2021-11-01,164.79
2021-11-03,163.35
2021-11-04,161.3
2021-11-05,161.43
2021-11-08,160.6
2021-11-09,160.0
2021-11-10,159.77
2021-11-11,159.5
2021-11-12,160.0
2021-11-16,159.16
2021-11-17,158.0
2021-11-18,157.41
2021-11-19,158.9
2021-11-22,158.25
2021-11-23,157.46
2021-11-24,155.3
2021-11-25,156.89
2021-11-26,157.87
2021-11-29,159.94
2021-11-30,160.0
2021-12-01,160.45
2021-12-02,161.02
2021-12-03,161.89
2021-12-06,162.6
2021-12-07,163.18
2021-12-08,163.0
2021-12-09,161.57
2021-12-10,160.0
2021-12-13,160.2
2021-12-14,159.64
2021-12-15,159.53
2021-12-16,160.4
2021-12-17,169.85
2021-12-20,166.71
2021-12-21,164.0
2021-12-22,164.93
2021-12-23,166.91
2021-12-27,168.8
2021-12-28,170.0
2021-12-29,170.62
2021-12-30,170.56
2022-01-03,168.68
2022-01-04,168.87
2022-01-05,167.7
2022-01-06,167.9
2022-01-07,167.98
2022-01-10,168.37
2022-01-11,168.92
2022-01-12,169.02
2022-01-13,169.4
2022-01-14,170.18
2022-01-17,171.71
2022-01-18,172.95
2022-01-19,172.79
2022-01-20,173.71
2022-01-21,173.6
2022-01-24,172.46
2022-01-25,172.65
2022-01-26,168.04
2022-01-27,169.47
2022-01-28,170.14
2022-01-31,170.55
2022-02-01,170.64
2022-02-02,170.24
2022-02-03,169.1
2022-02-04,168.1
2022-02-07,167.15
2022-02-08,167.3
2022-02-09,167.94
2022-02-10,168.88
2022-02-11,167.99
2022-02-14,166.0
2022-02-15,167.51
2022-02-16,166.1
2022-02-17,167.13
2022-02-18,168.33
2022-02-21,166.89
2022-02-22,165.98
2022-02-23,165.31
2022-02-24,164.01
2022-02-25,167.0
2022-03-02,165.98
2022-03-03,165.7
2022-03-04,164.12
2022-03-07,162.8
2022-03-08,161.26
2022-03-09,161.5
2022-03-10,161.05
2022-03-11,161.5
2022-03-14,160.8
2022-03-15,161.0
2022-03-16,160.71
2022-03-17,160.88
2022-03-18,161.0
2022-03-21,160.8
2022-03-22,161.19
2022-03-23,161.26
2022-03-24,161.8
2022-03-25,163.75
2022-03-28,163.0
2022-03-29,163.3
2022-03-30,164.0
2022-03-31,163.5
2022-04-01,163.11
2022-04-04,163.7
2022-04-05,164.0
2022-04-06,166.5
2022-04-07,166.8
2022-04-08,166.54
2022-04-11,167.08
2022-04-12,166.49
2022-04-13,163.43
2022-04-14,163.99
2022-04-18,164.0
2022-04-19,162.69
2022-04-20,162.84
2022-04-22,163.0
2022-04-25,162.89
2022-04-26,162.9
2022-04-27,163.11
2022-04-28,163.3
2022-04-29,164.02
2022-05-02,162.39
2022-05-03,162.05
2022-05-04,161.95
2022-05-05,162.0
2022-05-06,161.83
2022-05-09,161.74
2022-05-10,162.0
2022-05-11,162.75
2022-05-12,162.22
2022-05-13,163.36
2022-05-16,163.09
2022-05-17,162.9
2022-05-18,162.8
2022-05-19,162.43
2022-05-20,162.8
2022-05-23,162.5
2022-05-24,162.1
2022-05-25,162.11
2022-05-26,163.75
2022-05-27,165.11
2022-05-30,164.35
2022-05-31,165.1
2022-06-01,162.59
2022-06-02,162.07
2022-06-03,162.87
2022-06-06,162.4
2022-06-07,162.45
2022-06-08,162.33
2022-06-09,161.7
2022-06-10,163.01
2022-06-13,162.0
2022-06-14,163.11
2022-06-15,163.38
2022-06-17,156.91
2022-06-20,161.8
2022-06-21,162.76
2022-06-22,163.0
2022-06-23,162.43
2022-06-24,162.57
2022-06-27,162.8
2022-06-28,162.31
2022-06-29,163.0
2022-06-30,164.42
2022-07-01,160.79
2022-07-04,161.4
2022-07-05,161.89
2022-07-06,161.62
2022-07-07,161.9
2022-07-08,162.0
2022-07-11,162.45
2022-07-12,162.7
2022-07-13,162.19
2022-07-14,163.17
2022-07-15,163.54
2022-07-18,164.9
2022-07-19,165.14
2022-07-20,165.36
2022-07-21,164.56
2022-07-22,166.08
2022-07-25,167.23
2022-07-26,165.99
2022-07-27,167.55
2022-07-28,168.38
2022-07-29,168.64
2022-08-01,166.31
2022-08-02,166.37
2022-08-03,166.7
2022-08-04,167.53
2022-08-05,168.09
2022-08-08,167.99
2022-08-09,168.95
2022-08-10,169.7
2022-08-11,170.13
2022-08-12,171.4
2022-08-15,172.77
2022-08-16,171.9
2022-08-17,171.86
2022-08-18,172.3
2022-08-19,171.97
2022-08-22,170.5
2022-08-23,169.14
2022-08-24,167.7
2022-08-25,167.07
2022-08-26,167.7
2022-08-29,169.49
2022-08-30,170.57
2022-08-31,172.49
2022-09-01,170.0
2022-09-02,169.5
2022-09-05,169.0
2022-09-06,169.24
2022-09-08,168.7
2022-09-09,168.51
2022-09-12,167.3
2022-09-13,167.43
2022-09-14,167.19
2022-09-15,166.94
2022-09-16,174.0
2022-09-19,172.52
2022-09-20,173.1
2022-09-21,172.0
2022-09-22,172.02
2022-09-23,171.68
2022-09-26,171.06
2022-09-27,170.9
2022-09-28,170.95
2022-09-29,171.26
2022-09-30,171.5
2022-10-03,167.5
2022-10-04,166.15
2022-10-05,167.03
2022-10-06,168.23
2022-10-07,168.85
2022-10-10,169.0
2022-10-11,169.46
2022-10-13,168.0
2022-10-14,166.7
2022-10-17,166.45
2022-10-18,167.66
2022-10-19,166.49
2022-10-20,166.5
2022-10-21,165.96
2022-10-24,164.21
2022-10-25,164.52
2022-10-26,164.9
2022-10-27,165.5
2022-10-28,166.41
2022-10-31,165.39
2022-11-01,165.97
2022-11-03,166.37
2022-11-04,169.39
2022-11-07,165.67
2022-11-08,165.85
2022-11-09,165.5
2022-11-10,166.0
2022-11-11,165.0
2022-11-14,165.54
2022-11-16,164.88
2022-11-17,163.0
2022-11-18,163.62
2022-11-21,163.31
2022-11-22,163.43
2022-11-23,162.16
2022-11-24,162.38
2022-11-25,162.47
2022-11-28,162.9
2022-11-29,163.5
2022-11-30,164.81
2022-12-01,162.71
2022-12-02,162.8
2022-12-05,162.84
2022-12-06,162.95
2022-12-07,162.18
2022-12-08,162.2
2022-12-09,162.97
2022-12-12,162.10
2022-12-13,162.00
2022-12-14,161.50
2022-12-15,161.67
2022-12-16,161.00
2022-12-19,159.92
2022-12-20,160.72
2022-12-21,159.98
2022-12-22,160.00
2022-12-23,163.00
2022-12-26,163.99
2022-12-27,164.24