data,valor
2023-01-13,2844.5701
2023-01-12,2833.3301
2023-01-11,2839.0701
2023-01-10,2845.3899
2023-01-09,2845.3501
2023-01-06,2850.9800
2023-01-05,2855.8601
2023-01-04,2846.8999
2023-01-03,2855.2100
2023-01-02,2861.1001
2022-12-29,2867.1299
2022-12-28,2850.5200
2022-12-27,2834.4600
2022-12-26,2826.9900
2022-12-23,2820.0300
2022-12-22,2801.1399
2022-12-21,2799.7200
2022-12-20,2779.5400
2022-12-19,2762.3701
2022-12-16,2780.4800
2022-12-15,2786.0801
2022-12-14,2801.8701
2022-12-13,2827.1699
2022-12-12,2846.7700
2022-12-09,2866.2800
2022-12-08,2862.9800
2022-12-07,2876.2100
2022-12-06,2881.5801
2022-12-05,2889.0701
2022-12-02,2893.6899
2022-12-01,2877.8799
2022-11-30,2867.2100
2022-11-29,2851.2900
2022-11-28,2850.5200
2022-11-25,2852.6899
2022-11-24,2858.5500
2022-11-23,2858.8501
2022-11-22,2866.5000
2022-11-21,2867.8501
2022-11-18,2878.2800
2022-11-17,2864.0100
2022-11-16,2914.3999
2022-11-14,2931.1899
2022-11-11,2934.7100
2022-11-10,2941.5400
2022-11-09,2969.1399
2022-11-08,2983.3701
2022-11-07,2987.1899
2022-11-04,2993.0601
2022-11-03,2988.7500
2022-11-01,2989.1499
2022-10-31,2991.4500
2022-10-28,2993.6899
2022-10-27,2992.3501
2022-10-26,2991.0000
2022-10-25,2993.3701
2022-10-24,2993.1599
2022-10-21,2999.0500
2022-10-20,2992.3501
2022-10-19,2986.4299
2022-10-18,2987.1001
2022-10-17,2982.3401
2022-10-14,2991.6599
2022-10-13,2992.5801
2022-10-11,2999.9600
2022-10-10,2998.4600
2022-10-07,3002.8301
2022-10-06,2995.6001
2022-10-05,2986.5000
2022-10-04,2985.0801
2022-10-03,2982.8999
2022-09-30,2990.8000
2022-09-29,2972.4900
2022-09-28,2975.1499
2022-09-27,2979.4900
2022-09-26,2984.3101
2022-09-23,2990.3000
2022-09-22,2994.6499
2022-09-21,2989.1201
2022-09-20,2987.8899
2022-09-19,2983.7800
2022-09-16,2984.4399
2022-09-15,2971.4900
2022-09-14,2968.9199
2022-09-13,2973.5100
2022-09-12,2973.6799
2022-09-09,2980.0601
2022-09-08,2974.4299
2022-09-06,2977.0701
2022-09-05,2980.8101
2022-09-02,2975.5100
2022-09-01,2968.9700
2022-08-31,2976.2300
2022-08-30,2957.2400
2022-08-29,2952.4500
2022-08-26,2940.7100
2022-08-25,2933.2600
2022-08-24,2929.1101
2022-08-23,2931.4600
2022-08-22,2929.7800
2022-08-19,2923.1599
2022-08-18,2920.9199
2022-08-17,2916.9900
2022-08-16,2908.2900
2022-08-15,2902.0601
2022-08-12,2870.9500
2022-08-11,2851.5801
2022-08-10,2832.9399
2022-08-09,2825.7400
2022-08-08,2821.1599
2022-08-05,2817.4199
2022-08-04,2811.2000
2022-08-03,2806.2500
2022-08-02,2808.6499
2022-08-01,2803.3201
2022-07-29,2814.1001
2022-07-28,2801.6799
2022-07-27,2794.6201
2022-07-26,2794.0000
2022-07-25,2792.9600
2022-07-22,2793.3401
2022-07-21,2791.0300
2022-07-20,2789.5200
2022-07-19,2784.1299
2022-07-18,2779.7700
2022-07-15,2778.1399
2022-07-14,2775.8799
2022-07-13,2773.1399
2022-07-12,2780.3000
2022-07-11,2786.8101
2022-07-08,2792.0100
2022-07-07,2792.5901
2022-07-06,2788.6299
2022-07-05,2783.8000
2022-07-04,2793.3999
2022-07-01,2792.1201
2022-06-30,2795.6201
2022-06-29,2792.3899
2022-06-28,2793.7100
2022-06-27,2800.5500
2022-06-24,2802.3701
2022-06-23,2802.6599
2022-06-22,2808.4199
2022-06-21,2813.0801
2022-06-20,2811.2500
2022-06-17,2802.0200
2022-06-15,2804.3799
2022-06-14,2801.2700
2022-06-13,2802.5400
2022-06-10,2813.6399
2022-06-09,2817.7900
2022-06-08,2822.8000
2022-06-07,2824.8701
2022-06-06,2829.2900
2022-06-03,2830.2600
2022-06-02,2826.2500
2022-06-01,2823.0801
2022-05-31,2820.4500
2022-05-30,2812.6201
2022-05-27,2806.5200
2022-05-26,2795.6899
2022-05-25,2793.1799
2022-05-24,2791.1001
2022-05-23,2789.3701
2022-05-20,2784.5701
2022-05-19,2779.1599
2022-05-18,2777.4600
2022-05-17,2776.6201
2022-05-16,2768.6299
2022-05-13,2771.8701
2022-05-12,2755.7900
2022-05-11,2763.8601
2022-05-10,2768.1201
2022-05-09,2769.8000
2022-05-06,2779.3601
2022-05-05,2782.4600
2022-05-04,2787.9099
2022-05-03,2794.8899
2022-05-02,2798.1599
2022-04-29,2813.0601
2022-04-28,2804.8301
2022-04-27,2801.2000
2022-04-26,2801.9900
2022-04-25,2805.3101
2022-04-22,2810.2900
2022-04-20,2808.2100
2022-04-19,2805.3799
2022-04-18,2801.9099
2022-04-14,2808.6001
2022-04-13,2803.5901
2022-04-12,2808.9700
2022-04-11,2807.5801
2022-04-08,2808.8301
2022-04-07,2805.3501
2022-04-06,2803.8899
2022-04-05,2805.6001
2022-04-04,2807.1899
2022-04-01,2798.7100
2022-03-31,2779.9700
2022-03-30,2772.1699
2022-03-29,2762.0500
2022-03-28,2748.2600
2022-03-25,2748.2700
2022-03-24,2732.6799
2022-03-23,2734.5901
2022-03-22,2730.5200
2022-03-21,2720.1499
2022-03-18,2719.1699
2022-03-17,2708.5100
2022-03-16,2710.3101
2022-03-15,2707.7600
2022-03-14,2704.5701
2022-03-11,2719.7800
2022-03-10,2724.4199
2022-03-09,2724.8000
2022-03-08,2725.7100
2022-03-07,2730.8601
2022-03-04,2741.7200
2022-03-03,2742.0200
2022-03-02,2736.5801
2022-02-25,2741.1499
2022-02-24,2709.7500
2022-02-23,2729.3301
2022-02-22,2733.3501
2022-02-21,2741.5901
2022-02-18,2751.5601
2022-02-17,2746.5500
2022-02-16,2747.5300
2022-02-15,2750.9700
2022-02-14,2753.1599
2022-02-11,2762.7000
2022-02-10,2761.0300
2022-02-09,2763.7600
2022-02-08,2762.5701
2022-02-07,2765.6399
2022-02-04,2771.9099
2022-02-03,2767.5901
2022-02-02,2771.0100
2022-02-01,2776.6101
2022-01-31,2776.9199
2022-01-28,2769.8999
2022-01-27,2767.0200
2022-01-26,2772.9399
2022-01-25,2792.6101
2022-01-24,2799.7800
2022-01-21,2810.2500
2022-01-20,2804.5601
2022-01-19,2807.0601
2022-01-18,2802.0200
2022-01-17,2795.8501
2022-01-14,2782.8999
2022-01-13,2764.6001
2022-01-12,2764.2800
2022-01-11,2754.4099
2022-01-10,2752.1399
2022-01-07,2759.5701
2022-01-06,2757.2900
2022-01-05,2760.1399
2022-01-04,2787.2600
2022-01-03,2789.1399
2021-12-30,2804.7900
2021-12-29,2789.3201
2021-12-28,2768.0200
2021-12-27,2743.6799
2021-12-23,2724.6001
2021-12-22,2706.6399
2021-12-21,2703.2400
2021-12-20,2695.0500
2021-12-17,2694.7300
2021-12-16,2681.3501
2021-12-15,2676.1399
2021-12-14,2668.7300
2021-12-13,2673.9199
2021-12-10,2673.9399
2021-12-09,2669.0601
2021-12-08,2673.2100
2021-12-07,2660.8899
2021-12-06,2643.1001
2021-12-03,2610.6699
2021-12-02,2582.8701
2021-12-01,2581.2900
2021-11-30,2578.3999
2021-11-29,2563.7600
2021-11-26,2541.5200
2021-11-25,2545.9800
2021-11-24,2546.8701
2021-11-23,2563.6101
2021-11-22,2581.4299
2021-11-19,2594.1299
2021-11-18,2591.0200
2021-11-17,2603.6201
2021-11-16,2612.6699
2021-11-12,2617.7600
2021-11-11,2621.8799
2021-11-10,2627.2000
2021-11-09,2627.1899
2021-11-08,2640.4399
2021-11-05,2654.8899
2021-11-04,2655.3999
2021-11-03,2664.9700
2021-11-01,2673.2300
2021-10-29,2675.6799
2021-10-28,2673.9299
2021-10-27,2680.7800
2021-10-26,2693.6399
2021-10-25,2708.0000
2021-10-22,2712.3799
2021-10-21,2724.9399
2021-10-20,2738.3899
2021-10-19,2740.0601
2021-10-18,2747.5500
2021-10-15,2743.9299
2021-10-14,2732.6699
2021-10-13,2727.8601
2021-10-11,2727.0601
2021-10-08,2716.4700
2021-10-07,2710.8601
2021-10-06,2711.0000
2021-10-05,2707.9399
2021-10-04,2707.3899
2021-10-01,2714.6201
2021-09-30,2715.6699
2021-09-29,2700.3601
2021-09-28,2700.3201
2021-09-27,2711.7600
2021-09-24,2709.3999
2021-09-23,2705.3799
2021-09-22,2702.5000
2021-09-21,2699.3701
2021-09-20,2700.5901
2021-09-17,2729.8301
2021-09-16,2727.6799
2021-09-15,2730.9299
2021-09-14,2728.3101
2021-09-13,2727.5000
2021-09-10,2727.9099
2021-09-09,2720.1399
2021-09-08,2715.0901
2021-09-06,2732.9500
2021-09-03,2733.2400
2021-09-02,2745.4199
2021-09-01,2750.7400
2021-08-31,2749.8401
2021-08-30,2741.1899
2021-08-27,2731.2100
2021-08-26,2723.5500
2021-08-25,2720.9500
2021-08-24,2720.6001
2021-08-23,2719.4299
2021-08-20,2705.3401
2021-08-19,2690.6299
2021-08-18,2703.3999
2021-08-17,2708.3000
2021-08-16,2725.1001
2021-08-13,2741.1101
2021-08-12,2722.3201
2021-08-11,2739.9099
2021-08-10,2755.4900
2021-08-09,2769.5300
2021-08-06,2778.5601
2021-08-05,2781.0200
2021-08-04,2792.6599
2021-08-03,2800.6101
2021-08-02,2812.6599
2021-07-30,2824.1201
2021-07-29,2818.9099
2021-07-28,2816.9099
2021-07-27,2817.5100
2021-07-26,2825.3701
2021-07-23,2828.2300
2021-07-22,2834.1299
2021-07-21,2837.7300
2021-07-20,2839.6599
2021-07-19,2836.1799
2021-07-16,2841.3501
2021-07-15,2838.7300
2021-07-14,2830.8501
2021-07-13,2823.8101
2021-07-12,2797.8999
2021-07-08,2762.0300
2021-07-07,2762.3501
2021-07-06,2761.4900
2021-07-05,2755.5901
2021-07-02,2760.1699
2021-07-01,2754.0300
2021-06-30,2754.8899
2021-06-29,2746.1001
2021-06-28,2705.8401
2021-06-25,2725.0801
2021-06-24,2781.2500
2021-06-23,2780.4900
2021-06-22,2797.5701
2021-06-21,2811.1699
2021-06-18,2813.3101
2021-06-17,2812.8401
2021-06-16,2815.5300
2021-06-15,2819.3701
2021-06-14,2821.9600
2021-06-11,2828.7600
2021-06-10,2831.3000
2021-06-09,2831.9700
2021-06-08,2829.6499
2021-06-07,2827.5100
2021-06-04,2827.7600
2021-06-02,2821.9500
2021-06-01,2811.5601
2021-05-31,2816.4600
2021-05-28,2811.6201
2021-05-27,2792.6699
2021-05-26,2788.3501
2021-05-25,2799.1799
2021-05-24,2802.8201
2021-05-21,2804.0500
2021-05-20,2806.4700
2021-05-19,2801.3201
2021-05-18,2808.1299
2021-05-17,2811.1001
2021-05-14,2826.1001
2021-05-13,2827.6001
2021-05-12,2831.0901
2021-05-11,2839.3999
2021-05-10,2846.2800
2021-05-07,2856.6299
2021-05-06,2855.2800
2021-05-05,2855.0500
2021-05-04,2856.2200
2021-05-03,2862.4299
2021-04-30,2861.1499
2021-04-29,2849.0100
2021-04-28,2842.3899
2021-04-27,2845.3601
2021-04-26,2844.4800
2021-04-23,2844.6299
2021-04-22,2839.2600
2021-04-20,2841.9199
2021-04-19,2840.8000
2021-04-16,2847.4299
2021-04-15,2843.5100
2021-04-14,2840.5400
2021-04-13,2843.3701
2021-04-12,2845.0100
2021-04-09,2849.2900
2021-04-08,2842.5901
2021-04-07,2843.3000
2021-04-06,2843.9800
2021-04-05,2847.6399
2021-04-01,2850.0100
2021-03-31,2846.7700
2021-03-30,2831.8101
2021-03-29,2818.8999
2021-03-26,2817.7000
2021-03-25,2813.8000
2021-03-24,2814.6101
2021-03-23,2813.9600
2021-03-22,2815.5400
2021-03-19,2819.1399
2021-03-18,2808.7100
2021-03-17,2817.2000
2021-03-16,2822.9500
2021-03-15,2830.9299
2021-03-12,2838.2600
2021-03-11,2837.0500
2021-03-10,2833.6299
2021-03-09,2842.7500
2021-03-08,2845.4199
2021-03-05,2852.6799
2021-03-04,2847.6899
2021-03-03,2848.7500
2021-03-02,2858.8101
2021-03-01,2877.2200
2021-02-26,2886.5300
2021-02-25,2893.8000
2021-02-24,2892.0000
2021-02-23,2890.4299
2021-02-22,2874.9199
2021-02-19,2893.9700
2021-02-18,2890.7700
2021-02-17,2895.3999
2021-02-12,2897.2400
2021-02-11,2893.9800
2021-02-10,2892.1599
2021-02-09,2892.1001
2021-02-08,2892.1899
2021-02-05,2894.7900
2021-02-04,2883.2200
2021-02-03,2881.8401
2021-02-02,2880.7000
2021-02-01,2874.9099
2021-01-29,2879.4500
2021-01-28,2872.1599
2021-01-27,2861.1799
2021-01-26,2861.7400
2021-01-22,2862.9700
2021-01-21,2870.6001
2021-01-20,2870.2100
2021-01-19,2866.3000
2021-01-18,2860.2100
2021-01-15,2857.9399
2021-01-14,2854.9900
2021-01-13,2851.8601
2021-01-12,2855.4700
2021-01-11,2863.8000
2021-01-08,2867.3999
2021-01-07,2863.5100
2021-01-06,2869.7400
2021-01-05,2867.5300
2021-01-04,2867.4700
2020-12-30,2870.1499
2020-12-29,2855.0400
2020-12-28,2834.6399
2020-12-23,2828.4399
2020-12-22,2807.1499
2020-12-21,2794.5601
2020-12-18,2794.4299
2020-12-17,2775.7800
2020-12-16,2770.6399
2020-12-15,2767.4299
2020-12-14,2761.4099
2020-12-11,2768.6699
2020-12-10,2767.5801
2020-12-09,2770.6599
2020-12-08,2780.0000
2020-12-07,2783.2400
2020-12-04,2794.1799
2020-12-03,2800.6201
2020-12-02,2797.7300
2020-12-01,2803.5100
2020-11-30,2808.5601
2020-11-27,2811.5300
2020-11-26,2800.3799
2020-11-25,2799.5000
2020-11-24,2796.5100
2020-11-23,2796.9299
2020-11-20,2796.0400
2020-11-19,2794.7900
2020-11-18,2800.8899
2020-11-17,2802.8101
2020-11-16,2802.8899
2020-11-13,2803.3999
2020-11-12,2801.2600
2020-11-11,2806.6599
2020-11-10,2807.1499
2020-11-09,2802.9500
2020-11-06,2795.0300
2020-11-05,2785.9900
2020-11-04,2772.4900
2020-11-03,2766.5500
2020-10-30,2766.7600
2020-10-29,2774.5801
2020-10-28,2772.9199
2020-10-27,2803.0100
2020-10-26,2809.8601
2020-10-23,2820.4399
2020-10-22,2826.9900
2020-10-21,2828.7500
2020-10-20,2823.7500
2020-10-19,2818.1001
2020-10-16,2816.8301
2020-10-15,2812.6799
2020-10-14,2809.7400
2020-10-13,2808.2700
2020-10-09,2807.7700
2020-10-08,2804.7800
2020-10-07,2799.2700
2020-10-06,2795.0500
2020-10-05,2788.6399
2020-10-02,2794.9099
2020-10-01,2789.1499
2020-09-30,2794.8799
2020-09-29,2784.2000
2020-09-28,2782.1799
2020-09-25,2788.1101
2020-09-24,2789.5701
2020-09-23,2790.1899
2020-09-22,2788.8101
2020-09-21,2787.2700
2020-09-18,2797.8201
2020-09-17,2800.0400
2020-09-16,2802.7600
2020-09-15,2802.1899
2020-09-14,2792.7600
2020-09-11,2791.8000
2020-09-10,2793.0100
2020-09-09,2788.5300
2020-09-08,2786.8201
2020-09-04,2789.0200
2020-09-03,2779.6201
2020-09-02,2782.6899
2020-09-01,2774.6599
2020-08-31,2782.1001
2020-08-28,2781.8401
2020-08-27,2777.8701
2020-08-26,2776.6699
2020-08-25,2777.3999
2020-08-24,2780.1799
2020-08-21,2770.6599
2020-08-20,2760.7800
2020-08-19,2758.4600
2020-08-18,2755.2500
2020-08-17,2748.6001
2020-08-14,2755.6699
2020-08-13,2747.5601
2020-08-12,2740.7700
2020-08-11,2745.3799
2020-08-10,2745.6699
2020-08-07,2732.4399
2020-08-06,2712.4500
2020-08-05,2720.5200
2020-08-04,2714.2900
2020-08-03,2714.2700
2020-07-31,2733.1201
2020-07-30,2733.6499
2020-07-29,2723.2400
2020-07-28,2722.7100
2020-07-27,2722.7700
2020-07-24,2730.9199
2020-07-23,2732.8401
2020-07-22,2735.6899
2020-07-21,2732.1899
2020-07-20,2724.5100
2020-07-17,2741.6399
2020-07-16,2743.4399
2020-07-15,2746.2300
2020-07-14,2742.7000
2020-07-13,2751.1799
2020-07-10,2766.9099
2020-07-09,2766.1001
2020-07-08,2779.5801
2020-07-07,2798.3301
2020-07-06,2802.4099
2020-07-03,2813.1599
2020-07-02,2813.1499
2020-07-01,2816.0400
2020-06-30,2806.2800
2020-06-29,2787.2400
2020-06-26,2790.3799
2020-06-25,2793.0500
2020-06-24,2786.7200
2020-06-23,2793.5100
2020-06-22,2792.4199
2020-06-19,2804.0100
2020-06-18,2794.6699
2020-06-17,2789.0701
2020-06-16,2783.4900
2020-06-15,2777.8201
2020-06-12,2782.0200
2020-06-10,2799.3799
2020-06-09,2792.4500
2020-06-08,2793.5200
2020-06-05,2772.8301
2020-06-04,2744.8000
2020-06-03,2730.4299
2020-06-02,2704.7200
2020-06-01,2676.2300
2020-05-29,2657.6799
2020-05-28,2640.3201
2020-05-27,2627.9600
2020-05-26,2615.5400
2020-05-25,2604.3201
2020-05-22,2588.1001
2020-05-21,2575.6599
2020-05-20,2569.8999
2020-05-19,2567.3101
2020-05-18,2563.8301
2020-05-15,2563.3000
2020-05-14,2548.0300
2020-05-13,2558.5901
2020-05-12,2581.1799
2020-05-11,2588.0901
2020-05-08,2582.7800
2020-05-07,2579.9700
2020-05-06,2586.3601
2020-05-05,2587.5500
2020-05-04,2582.4900
2020-04-30,2603.6201
2020-04-29,2593.2600
2020-04-28,2572.8701
2020-04-27,2556.9099
2020-04-24,2528.5300
2020-04-23,2592.5400
2020-04-22,2573.0601
2020-04-20,2555.5500
2020-04-17,2559.4800
2020-04-16,2550.1799
2020-04-15,2544.4399
2020-04-14,2549.1699
2020-04-13,2527.6599
2020-04-09,2520.2100
2020-04-08,2503.8101
2020-04-07,2483.4199
2020-04-06,2438.1101
2020-04-03,2417.7400
2020-04-02,2445.7400
2020-04-01,2464.2900
2020-03-31,2494.1001
2020-03-30,2477.3000
2020-03-27,2468.8501
2020-03-26,2443.2400
2020-03-25,2360.0500
2020-03-24,2230.2100
2020-03-23,2169.2600
2020-03-20,2276.6001
2020-03-19,2207.2700
2020-03-18,2187.3799
2020-03-17,2520.8999
2020-03-16,2575.8101
2020-03-13,2701.0701
2020-03-12,2661.4099
2020-03-11,2848.5100
2020-03-10,2901.6799
2020-03-09,2861.0300
2020-03-06,2966.3301
2020-03-05,2993.9500
2020-03-04,3002.8000
2020-03-03,2999.0901
2020-03-02,2985.3301
2020-02-28,2963.8101
2020-02-27,2972.4600
2020-02-26,2972.6799
2020-02-21,3017.5701
2020-02-20,3013.1201
2020-02-19,3012.9199
2020-02-18,3025.3601
2020-02-17,3046.9500
2020-02-14,3048.9299
2020-02-13,3039.6001
2020-02-12,3034.2000
2020-02-11,3020.3101
2020-02-10,3004.5701
2020-02-07,3028.2800
2020-02-06,3042.8701
2020-02-05,3048.4500
2020-02-04,3058.5500
2020-02-03,3056.0000
2020-01-31,3077.2800
2020-01-30,3076.0500
2020-01-29,3087.8999
2020-01-28,3100.0901
2020-01-27,3092.2300
2020-01-24,3119.9099
2020-01-23,3121.2100
2020-01-22,3120.3999
2020-01-21,3126.0801
2020-01-20,3139.2200
2020-01-17,3151.0701
2020-01-16,3162.3000
2020-01-15,3175.2000
2020-01-14,3182.5300
2020-01-13,3179.3999
2020-01-10,3174.9500
2020-01-09,3167.4900
2020-01-08,3183.9500
2020-01-07,3239.8101
2020-01-06,3249.5000
2020-01-03,3253.7600
2020-01-02,3225.1499
2019-12-30,3197.5801
2019-12-27,3169.3000
2019-12-26,3134.8000
2019-12-23,3085.8201
2019-12-20,3051.8000
2019-12-19,3026.2700
2019-12-18,3011.5901
2019-12-17,2996.6201
2019-12-16,2989.9600
2019-12-13,2981.0400
2019-12-12,2971.8301
2019-12-11,2958.7800
2019-12-10,2945.8601
2019-12-09,2934.7100
2019-12-06,2931.2700
2019-12-05,2919.1699
2019-12-04,2916.2800
2019-12-03,2907.5200
2019-12-02,2891.7500
2019-11-29,2890.2600
2019-11-28,2884.4800
2019-11-27,2877.2600
2019-11-26,2876.5901
2019-11-25,2872.5500
2019-11-22,2872.0901
2019-11-21,2859.1499
2019-11-19,2852.1499
2019-11-18,2838.3501
2019-11-14,2829.7200
2019-11-13,2824.7900
2019-11-12,2827.7700
2019-11-11,2828.6599
2019-11-08,2833.0500
2019-11-07,2826.5100
2019-11-06,2813.6399
2019-11-05,2802.3799
2019-11-04,2804.8899
2019-11-01,2795.7500
2019-10-31,2791.9800
2019-10-30,2778.2100
2019-10-29,2769.7000
2019-10-28,2769.0400
2019-10-25,2766.3999
2019-10-24,2758.9099
2019-10-23,2755.3899
2019-10-22,2747.4500
2019-10-21,2741.2700
2019-10-18,2726.2600
2019-10-17,2717.3101
2019-10-16,2715.7200
2019-10-15,2706.0901
2019-10-14,2697.4700
2019-10-11,2696.6299
2019-10-10,2689.0400
2019-10-09,2684.6101
2019-10-08,2682.9600
2019-10-07,2681.5300
2019-10-04,2682.4900
2019-10-03,2676.0400
2019-10-02,2676.9099
2019-10-01,2677.0100
2019-09-30,2684.2600
2019-09-27,2677.7800
2019-09-26,2669.5400
2019-09-25,2672.3601
2019-09-24,2667.8601
2019-09-23,2666.5801
2019-09-20,2667.6399
2019-09-19,2664.4900
2019-09-18,2659.0000
2019-09-17,2658.9800
2019-09-16,2655.7400
2019-09-13,2658.1599
2019-09-12,2655.6499
2019-09-11,2652.1699
2019-09-10,2657.6399
2019-09-09,2658.0901
2019-09-06,2659.7100
2019-09-05,2660.3101
2019-09-04,2662.1399
2019-09-03,2657.4299
2019-09-02,2656.7200
2019-08-30,2656.6899
2019-08-29,2639.4399
2019-08-28,2632.1699
2019-08-27,2624.2300
2019-08-26,2621.4299
2019-08-23,2627.4500
2019-08-22,2626.3401
2019-08-21,2625.5000
2019-08-20,2623.9800
2019-08-19,2633.3701
2019-08-16,2637.1299
2019-08-15,2627.0500
2019-08-14,2629.3201
2019-08-13,2635.8799
2019-08-12,2629.1899
2019-08-09,2638.8899
2019-08-08,2650.8501
2019-08-07,2653.3501
2019-08-06,2649.5500
2019-08-05,2647.2700
2019-08-02,2661.5000
2019-08-01,2653.1799
2019-07-31,2659.5500
2019-07-30,2650.1499
2019-07-29,2644.1699
2019-07-26,2633.7500
2019-07-25,2625.7800
2019-07-24,2628.5801
2019-07-23,2626.8501
2019-07-22,2621.8601
2019-07-19,2624.7100
2019-07-18,2628.9199
2019-07-17,2628.5000
2019-07-16,2623.5300
2019-07-15,2620.0901
2019-07-12,2624.1799
2019-07-11,2625.3999
2019-07-10,2628.6599
2019-07-08,2637.8799
2019-07-05,2641.2200
2019-07-04,2634.8701
2019-07-03,2639.0200
2019-07-02,2630.8899
2019-07-01,2628.5901
2019-06-28,2626.1001
2019-06-27,2609.3799
2019-06-26,2604.7200
2019-06-25,2598.1399
2019-06-24,2598.1001
2019-06-21,2592.5500
2019-06-19,2580.4900
2019-06-18,2573.3501
2019-06-17,2563.8401
2019-06-14,2561.2400
2019-06-13,2559.0601
2019-06-12,2559.7300
2019-06-11,2560.2900
2019-06-10,2565.0601
2019-06-07,2567.9900
2019-06-06,2560.6001
2019-06-05,2558.8601
2019-06-04,2557.3000
2019-06-03,2557.0000
2019-05-31,2552.6899
2019-05-30,2543.7600
2019-05-29,2528.6399
2019-05-28,2522.4800
2019-05-27,2519.2000
2019-05-24,2517.5701
2019-05-23,2510.4600
2019-05-22,2509.9700
2019-05-21,2503.3601
2019-05-20,2497.6599
2019-05-17,2497.3601
2019-05-16,2496.8799
2019-05-15,2491.0400
2019-05-14,2488.8701
2019-05-13,2484.2300
2019-05-10,2491.9900
2019-05-09,2493.3000
2019-05-08,2496.4600
2019-05-07,2496.0601
2019-05-06,2496.2600
2019-05-03,2505.4700
2019-05-02,2503.6799
2019-04-30,2508.4500
2019-04-29,2498.4299
2019-04-26,2498.0200
2019-04-25,2491.3000
2019-04-24,2492.8501
2019-04-23,2493.8701
2019-04-22,2491.7000
2019-04-18,2492.3799
2019-04-17,2486.9700
2019-04-16,2483.8701
2019-04-15,2487.8601
2019-04-12,2483.0500
2019-04-11,2486.5300
2019-04-10,2481.7900
2019-04-09,2481.7400
2019-04-08,2480.3999
2019-04-05,2484.6201
2019-04-04,2485.9299
2019-04-03,2486.1799
2019-04-02,2482.5200
2019-04-01,2481.8301
2019-03-29,2482.9199
2019-03-28,2476.5400
2019-03-27,2474.0000
2019-03-26,2480.7900
2019-03-25,2473.9700
2019-03-22,2471.3501
2019-03-21,2481.8799
2019-03-20,2483.0500
2019-03-19,2480.1699
2019-03-18,2485.3501
2019-03-15,2482.7700
2019-03-14,2471.0000
2019-03-13,2464.9099
2019-03-12,2464.6799
2019-03-11,2463.5000
2019-03-08,2460.0701
2019-03-07,2457.0901
2019-03-06,2451.6799
2019-03-01,2444.3601
2019-02-28,2434.5601
2019-02-27,2420.8799
2019-02-26,2409.4600
2019-02-25,2403.9299
2019-02-22,2413.8999
2019-02-21,2409.8201
2019-02-20,2418.2600
2019-02-19,2413.1899
2019-02-18,2413.4800
2019-02-15,2406.9099
2019-02-14,2404.0100
2019-02-13,2403.9600
2019-02-12,2403.8101
2019-02-11,2405.9099
2019-02-08,2402.6101
2019-02-07,2400.8301
2019-02-06,2398.7100
2019-02-05,2404.1399
2019-02-04,2405.5701
2019-02-01,2407.8701
2019-01-31,2409.6899
2019-01-30,2398.0400
2019-01-29,2392.9600
2019-01-28,2380.5701
2019-01-24,2387.9800
2019-01-23,2390.3701
2019-01-22,2395.4900
2019-01-21,2396.4099
2019-01-18,2398.2100
2019-01-17,2390.5100
2019-01-16,2390.7600
2019-01-15,2386.3401
2019-01-14,2388.0200
2019-01-11,2388.4299
2019-01-10,2387.9700
2019-01-09,2392.5601
2019-01-08,2390.1399
2019-01-07,2389.2900
2019-01-04,2385.0901
2019-01-03,2379.1799
2019-01-02,2367.7500
2018-12-28,2351.5901
2018-12-27,2344.9299
2018-12-26,2332.1299
2018-12-21,2330.0701
2018-12-20,2311.4700
2018-12-19,2310.0300
2018-12-18,2310.1299
2018-12-17,2305.4800
2018-12-14,2305.3799
2018-12-13,2299.1399
2018-12-12,2293.6499
2018-12-11,2298.5500
2018-12-10,2295.9299
2018-12-07,2296.0200
2018-12-06,2294.6001
2018-12-05,2294.9500
2018-12-04,2293.6899
2018-12-03,2302.0901
2018-11-30,2300.4700
2018-11-29,2300.0500
2018-11-28,2290.5300
2018-11-27,2287.2600
2018-11-26,2288.0701
2018-11-23,2283.6699
2018-11-22,2283.0200
2018-11-21,2279.6399
2018-11-19,2283.0200
2018-11-16,2277.6299
2018-11-14,2272.1599
2018-11-13,2259.9099
2018-11-12,2262.1001
2018-11-09,2260.2700
2018-11-08,2253.8501
2018-11-07,2253.2800
2018-11-06,2249.3201
2018-11-05,2251.5601
2018-11-01,2250.6201
2018-10-31,2242.4399
2018-10-30,2233.9900
2018-10-29,2223.3701
2018-10-26,2220.2400
2018-10-25,2213.8501
2018-10-24,2207.3301
2018-10-23,2206.5701
2018-10-22,2200.8799
2018-10-19,2192.1899
2018-10-18,2188.4199
2018-10-17,2189.1299
2018-10-16,2187.1201
2018-10-15,2188.2500
2018-10-11,2176.0701
2018-10-10,2174.2000
2018-10-09,2172.4900
2018-10-08,2159.5000
2018-10-05,2153.1001
2018-10-04,2141.8899
2018-10-03,2145.8201
2018-10-02,2133.4500
2018-10-01,2128.3799
2018-09-28,2134.8000
2018-09-27,2128.8201
2018-09-26,2129.0300
2018-09-25,2135.0100
2018-09-24,2141.5400
2018-09-21,2141.7900
2018-09-20,2142.5000
2018-09-19,2141.6001
2018-09-18,2137.1599
2018-09-17,2134.0701
2018-09-14,2132.5100
2018-09-13,2137.9700
2018-09-12,2134.3899
2018-09-11,2126.8701
2018-09-10,2131.9299
2018-09-06,2135.7500
2018-09-05,2135.8301
2018-09-04,2135.2400
2018-09-03,2135.4700
2018-08-31,2139.3899
2018-08-30,2136.1799
2018-08-29,2134.6899
2018-08-28,2136.3999
2018-08-27,2134.7600
2018-08-24,2131.1799
2018-08-23,2131.2700
2018-08-22,2142.2500
2018-08-21,2144.5500
2018-08-20,2142.4199
2018-08-17,2149.2000
2018-08-16,2152.3799
2018-08-15,2140.8601
2018-08-14,2145.1001
2018-08-13,2139.3999
2018-08-10,2143.8101
2018-08-09,2152.5801
2018-08-08,2152.5801
2018-08-07,2152.1599
2018-08-06,2154.6101
2018-08-03,2154.2100
2018-08-02,2150.5701
2018-08-01,2148.8601
2018-07-31,2154.4399
2018-07-30,2145.7000
2018-07-27,2144.9299
2018-07-26,2146.8799
2018-07-25,2152.6899
2018-07-24,2151.1399
2018-07-23,2153.3899
2018-07-20,2155.2300
2018-07-19,2150.2800
2018-07-18,2147.9600
2018-07-17,2147.8101
2018-07-16,2139.5701
2018-07-13,2146.8301
2018-07-12,2143.8799
2018-07-11,2155.6201
2018-07-10,2148.7300
2018-07-06,2153.8000
2018-07-05,2149.0300
2018-07-04,2139.6499
2018-07-03,2144.4099
2018-07-02,2132.7800
2018-06-29,2125.2200
2018-06-28,2110.9099
2018-06-27,2109.2700
2018-06-26,2101.8201
2018-06-25,2093.8301
2018-06-22,2094.4990
2018-06-21,2091.3601
2018-06-20,2089.3000
2018-06-19,2085.2390
2018-06-18,2090.1721
2018-06-15,2106.2109
2018-06-14,2118.4990
2018-06-13,2127.6021
2018-06-12,2136.0400
2018-06-11,2139.1001
2018-06-08,2142.9861
2018-06-07,2161.6479
2018-06-06,2195.0471
2018-06-05,2209.8870
2018-06-04,2211.5559
2018-06-01,2211.6709
2018-05-30,2214.1050
2018-05-29,2203.5879
2018-05-28,2184.6860
2018-05-25,2206.6299
2018-05-24,2209.3899
2018-05-23,2220.0171
2018-05-22,2217.7451
2018-05-21,2239.3989
2018-05-18,2250.8269
2018-05-17,2265.2009
2018-05-16,2277.6951
2018-05-15,2294.2610
2018-05-14,2300.9529
2018-05-11,2303.0630
2018-05-10,2302.6851
2018-05-09,2305.5220
2018-05-08,2309.0471
2018-05-07,2313.0801
2018-05-04,2327.3850
2018-05-03,2327.2959
2018-05-02,2326.4280
2018-04-30,2337.2539
2018-04-27,2325.7939
2018-04-26,2319.6111
2018-04-25,2315.8811
2018-04-24,2326.7429
2018-04-23,2330.9951
2018-04-20,2334.1169
2018-04-19,2340.6299
2018-04-18,2340.9961
2018-04-17,2344.6179
2018-04-16,2343.2849
2018-04-13,2348.6721
2018-04-12,2346.0801
2018-04-11,2347.5349
2018-04-10,2346.6370
2018-04-09,2352.3359
2018-04-06,2362.1770
2018-04-05,2351.5750
2018-04-04,2359.6709
2018-04-03,2359.1279
2018-04-02,2353.9629
2018-03-29,2357.5420
2018-03-28,2353.5190
2018-03-27,2349.6121
2018-03-26,2345.6460
2018-03-23,2338.5701
2018-03-22,2333.5281
2018-03-21,2328.0081
2018-03-20,2329.4709
2018-03-19,2324.4109
2018-03-16,2322.1101
2018-03-15,2322.0391
2018-03-14,2317.8611
2018-03-13,2316.9509
2018-03-12,2312.8501
2018-03-09,2307.5481
2018-03-08,2301.4419
2018-03-07,2296.4709
2018-03-06,2294.7920
2018-03-05,2295.3979
2018-03-02,2297.1021
2018-03-01,2303.7451
2018-02-28,2311.4099
2018-02-27,2296.5161
2018-02-26,2297.9910
2018-02-23,2294.8770
2018-02-22,2287.5491
2018-02-21,2284.8540
2018-02-20,2282.6531
2018-02-19,2279.8279
2018-02-16,2277.5930
2018-02-15,2269.9209
2018-02-14,2268.4290
2018-02-09,2268.5720
2018-02-08,2267.2800
2018-02-07,2267.0940
2018-02-06,2267.6150
2018-02-05,2267.3621
2018-02-02,2272.8030
2018-02-01,2275.9919
2018-01-31,2285.2329
2018-01-30,2278.1421
2018-01-29,2275.4199
2018-01-26,2279.1360
2018-01-24,2265.3789
2018-01-23,2259.9990
2018-01-22,2263.3469
2018-01-19,2267.6689
2018-01-18,2264.6250
2018-01-17,2262.3721
2018-01-16,2258.7080
2018-01-15,2250.3760
2018-01-12,2251.5640
2018-01-11,2246.5549
2018-01-10,2243.4080
2018-01-09,2240.9270
2018-01-08,2242.5920
2018-01-05,2244.8130
2018-01-04,2248.2920
2018-01-03,2247.4451
2018-01-02,2238.0510
2017-12-28,2226.4570
2017-12-27,2217.0129
2017-12-26,2203.3689
2017-12-22,2187.0769
2017-12-21,2190.3730
2017-12-20,2191.3779
2017-12-19,2196.7151
2017-12-18,2194.1809
2017-12-15,2194.8911
2017-12-14,2190.2310
2017-12-13,2194.3679
2017-12-12,2193.5750
2017-12-11,2193.4670
2017-12-08,2205.6389
2017-12-07,2197.8640
2017-12-06,2207.2380
2017-12-05,2205.3840
2017-12-04,2203.3030
2017-12-01,2205.5630
2017-11-30,2213.0759
2017-11-29,2209.0220
2017-11-28,2215.3501
2017-11-27,2211.3301
2017-11-24,2223.0659
2017-11-23,2220.6560
2017-11-22,2217.9141
2017-11-21,2216.6589
2017-11-17,2211.4800
2017-11-16,2208.7830
2017-11-14,2208.7200
2017-11-13,2209.1531
2017-11-10,2207.9419
2017-11-09,2215.0859
2017-11-08,2212.9851
2017-11-07,2210.0630
2017-11-06,2212.1851
2017-11-03,2209.9050
2017-11-01,2221.1121
2017-10-31,2226.2581
2017-10-30,2222.8521
2017-10-27,2215.6890
2017-10-26,2211.9971
2017-10-25,2209.9490
2017-10-24,2202.8401
2017-10-23,2199.4441
2017-10-20,2195.4661
2017-10-19,2232.0850
2017-10-18,2232.4971
2017-10-17,2235.0701
2017-10-16,2234.9290
2017-10-13,2238.3250
2017-10-11,2241.0801
2017-10-10,2232.7529
2017-10-09,2234.4490
2017-10-06,2232.7151
2017-10-05,2238.9360
2017-10-04,2237.7310
2017-10-03,2234.8091
2017-10-02,2225.0730
2017-09-29,2221.0530
2017-09-28,2214.0320
2017-09-27,2214.7810
2017-09-26,2213.3730
2017-09-25,2210.3350
2017-09-22,2213.9141
2017-09-21,2202.8010
2017-09-20,2204.8059
2017-09-19,2191.3530
2017-09-18,2190.9729
2017-09-15,2178.0320
2017-09-14,2162.5659
2017-09-13,2158.0481
2017-09-12,2151.7949
2017-09-11,2165.4751
2017-09-08,2150.5481
2017-09-06,2125.0979
2017-09-05,2112.5820
2017-09-04,2102.2900
2017-09-01,2098.2991
2017-08-31,2084.0000
2017-08-30,2082.3340
2017-08-29,2078.4209
2017-08-28,2081.6941
2017-08-25,2072.9929
2017-08-24,2072.5081
2017-08-23,2066.5581
2017-08-22,2065.8789
2017-08-21,2067.3479
2017-08-18,2062.4541
2017-08-17,2066.1250
2017-08-16,2073.4929
2017-08-15,2066.6931
2017-08-14,2071.6550
2017-08-11,2076.9199
2017-08-10,2071.4131
2017-08-09,2070.9900
2017-08-08,2074.5010
2017-08-07,2078.5549
2017-08-04,2073.9470
2017-08-03,2071.4341
2017-08-02,2067.2900
2017-08-01,2063.6370
2017-07-31,2066.1909
2017-07-28,2064.9951
2017-07-27,2063.5161
2017-07-26,2053.6931
2017-07-25,2052.4839
2017-07-24,2058.4089
2017-07-21,2059.7319
2017-07-20,2057.9460
2017-07-19,2061.5959
2017-07-18,2060.9099
2017-07-17,2057.4619
2017-07-14,2059.2629
2017-07-13,2054.4121
2017-07-12,2061.2319
2017-07-11,2051.8630
2017-07-10,2053.9331
2017-07-07,2052.8660
2017-07-06,2053.2190
2017-07-05,2055.2480
2017-07-04,2067.2800
2017-07-03,2072.7600
2017-06-30,2074.1440
2017-06-29,2065.1990
2017-06-28,2062.6770
2017-06-27,2070.3430
2017-06-26,2070.1431
2017-06-23,2071.7151
2017-06-22,2077.2229
2017-06-21,2072.6589
2017-06-20,2065.3879
2017-06-19,2065.1069
2017-06-16,2064.1560
2017-06-14,2061.9519
2017-06-13,2054.4541
2017-06-12,2058.7451
2017-06-09,2064.6841
2017-06-08,2057.0740
2017-06-07,2068.0969
2017-06-06,2065.4939
2017-06-05,2063.1560
2017-06-02,2077.3599
2017-06-01,2068.5339
2017-05-31,2056.7529
2017-05-30,2055.8010
2017-05-29,2056.9861
2017-05-26,2054.0000
2017-05-25,2041.5649
2017-05-24,2041.6060
2017-05-23,2032.6060
2017-05-22,2027.8090
2017-05-19,2034.7980
2017-05-18,2009.9360
2017-05-17,2072.2461
2017-05-16,2072.8169
2017-05-15,2067.6221
2017-05-12,2059.6055
2017-05-11,2049.0251
2017-05-10,2051.2104
2017-05-09,2050.4231
2017-05-08,2046.7303
2017-05-05,2047.1655
2017-05-04,2038.6129
2017-05-03,2045.8290
2017-05-02,2039.8615
2017-04-28,2035.8582
2017-04-27,2025.2179
2017-04-26,2026.3699
2017-04-25,2023.5286
2017-04-24,2028.6233
2017-04-20,2026.0569
2017-04-19,2027.3424
2017-04-18,2028.7629
2017-04-17,2027.9828
2017-04-13,2029.7847
2017-04-12,2028.3732
2017-04-11,2026.3970
2017-04-10,2024.3752
2017-04-07,2024.9462
2017-04-06,2021.4993
2017-04-05,2016.9106
2017-04-04,2017.5211
2017-04-03,2014.5980
2017-03-31,2032.8193
2017-03-30,2026.0861
2017-03-29,2016.8436
2017-03-28,2023.3934
2017-03-27,2025.1554
2017-03-24,2034.2184
2017-03-23,2035.4675
2017-03-22,2040.0270
2017-03-21,2035.8065
2017-03-20,2042.5790
2017-03-17,2043.9751
2017-03-16,2047.4001
2017-03-15,2038.0840
2017-03-14,2037.5367
2017-03-13,2038.0323
2017-03-10,2041.1945
2017-03-09,2037.0497
2017-03-08,2038.2858
2017-03-07,2043.2894
2017-03-06,2038.0223
2017-03-03,2040.7316
2017-03-02,2030.4543
2017-03-01,2033.8444
2017-02-24,2028.8596
2017-02-23,2010.4922
2017-02-22,2009.3164
2017-02-21,1995.0228
2017-02-20,1990.8884
2017-02-17,1985.0911
2017-02-16,1977.2524
2017-02-15,1979.1089
2017-02-14,1977.4548
2017-02-13,1965.0101
2017-02-10,1954.3654
2017-02-09,1955.5233
2017-02-08,1952.5889
2017-02-07,1949.0414
2017-02-06,1947.4420
2017-02-03,1947.3344
2017-02-02,1941.8243
2017-02-01,1933.7527
2017-01-31,1934.6967
2017-01-30,1926.5156
2017-01-27,1923.8066
2017-01-26,1922.7749
2017-01-24,1926.8705
2017-01-23,1928.7239
2017-01-20,1921.6519
2017-01-19,1918.6405
2017-01-18,1916.5071
2017-01-17,1912.0123
2017-01-16,1907.9761
2017-01-13,1903.6542
2017-01-12,1892.0558
2017-01-11,1883.2625
2017-01-10,1882.4030
2017-01-09,1873.8090
2017-01-06,1879.7249
2017-01-05,1873.4242
2017-01-04,1874.0334
2017-01-03,1873.8993
2017-01-02,1872.4292
2016-12-29,1864.6182
2016-12-28,1858.2794
2016-12-27,1861.2286
2016-12-26,1860.5646
2016-12-23,1852.4097
2016-12-22,1857.4780
2016-12-21,1857.6910
2016-12-20,1846.9736
2016-12-19,1845.4417
2016-12-16,1848.9452
2016-12-15,1848.5656
2016-12-14,1842.6514
2016-12-13,1843.1030
2016-12-12,1851.6550
2016-12-09,1848.0725
2016-12-08,1837.0059
2016-12-07,1835.4980
2016-12-06,1835.8104
2016-12-05,1832.1620
2016-12-02,1839.2594
2016-12-01,1836.2996
2016-11-30,1837.1322
2016-11-29,1835.0922
2016-11-28,1832.6770
2016-11-25,1830.1560
2016-11-24,1830.6855
2016-11-23,1831.5488
2016-11-22,1837.0732
2016-11-21,1829.2726
2016-11-18,1837.8933
2016-11-17,1840.7054
2016-11-16,1837.1823
2016-11-14,1838.8668
2016-11-11,1848.1807
2016-11-10,1856.1041
2016-11-09,1868.5988
2016-11-08,1872.3125
2016-11-07,1874.9784
2016-11-04,1881.6119
2016-11-03,1880.6333
2016-11-01,1889.3217
2016-10-31,1885.9198
2016-10-28,1879.0044
2016-10-27,1869.3677
2016-10-26,1863.7177
2016-10-25,1857.5197
2016-10-24,1853.9075
2016-10-21,1848.6442
2016-10-20,1845.5221
2016-10-19,1842.7806
2016-10-18,1838.5846
2016-10-17,1831.3474
2016-10-14,1826.1821
2016-10-13,1818.4606
2016-10-11,1818.7272
2016-10-10,1820.1678
2016-10-07,1815.6483
2016-10-06,1814.9148
2016-10-05,1815.7313
2016-10-04,1810.7390
2016-10-03,1816.5660
2016-09-30,1816.0531
2016-09-29,1810.0017
2016-09-28,1803.3322
2016-09-27,1801.2139
2016-09-26,1793.6674
2016-09-23,1790.8296
2016-09-22,1781.4039
2016-09-21,1775.6569
2016-09-20,1775.8617
2016-09-19,1775.3756
2016-09-16,1768.7980
2016-09-15,1770.8892
2016-09-14,1772.7284
2016-09-13,1766.5176
2016-09-12,1770.6519
2016-09-09,1774.0381
2016-09-08,1777.1926
2016-09-06,1771.5771
2016-09-05,1773.9999
2016-09-02,1773.8068
2016-09-01,1760.5122
2016-08-31,1767.1150
2016-08-30,1762.7759
2016-08-29,1762.6428
2016-08-26,1758.5511
2016-08-25,1751.8680
2016-08-24,1748.7266
2016-08-23,1745.9314
2016-08-22,1746.9768
2016-08-19,1748.3339
2016-08-18,1740.2947
2016-08-17,1740.3363
2016-08-16,1753.9414
2016-08-15,1755.3306
2016-08-12,1752.6901
2016-08-11,1748.6821
2016-08-10,1751.3715
2016-08-09,1751.0179
2016-08-08,1753.1588
2016-08-05,1750.7194
2016-08-04,1750.1824
2016-08-03,1742.4806
2016-08-02,1741.9987
2016-08-01,1735.0031
2016-07-29,1735.9965
2016-07-28,1736.1515
2016-07-27,1735.3666
2016-07-26,1728.2002
2016-07-25,1731.1578
2016-07-22,1725.0284
2016-07-21,1715.0289
2016-07-20,1709.8503
2016-07-19,1700.4315
2016-07-18,1685.3103
2016-07-15,1673.4872
2016-07-14,1661.6565
2016-07-13,1655.4816
2016-07-12,1654.5604
2016-07-11,1654.8763
2016-07-08,1651.7329
2016-07-07,1645.6455
2016-07-06,1643.7441
2016-07-05,1646.3729
2016-07-04,1645.9866
2016-07-01,1647.4407
2016-06-30,1638.1643
2016-06-29,1635.5922
2016-06-28,1632.7645
2016-06-27,1629.3455
2016-06-24,1629.9440
2016-06-23,1631.1364
2016-06-22,1632.5309
2016-06-21,1633.0421
2016-06-20,1634.1119
2016-06-17,1632.7419
2016-06-16,1633.8887
2016-06-15,1635.4622
2016-06-14,1632.8615
2016-06-13,1639.2170
2016-06-10,1642.7397
2016-06-09,1636.7651
2016-06-08,1634.7101
2016-06-07,1620.8282
2016-06-06,1629.4824
2016-06-03,1619.8070
2016-06-02,1619.2852
2016-06-01,1617.4371
2016-05-31,1612.3619
2016-05-30,1609.5144
2016-05-27,1602.6063
2016-05-25,1601.0463
2016-05-24,1600.1029
2016-05-23,1596.1241
2016-05-20,1602.1244
2016-05-19,1598.1906
2016-05-18,1606.6221
2016-05-17,1607.4987
2016-05-16,1603.5253
2016-05-13,1592.3629
2016-05-12,1582.7729
2016-05-11,1569.8351
2016-05-10,1564.0416
2016-05-09,1551.7354
2016-05-06,1558.9399
2016-05-05,1552.0931
2016-05-04,1547.0548
2016-05-03,1553.1953
2016-05-02,1558.1981
2016-04-29,1554.1733
2016-04-28,1549.8914
2016-04-27,1543.6266
2016-04-26,1537.0629
2016-04-25,1526.9939
2016-04-22,1522.9844
2016-04-20,1520.8173
2016-04-19,1515.2919
2016-04-18,1515.8147
2016-04-15,1512.7747
2016-04-14,1499.6368
2016-04-13,1497.0511
2016-04-12,1488.8730
2016-04-11,1481.1285
2016-04-08,1483.0026
2016-04-07,1475.7341
2016-04-06,1481.2437
2016-04-05,1478.4125
2016-04-04,1481.3212
2016-04-01,1487.4448
2016-03-31,1485.7554
2016-03-30,1478.6342
2016-03-29,1479.8918
2016-03-28,1469.4832
2016-03-24,1455.1729
2016-03-23,1458.8582
2016-03-22,1453.7365
2016-03-21,1439.1416
2016-03-18,1444.1073
2016-03-17,1431.6885
2016-03-16,1415.6263
2016-03-15,1417.6855
2016-03-14,1423.5131
2016-03-11,1413.5035
2016-03-10,1407.1392
2016-03-09,1402.6481
2016-03-08,1394.6487
2016-03-07,1393.9069
2016-03-04,1393.3307
2016-03-03,1376.8804
2016-03-02,1369.5013
2016-03-01,1360.0183
2016-02-29,1361.0571
2016-02-26,1359.8795
2016-02-25,1352.2551
2016-02-24,1346.2126
2016-02-23,1335.4202
2016-02-22,1338.7222
2016-02-19,1338.6847
2016-02-18,1334.8168
2016-02-17,1336.7422
2016-02-16,1339.6830
2016-02-15,1330.3309
2016-02-12,1336.4440
2016-02-11,1339.8794
2016-02-10,1341.1826
2016-02-05,1338.0509
2016-02-04,1339.9517
2016-02-03,1341.5774
2016-02-02,1326.0363
2016-02-01,1327.1263
2016-01-29,1322.9590
2016-01-28,1305.9836
2016-01-27,1308.9972
2016-01-26,1316.6041
2016-01-22,1327.6040
2016-01-21,1333.7643
2016-01-20,1331.8159
2016-01-19,1344.2577
2016-01-18,1353.1204
2016-01-15,1349.1475
2016-01-14,1353.1628
2016-01-13,1372.9434
2016-01-12,1378.0669
2016-01-11,1373.4460
2016-01-08,1381.8353
2016-01-07,1386.6439
2016-01-06,1397.1826
2016-01-05,1392.1584
2016-01-04,1398.2156
2015-12-30,1409.0176
2015-12-29,1415.6124
2015-12-28,1416.3328
2015-12-23,1406.4204
2015-12-22,1405.2740
2015-12-21,1400.0302
2015-12-18,1400.5847
2015-12-17,1395.7509
2015-12-16,1371.5956
2015-12-15,1441.2855
2015-12-14,1441.0168
2015-12-11,1442.9214
2015-12-10,1447.2349
2015-12-09,1449.2788
2015-12-08,1447.8219
2015-12-07,1447.5577
2015-12-04,1441.7473
2015-12-03,1440.7692
2015-12-02,1453.4818
2015-12-01,1445.5302
2015-11-30,1452.6628
2015-11-27,1447.9340
2015-11-26,1452.5454
2015-11-25,1457.8031
2015-11-24,1463.8080
2015-11-23,1461.8217
2015-11-19,1462.1090
2015-11-18,1455.1946
2015-11-17,1456.2814
2015-11-16,1453.3643
2015-11-13,1442.8527
2015-11-12,1442.6981
2015-11-11,1444.4305
2015-11-10,1443.7454
2015-11-09,1439.2659
2015-11-06,1441.0498
2015-11-05,1438.9891
2015-11-04,1437.5984
2015-11-03,1437.5302
2015-10-30,1430.1790
2015-10-29,1431.2566
2015-10-28,1423.9772
2015-10-27,1421.9854
2015-10-26,1421.1360
2015-10-23,1417.7405
2015-10-22,1419.3358
2015-10-21,1415.8184
2015-10-20,1417.8684
2015-10-19,1416.0673
2015-10-16,1415.4939
2015-10-15,1416.2891
2015-10-14,1419.3252
2015-10-13,1418.0824
2015-10-09,1420.9109
2015-10-08,1418.4698
2015-10-07,1416.2836
2015-10-06,1410.5834
2015-10-05,1410.6392
2015-10-02,1410.7714
2015-10-01,1408.4877
2015-09-30,1400.4253
2015-09-29,1393.1592
2015-09-28,1388.2230
2015-09-25,1398.4194
2015-09-24,1393.3389
2015-09-23,1404.2552
2015-09-22,1412.9491
2015-09-21,1417.5150
2015-09-18,1425.0023
2015-09-17,1433.0288
2015-09-16,1430.7510
2015-09-15,1430.0793
2015-09-14,1425.9519
2015-09-11,1425.2351
2015-09-10,1431.7983
2015-09-09,1442.8961
2015-09-08,1447.8127
2015-09-04,1447.4882
2015-09-03,1449.9308
2015-09-02,1450.4081
2015-09-01,1452.2102
2015-08-31,1458.1289
2015-08-28,1458.0212
2015-08-27,1456.0055
2015-08-26,1449.7194
2015-08-25,1449.3293
2015-08-24,1451.1708
2015-08-21,1451.7114
2015-08-20,1451.1017
2015-08-19,1448.0840
2015-08-18,1450.9161
2015-08-17,1453.4380
2015-08-14,1451.0756
2015-08-13,1452.3558
2015-08-12,1452.1320
2015-08-11,1453.0260
2015-08-10,1454.8851
2015-08-07,1451.3738
2015-08-06,1455.9988
2015-08-05,1464.1360
2015-08-04,1466.8484
2015-08-03,1472.1230
2015-07-31,1470.7379
2015-07-30,1466.6680
2015-07-29,1467.5209
2015-07-28,1466.2307
2015-07-27,1468.2427
2015-07-24,1467.9073
2015-07-23,1472.2003
2015-07-22,1477.3522
2015-07-21,1476.7260
2015-07-20,1476.8456
2015-07-17,1478.8153
2015-07-16,1479.8651
2015-07-15,1477.5424
2015-07-14,1473.0453
2015-07-13,1474.1768
2015-07-10,1470.5583
2015-07-08,1471.6549
2015-07-07,1469.8022
2015-07-06,1465.8895
2015-07-03,1466.4812
2015-07-02,1467.4764
2015-07-01,1466.8303
2015-06-30,1460.4644
2015-06-29,1455.5468
2015-06-26,1453.3135
2015-06-25,1452.8857
2015-06-24,1452.5255
2015-06-23,1449.9594
2015-06-22,1451.3479
2015-06-19,1448.6625
2015-06-18,1451.1608
2015-06-17,1444.3098
2015-06-16,1441.5341
2015-06-15,1437.0135
2015-06-12,1434.8744
2015-06-11,1432.7971
2015-06-10,1433.7136
2015-06-09,1429.4557
2015-06-08,1428.6302
2015-06-05,1431.4669
2015-06-03,1425.7281
2015-06-02,1422.7990
2015-06-01,1419.7845
2015-05-29,1417.5464
2015-05-28,1414.2518
2015-05-27,1415.7555
2015-05-26,1412.7719
2015-05-25,1417.8513
2015-05-22,1415.4200
2015-05-21,1414.0300
2015-05-20,1410.6300
2015-05-19,1411.4600
2015-05-18,1413.5699
2015-05-15,1413.5100
2015-05-14,1409.2300
2015-05-13,1408.7600
2015-05-12,1407.8600
2015-05-11,1407.2400
2015-05-08,1405.7800
2015-05-07,1404.4900
2015-05-06,1409.7000
2015-05-05,1403.0500
2015-05-04,1398.9301
2015-04-30,1397.0601
2015-04-29,1390.1700
2015-04-28,1385.9700
2015-04-27,1384.4301
2015-04-24,1384.5300
2015-04-23,1381.3101
2015-04-22,1375.3900
2015-04-20,1372.5200
2015-04-17,1372.3900
2015-04-16,1372.2700
2015-04-15,1370.1700
2015-04-14,1362.0800
2015-04-13,1365.5500
2015-04-10,1365.7900
2015-04-09,1364.4000
2015-04-08,1364.5400
2015-04-07,1361.9399
2015-04-06,1360.7700
2015-04-02,1356.1000
2015-04-01,1354.0800
2015-03-31,1347.6300
2015-03-30,1340.0898
2015-03-27,1338.2500
2015-03-26,1332.2400
2015-03-25,1331.9900
2015-03-24,1330.4399
2015-03-23,1331.9800
2015-03-20,1333.1700
2015-03-19,1335.4102
2015-03-18,1334.1500
2015-03-17,1333.1801
2015-03-16,1333.1801
2015-03-13,1341.7500
2015-03-12,1344.5200
2015-03-11,1345.4700
2015-03-10,1343.9200
2015-03-09,1355.4200
2015-03-06,1355.1899
2015-03-05,1354.2500
2015-03-04,1355.8500
2015-03-03,1359.5300
2015-03-02,1364.5200
2015-02-27,1369.4200
2015-02-26,1368.3900
2015-02-25,1363.3700
2015-02-24,1367.9800
2015-02-23,1364.0500
2015-02-20,1362.6100
2015-02-19,1366.5601
2015-02-18,1366.0200
2015-02-13,1365.6200
2015-02-12,1364.4500
2015-02-11,1359.1899
2015-02-10,1358.3000
2015-02-09,1364.0898
2015-02-06,1367.7500
2015-02-05,1368.9900
2015-02-04,1370.6700
2015-02-03,1373.2900
2015-02-02,1372.9600
2015-01-30,1372.0601
2015-01-29,1372.9102
2015-01-28,1370.5100
2015-01-27,1372.3800
2015-01-26,1376.0699
2015-01-23,1378.6300
2015-01-22,1379.1700
2015-01-21,1374.6700
2015-01-20,1375.6801
2015-01-19,1379.2900
2015-01-16,1376.5100
2015-01-15,1371.1200
2015-01-14,1359.8800
2015-01-13,1358.9600
2015-01-12,1358.6801
2015-01-09,1355.0601
2015-01-08,1352.4500
2015-01-07,1351.0000
2015-01-06,1347.4301
2015-01-05,1352.7900
2015-01-02,1346.5200
2014-12-30,1336.7200
2014-12-29,1332.7800
2014-12-26,1329.7800
2014-12-23,1324.3900
2014-12-22,1319.5500
2014-12-19,1323.4600
2014-12-18,1318.2000
2014-12-17,1312.5601
2014-12-16,1304.1500
2014-12-15,1320.7200
2014-12-12,1321.8000
2014-12-11,1330.0200
2014-12-10,1331.1801
2014-12-09,1331.2700
2014-12-08,1336.1700
2014-12-05,1343.8398
2014-12-04,1341.8101
2014-12-03,1343.4500
2014-12-02,1351.0800
2014-12-01,1354.9700
2014-11-28,1361.5100
2014-11-27,1356.6400
2014-11-26,1357.0800
2014-11-25,1354.2400
2014-11-24,1351.5200
2014-11-21,1344.0200
2014-11-19,1341.4301
2014-11-18,1345.1100
2014-11-17,1347.1100
2014-11-14,1349.8700
2014-11-13,1352.2100
2014-11-12,1361.4000
2014-11-11,1366.5300
2014-11-10,1377.1801
2014-11-07,1383.8300
2014-11-06,1386.4700
2014-11-05,1391.9500
2014-11-04,1396.2200
2014-11-03,1398.4500
2014-10-31,1402.4600
2014-10-30,1400.4700
2014-10-29,1396.2000
2014-10-28,1397.6602
2014-10-27,1395.1300
2014-10-24,1405.5300
2014-10-23,1405.2500
2014-10-22,1409.5898
2014-10-21,1410.6100
2014-10-20,1416.4500
2014-10-17,1419.9700
2014-10-16,1416.7800
2014-10-15,1419.8600
2014-10-14,1421.2400
2014-10-13,1419.0800
2014-10-10,1419.3199
2014-10-09,1416.8800
2014-10-08,1416.1700
2014-10-07,1418.9200
2014-10-06,1414.5800
2014-10-03,1412.1899
2014-10-02,1420.1602
2014-10-01,1421.5100
2014-09-30,1421.4399
2014-09-29,1418.1200
2014-09-26,1424.1000
2014-09-25,1420.4102
2014-09-24,1419.4200
2014-09-23,1418.9600
2014-09-22,1416.8900
2014-09-19,1418.6602
2014-09-18,1424.1400
2014-09-17,1422.0200
2014-09-16,1418.4900
2014-09-15,1417.6500
2014-09-12,1414.0300
2014-09-11,1414.9200
2014-09-10,1412.5200
2014-09-09,1413.9600
2014-09-08,1412.3101
2014-09-05,1415.7600
2014-09-04,1420.6700
2014-09-03,1418.1801
2014-09-02,1418.0699
2014-09-01,1413.5100
2014-08-29,1413.1000
2014-08-28,1405.6602
2014-08-27,1400.5800
2014-08-26,1394.4900
2014-08-25,1396.1100
2014-08-22,1398.1000
2014-08-21,1399.3398
2014-08-20,1393.0500
2014-08-19,1396.9000
2014-08-18,1394.9700
2014-08-15,1397.1500
2014-08-14,1391.4800
2014-08-13,1392.7000
2014-08-12,1389.8000
2014-08-11,1391.8199
2014-08-08,1390.2500
2014-08-07,1392.7200
2014-08-06,1393.9000
2014-08-05,1397.5601
2014-08-04,1402.1899
2014-08-01,1410.0300
2014-07-31,1409.4200
2014-07-30,1408.5699
2014-07-29,1408.7000
2014-07-28,1402.9399
2014-07-25,1407.1400
2014-07-24,1406.3500
2014-07-23,1404.0601
2014-07-22,1404.8700
2014-07-21,1399.7300
2014-07-18,1394.0200
2014-07-17,1392.9500
2014-07-16,1389.6899
2014-07-15,1391.8199
2014-07-14,1390.2700
2014-07-11,1387.2000
2014-07-10,1388.3600
2014-07-08,1391.0000
2014-07-07,1386.0601
2014-07-04,1389.2500
2014-07-03,1390.7600
2014-07-02,1390.5800
2014-07-01,1387.9900
2014-06-30,1387.6300
2014-06-27,1383.5200
2014-06-26,1381.4900
2014-06-25,1381.8398
2014-06-24,1379.9500
2014-06-23,1376.3398
2014-06-20,1374.3700
2014-06-18,1376.0601
2014-06-17,1376.4399
2014-06-16,1375.3000
2014-06-13,1375.8000
2014-06-11,1372.3300
2014-06-10,1372.1602
2014-06-09,1371.7000
2014-06-06,1372.8101
2014-06-05,1369.8500
2014-06-04,1368.0800
2014-06-03,1366.5200
2014-06-02,1368.0500
2014-05-30,1369.2500
2014-05-29,1364.6000
2014-05-28,1361.0100
2014-05-27,1358.4700
2014-05-26,1357.5601
2014-05-23,1357.9102
2014-05-22,1357.7800
2014-05-21,1359.8101
2014-05-20,1358.5898
2014-05-19,1360.4301
2014-05-16,1360.4700
2014-05-15,1363.2000
2014-05-14,1361.4000
2014-05-13,1357.7400
2014-05-12,1357.7700
2014-05-09,1358.2400
2014-05-08,1358.0800
2014-05-07,1355.6000
2014-05-06,1357.1000
2014-05-05,1357.6602
2014-05-02,1359.1200
2014-04-30,1350.7600
2014-04-29,1348.5898
2014-04-28,1349.6200
2014-04-25,1347.4399
2014-04-24,1347.0898
2014-04-23,1345.9301
2014-04-22,1344.8800
2014-04-17,1344.7600
2014-04-16,1343.4700
2014-04-15,1346.1300
2014-04-14,1343.5500
2014-04-11,1337.6200
2014-04-10,1336.2100
2014-04-09,1336.2200
2014-04-08,1337.3800
2014-04-07,1340.2900
2014-04-04,1339.1400
2014-04-03,1338.6400
2014-04-02,1336.6000
2014-04-01,1335.1700
2014-03-31,1336.0699
2014-03-28,1332.9399
2014-03-27,1332.8101
2014-03-26,1330.2000
2014-03-25,1327.4399
2014-03-24,1325.6602
2014-03-21,1327.8600
2014-03-20,1323.3900
2014-03-19,1324.9000
2014-03-18,1323.2900
2014-03-17,1322.5400
2014-03-14,1321.5800
2014-03-13,1323.4200
2014-03-12,1327.9800
2014-03-11,1329.6500
2014-03-10,1327.4700
2014-03-07,1337.2500
2014-03-06,1337.7500
2014-03-05,1339.5500
2014-02-28,1330.4200
2014-02-27,1316.2000
2014-02-26,1303.4600
2014-02-25,1296.4900
2014-02-24,1284.0000
2014-02-21,1275.7600
2014-02-20,1259.5400
2014-02-19,1256.9600
2014-02-18,1251.4301
2014-02-17,1247.7800
2014-02-14,1243.7800
2014-02-13,1237.5000
2014-02-12,1234.4900
2014-02-11,1233.9102
2014-02-10,1231.3000
2014-02-07,1238.3600
2014-02-06,1241.3000
2014-02-05,1250.3700
2014-02-04,1256.7900
2014-02-03,1265.5400
2014-01-31,1282.0400
2014-01-30,1274.1700
2014-01-29,1272.3600
2014-01-28,1286.9600
2014-01-27,1289.2700
2014-01-24,1298.0800
2014-01-23,1307.9000
2014-01-22,1313.2200
2014-01-21,1318.7600
2014-01-20,1329.0500
2014-01-17,1332.0699
2014-01-16,1335.2100
2014-01-15,1347.0100
2014-01-14,1347.0699
2014-01-13,1348.0898
2014-01-10,1349.9200
2014-01-09,1363.6700
2014-01-08,1370.3199
2014-01-07,1374.3398
2014-01-06,1374.5400
2014-01-03,1374.9102
2014-01-02,1376.3101
2013-12-30,1374.7000
2013-12-27,1372.5601
2013-12-26,1363.0000
2013-12-23,1360.3300
2013-12-20,1372.0898
2013-12-19,1363.1899
2013-12-18,1359.0699
2013-12-17,1364.5400
2013-12-16,1363.4800
2013-12-13,1364.7600
2013-12-12,1370.1300
2013-12-11,1373.7300
2013-12-10,1380.5400
2013-12-09,1378.0699
2013-12-06,1386.4000
2013-12-05,1388.5300
2013-12-04,1399.8900
2013-12-03,1403.8800
2013-12-02,1407.1801
2013-11-29,1411.6700
2013-11-28,1406.2500
2013-11-27,1405.0500
2013-11-26,1406.5898
2013-11-25,1408.5200
2013-11-22,1413.0500
2013-11-21,1413.5300
2013-11-19,1411.8101
2013-11-18,1413.8500
2013-11-14,1414.3800
2013-11-13,1408.5200
2013-11-12,1412.7500
2013-11-11,1412.6200
2013-11-08,1420.7600
2013-11-07,1422.8800
2013-11-06,1424.1602
2013-11-05,1421.3000
2013-11-04,1425.1300
2013-11-01,1426.5400
2013-10-31,1423.1000
2013-10-30,1419.4800
2013-10-29,1418.2100
2013-10-28,1420.0500
2013-10-25,1423.1000
2013-10-24,1421.0400
2013-10-23,1420.5100
2013-10-22,1417.1899
2013-10-21,1410.1000
2013-10-18,1407.9500
2013-10-17,1406.4800
2013-10-16,1409.5699
2013-10-15,1409.9000
2013-10-14,1410.9399
2013-10-11,1405.8600
2013-10-10,1403.3800
2013-10-09,1407.5300
2013-10-08,1406.7400
2013-10-07,1406.7500
2013-10-04,1412.6300
2013-10-03,1406.0800
2013-10-02,1407.3101
2013-10-01,1402.0800
2013-09-30,1400.9301
2013-09-27,1392.4700
2013-09-26,1389.8398
2013-09-25,1388.3900
2013-09-24,1379.7600
2013-09-23,1379.4900
2013-09-20,1380.9500
2013-09-19,1378.5000
2013-09-18,1376.2900
2013-09-17,1372.6500
2013-09-16,1374.0200
2013-09-13,1375.7600
2013-09-12,1377.5500
2013-09-11,1381.9600
2013-09-10,1384.0400
2013-09-09,1384.8300
2013-09-06,1386.4200
2013-09-05,1385.2200
2013-09-04,1386.8300
2013-09-03,1386.9700
2013-09-02,1384.7800
2013-08-30,1375.0699
2013-08-29,1366.5898
2013-08-28,1362.6300
2013-08-27,1370.4200
2013-08-26,1375.9200
2013-08-23,1374.8600
2013-08-22,1379.1602
2013-08-21,1381.5601
2013-08-20,1390.4500
2013-08-19,1389.6200
2013-08-16,1402.4500
2013-08-15,1403.9200
2013-08-14,1403.6500
2013-08-13,1405.6801
2013-08-12,1410.1000
2013-08-09,1414.8300
2013-08-08,1406.4900
2013-08-07,1409.4301
2013-08-06,1411.9200
2013-08-05,1421.8900
2013-08-02,1418.5200
2013-08-01,1424.6801
2013-07-31,1427.1100
2013-07-30,1429.6500
2013-07-29,1427.9700
2013-07-26,1429.6200
2013-07-25,1425.7700
2013-07-24,1428.3500
2013-07-23,1430.9301
2013-07-22,1419.8101
2013-07-19,1415.3900
2013-07-18,1410.3000
2013-07-17,1406.1200
2013-07-16,1410.4700
2013-07-15,1407.4800
2013-07-12,1412.0500
2013-07-11,1416.1200
2013-07-10,1419.1500
2013-07-08,1425.0200
2013-07-05,1423.9700
2013-07-04,1421.1500
2013-07-03,1432.7800
2013-07-02,1428.6801
2013-07-01,1437.0400
2013-06-28,1437.7600
2013-06-27,1432.9800
2013-06-26,1430.8199
2013-06-25,1422.5000
2013-06-24,1399.8800
2013-06-21,1419.0100
2013-06-20,1425.6700
2013-06-19,1450.3600
2013-06-18,1460.9102
2013-06-17,1474.8900
2013-06-14,1472.9800
2013-06-13,1482.7900
2013-06-12,1466.6700
2013-06-11,1460.4700
2013-06-10,1499.8300
2013-06-07,1513.4102
2013-06-06,1512.6100
2013-06-05,1524.9200
2013-06-04,1538.2900
2013-06-03,1545.4500
2013-05-31,1549.3600
2013-05-29,1551.2700
2013-05-28,1550.1100
2013-05-27,1548.0500
2013-05-24,1551.3101
2013-05-23,1554.2100
2013-05-22,1552.5898
2013-05-21,1553.6801
2013-05-20,1552.4500
2013-05-17,1552.9200
2013-05-16,1552.8700
2013-05-15,1547.2100
2013-05-14,1548.2000
2013-05-13,1542.9102
2013-05-10,1541.0500
2013-05-09,1536.8700
2013-05-08,1539.6700
2013-05-07,1539.7500
2013-05-06,1540.1300
2013-05-03,1541.7900
2013-05-02,1540.7800
2013-04-30,1549.0000
2013-04-29,1547.5200
2013-04-26,1550.4102
2013-04-25,1550.8000
2013-04-24,1551.6899
2013-04-23,1556.9700
2013-04-22,1555.1000
2013-04-19,1565.9500
2013-04-18,1566.1300
2013-04-17,1564.0100
2013-04-16,1570.0000
2013-04-15,1567.3500
2013-04-12,1571.2000
2013-04-11,1574.9200
2013-04-10,1573.8700
2013-04-09,1567.6700
2013-04-08,1568.2800
2013-04-05,1570.4102
2013-04-04,1574.1500
2013-04-03,1575.0601
2013-04-02,1571.7700
2013-04-01,1576.2800
2013-03-28,1579.3199
2013-03-27,1571.4399
2013-03-26,1570.4102
2013-03-25,1562.3500
2013-03-22,1570.0601
2013-03-21,1572.7700
2013-03-20,1570.5200
2013-03-19,1575.2100
2013-03-18,1585.1300
2013-03-15,1587.2400
2013-03-14,1591.3700
2013-03-13,1593.1801
2013-03-12,1599.0800
2013-03-11,1600.1700
2013-03-08,1604.2200
2013-03-07,1602.0200
2013-03-06,1605.1200
2013-03-05,1603.7600
2013-03-04,1600.0500
2013-03-01,1598.8700
2013-02-28,1597.8800
2013-02-27,1595.7800
2013-02-26,1599.5800
2013-02-25,1599.7400
2013-02-22,1602.1100
2013-02-21,1600.0800
2013-02-20,1605.3800
2013-02-19,1606.8600
2013-02-18,1607.8101
2013-02-15,1603.7100
2013-02-14,1607.6899
2013-02-13,1613.1500
2013-02-08,1612.4700
2013-02-07,1612.6200
2013-02-06,1611.1000
2013-02-05,1610.4800
2013-02-04,1620.8101
2013-02-01,1619.3800
2013-01-31,1613.7600
2013-01-30,1603.2600
2013-01-29,1596.8101
2013-01-28,1596.2200
2013-01-24,1594.0100
2013-01-23,1591.9301
2013-01-22,1588.5699
2013-01-21,1589.2300
2013-01-18,1588.0601
2013-01-17,1589.4500
2013-01-16,1583.1200
2013-01-15,1583.7600
2013-01-14,1584.4500
2013-01-11,1587.2100
2013-01-10,1589.8700
2013-01-09,1587.9600
2013-01-08,1587.9301
2013-01-07,1583.0500
2013-01-04,1582.0800
2013-01-03,1579.7400
2013-01-02,1580.5000
2012-12-28,1573.3398
2012-12-27,1571.5000
2012-12-26,1564.3199
2012-12-21,1553.9301
2012-12-20,1544.8500
2012-12-19,1546.0400
2012-12-18,1532.4600
2012-12-17,1529.5400
2012-12-14,1534.9800
2012-12-13,1538.6100
2012-12-12,1531.2800
2012-12-11,1535.5000
2012-12-10,1538.5200
2012-12-07,1540.1500
2012-12-06,1532.3199
2012-12-05,1525.8900
2012-12-04,1527.2100
2012-12-03,1518.2500
2012-11-30,1506.5200
2012-11-29,1504.1899
2012-11-28,1493.6200
2012-11-27,1481.2200
2012-11-26,1468.8900
2012-11-23,1480.1801
2012-11-22,1480.3101
2012-11-21,1476.1602
2012-11-19,1478.0898
2012-11-16,1477.6899
2012-11-14,1476.5500
2012-11-13,1477.6700
2012-11-12,1477.9700
2012-11-09,1480.9102
2012-11-08,1483.7100
2012-11-07,1492.3800
2012-11-06,1481.8500
2012-11-05,1482.5601
2012-11-01,1500.9700
2012-10-31,1500.5699
2012-10-30,1497.0200
2012-10-29,1503.0000
2012-10-26,1504.7500
2012-10-25,1507.2000
2012-10-24,1516.2600
2012-10-23,1518.2600
2012-10-22,1521.4800
2012-10-19,1526.6200
2012-10-18,1526.4900
2012-10-17,1528.8199
2012-10-16,1529.4700
2012-10-15,1530.4800
2012-10-11,1536.6801
2012-10-10,1527.4700
2012-10-09,1530.1100
2012-10-08,1526.9600
2012-10-05,1519.6400
2012-10-04,1523.4301
2012-10-03,1513.1700
2012-10-02,1523.3800
2012-10-01,1520.3199
2012-09-28,1532.0000
2012-09-27,1529.6899
2012-09-26,1534.2100
2012-09-25,1532.3199
2012-09-24,1534.3101
2012-09-21,1535.4500
2012-09-20,1537.5601
2012-09-19,1534.4399
2012-09-18,1537.3199
2012-09-17,1533.7000
2012-09-14,1532.7900
2012-09-13,1534.1200
2012-09-12,1527.9700
2012-09-11,1525.1899
2012-09-10,1521.4800
2012-09-06,1516.9200
2012-09-05,1514.9900
2012-09-04,1517.0699
2012-09-03,1515.9900
2012-08-31,1505.5100
2012-08-30,1499.9399
2012-08-29,1528.0800
2012-08-28,1520.0200
2012-08-27,1493.3400
2012-08-24,1500.2200
2012-08-23,1503.6200
2012-08-22,1507.4301
2012-08-21,1507.5300
2012-08-20,1513.6200
2012-08-17,1517.6000
2012-08-16,1514.3500
2012-08-15,1517.4399
2012-08-14,1507.8300
2012-08-13,1500.2800
2012-08-10,1504.5500
2012-08-09,1507.3400
2012-08-08,1494.6700
2012-08-07,1512.1300
2012-08-06,1511.8700
2012-08-03,1512.0100
2012-08-02,1512.9399
2012-08-01,1507.2500
2012-07-31,1511.9500
2012-07-30,1508.5500
2012-07-27,1503.9000
2012-07-26,1506.0300
2012-07-25,1507.7500
2012-07-24,1501.0400
2012-07-23,1502.0100
2012-07-20,1481.6400
2012-07-19,1477.5601
2012-07-18,1473.0699
2012-07-17,1469.4900
2012-07-16,1473.2500
2012-07-13,1469.2700
2012-07-12,1465.8800
2012-07-11,1467.5300
2012-07-10,1460.6600
2012-07-06,1444.9700
2012-07-05,1453.0200
2012-07-04,1449.1600
2012-07-03,1443.5900
2012-07-02,1434.7100
2012-06-29,1424.9700
2012-06-28,1417.6000
2012-06-27,1418.1400
2012-06-26,1425.1200
2012-06-25,1419.2500
2012-06-22,1424.6600
2012-06-21,1418.6300
2012-06-20,1421.3500
2012-06-19,1419.0800
2012-06-18,1422.3500
2012-06-15,1417.4500
2012-06-14,1416.0500
2012-06-13,1413.4900
2012-06-12,1410.6000
2012-06-11,1410.4100
2012-06-08,1401.1600
2012-06-06,1399.0800
2012-06-05,1400.4800
2012-06-04,1401.8600
2012-06-01,1386.8300
2012-05-31,1371.4600
2012-05-30,1352.8300
2012-05-29,1353.0400
2012-05-28,1336.6500
2012-05-25,1339.3600
2012-05-24,1337.7200
2012-05-23,1335.7600
2012-05-22,1334.0500
2012-05-18,1337.4399
2012-05-17,1338.4900
2012-05-16,1340.8700
2012-05-15,1345.4800
2012-05-14,1338.2300
2012-05-11,1340.7300
2012-05-10,1339.2500
2012-05-09,1340.1801
2012-05-08,1339.1300
2012-05-07,1334.1600
2012-05-04,1331.1700
2012-05-03,1332.8000
2012-05-02,1326.9100
2012-04-30,1326.0500
2012-04-27,1325.5900
2012-04-26,1318.6700
2012-04-25,1320.6200
2012-04-24,1312.4800
2012-04-23,1319.2700
2012-04-20,1317.8900
2012-04-19,1321.9399
2012-04-18,1319.1400
2012-04-17,1319.5200
2012-04-16,1315.4301
2012-04-13,1317.9900
2012-04-12,1321.7200
2012-04-11,1312.8199
2012-04-10,1313.8101
2012-04-09,1320.6600
2012-04-05,1318.2900
2012-04-04,1317.2600
2012-04-03,1319.2300
2012-04-02,1313.0900
2012-03-30,1307.3000
2012-03-29,1317.8500
2012-03-28,1309.0900
2012-03-27,1310.5000
2012-03-26,1309.0500
2012-03-23,1319.3600
2012-03-22,1315.9500
2012-03-21,1321.2300
2012-03-20,1315.1801
2012-03-19,1306.9301
2012-03-16,1302.7100
2012-03-15,1302.7100
2012-03-14,1297.6600
2012-03-13,1296.2200
2012-03-12,1284.6600
2012-03-09,1273.9800
2012-03-08,1271.2400
2012-03-07,1263.9200
2012-03-06,1254.9399
2012-03-05,1256.7500
2012-03-02,1256.0300
2012-03-01,1255.1801
2012-02-29,1256.2300
2012-02-28,1250.3500
2012-02-27,1244.5900
2012-02-24,1241.4500
2012-02-23,1241.1600
2012-02-22,1241.0800
2012-02-17,1233.6300
2012-02-16,1226.2200
2012-02-15,1221.8199
2012-02-14,1219.1300
2012-02-13,1222.3800
2012-02-10,1209.0000
2012-02-09,1208.7000
2012-02-08,1213.9100
2012-02-07,1207.0699
2012-02-06,1208.4500
2012-02-03,1207.3101
2012-02-02,1204.8300
2012-02-01,1197.1000
2012-01-31,1200.4301
2012-01-30,1193.2200
2012-01-27,1197.6600
2012-01-26,1197.8600
2012-01-24,1193.0200
2012-01-23,1190.6200
2012-01-20,1184.9301
2012-01-19,1190.7500
2012-01-18,1193.3700
2012-01-17,1194.3500
2012-01-16,1189.2800
2012-01-13,1188.2200
2012-01-12,1190.8000
2012-01-11,1189.8400
2012-01-10,1182.8400
2012-01-09,1182.0100
2012-01-06,1179.2500
2012-01-05,1179.6500
2012-01-04,1177.1000
2012-01-03,1168.7400
2012-01-02,1164.1000
2011-12-29,1165.0898
2011-12-28,1160.6899
2011-12-27,1171.2000
2011-12-26,1164.4102
2011-12-23,1160.2700
2011-12-22,1151.1801
2011-12-21,1154.5200
2011-12-20,1155.7800
2011-12-19,1157.6602
2011-12-16,1156.4000
2011-12-15,1151.2000
2011-12-14,1153.6400
2011-12-13,1150.5000
2011-12-12,1146.2000
2011-12-09,1146.6300
2011-12-08,1148.4900
2011-12-07,1140.9399
2011-12-06,1130.2200
2011-12-05,1127.2400
2011-12-02,1121.0100
2011-12-01,1120.7400
2011-11-30,1123.5699
2011-11-29,1124.0100
2011-11-28,1121.2300
2011-11-25,1122.8900
2011-11-24,1118.6000
2011-11-23,1124.2000
2011-11-22,1117.6200
2011-11-21,1125.0500
2011-11-18,1128.7300
2011-11-17,1124.3398
2011-11-16,1126.1100
2011-11-14,1126.9200
2011-11-11,1125.8000
2011-11-10,1123.1500
2011-11-09,1121.2500
2011-11-08,1111.3300
2011-11-07,1119.0000
2011-11-04,1117.1400
2011-11-03,1115.8500
2011-11-01,1117.7800
2011-10-31,1107.1700
2011-10-28,1109.9700
2011-10-27,1112.8000
2011-10-26,1112.5100
2011-10-25,1114.3600
2011-10-24,1110.1300
2011-10-21,1116.8700
2011-10-20,1110.6000
2011-10-19,1113.4399
2011-10-18,1109.0000
2011-10-17,1114.0000
2011-10-14,1104.9399
2011-10-13,1102.1700
2011-10-11,1104.8101
2011-10-10,1103.8101
2011-10-07,1113.8398
2011-10-06,1113.7100
2011-10-05,1110.8000
2011-10-04,1111.0100
2011-10-03,1113.3500
2011-09-30,1111.1700
2011-09-29,1111.6000
2011-09-28,1112.4600
2011-09-27,1116.8700
2011-09-26,1103.6899
2011-09-23,1107.2100
2011-09-22,1104.8398
2011-09-21,1103.3700
2011-09-20,1106.3900
2011-09-19,1103.5400
2011-09-16,1105.6700
2011-09-15,1100.9102
2011-09-14,1098.7700
2011-09-13,1100.0200
2011-09-12,1102.0898
2011-09-09,1097.9399
2011-09-08,1093.1801
2011-09-06,1096.4500
2011-09-05,1094.4102
2011-09-02,1094.7000
2011-09-01,1092.7200
2011-08-31,1092.9102
2011-08-30,1091.7500
2011-08-29,1089.4399
2011-08-26,1088.7000
2011-08-25,1089.1000
2011-08-24,1086.5800
2011-08-23,1090.4900
2011-08-22,1086.5400
2011-08-19,1082.7700
2011-08-18,1082.6899
2011-08-17,1083.2500
2011-08-16,1078.6899
2011-08-15,1081.8700
2011-08-12,1081.4600
2011-08-11,1082.1899
2011-08-10,1082.5400
2011-08-09,1080.3800
2011-08-08,1074.6500
2011-08-05,1083.2700
2011-08-04,1080.5898
2011-08-03,1083.9500
2011-08-02,1090.6899
2011-08-01,1089.7100
2011-07-29,1084.5100
2011-07-28,1088.5601
2011-07-27,1089.5200
2011-07-26,1081.7100
2011-07-25,1086.4200
2011-07-22,1079.5000
2011-07-21,1081.7700
2011-07-20,1075.9200
2011-07-19,1075.9500
2011-07-18,1078.4399
2011-07-15,1072.4900
2011-07-14,1069.2800
2011-07-13,1065.8900
2011-07-12,1059.5800
2011-07-11,1059.8300
2011-07-08,1060.0300
2011-07-07,1058.0000
2011-07-06,1063.1300
2011-07-05,1061.5100
2011-07-04,1055.8000
2011-07-01,1065.3398
2011-06-30,1056.1000
2011-06-29,1048.6602
2011-06-28,1047.4399
2011-06-24,1048.9500
2011-06-22,1046.2000
2011-06-21,1044.8398
2011-06-20,1047.2100
2011-06-17,1041.2400
2011-06-16,1041.3101
2011-06-15,1041.8700
2011-06-14,1039.9900
2011-06-13,1041.6300
2011-06-10,1041.8101
2011-06-09,1039.0400
2011-06-08,1035.7200
2011-06-07,1034.3300
2011-06-06,1035.7500
2011-06-03,1035.8500
2011-06-02,1040.6200
2011-06-01,1035.2700
2011-05-31,1040.6000
2011-05-30,1039.4301
2011-05-27,1044.0601
2011-05-26,1042.3600
2011-05-25,1040.0800
2011-05-24,1040.3600
2011-05-23,1034.4200
2011-05-20,1036.7800
2011-05-19,1030.6899
2011-05-18,1041.2600
2011-05-17,1045.6899
2011-05-16,1046.6100
2011-05-13,1041.1602
2011-05-12,1043.5000
2011-05-11,1044.5500
2011-05-10,1046.4800
2011-05-09,1041.1899
2011-05-06,1044.3700
2011-05-05,1043.5500
2011-05-04,1044.8900
2011-05-03,1041.1200
2011-05-02,1048.6100
2011-04-29,1046.3900
2011-04-28,1052.2600
2011-04-27,1052.5300
2011-04-26,1043.9800
2011-04-25,1046.0601
2011-04-20,1047.6300
2011-04-19,1045.7300
2011-04-18,1046.9700
2011-04-15,1056.7700
2011-04-14,1052.2600
2011-04-13,1045.2800
2011-04-12,1051.8700
2011-04-11,1039.2000
2011-04-08,1040.9700
2011-04-07,1047.2200
2011-04-06,1041.7100
2011-04-05,1038.0699
2011-04-04,1037.7800
2011-04-01,1036.9301
2011-03-31,1028.2500
2011-03-30,1029.8101
2011-03-29,1024.7800
2011-03-28,1025.4900
2011-03-25,1021.3100
2011-03-24,1019.0600
2011-03-23,1020.9400
2011-03-22,1015.1500
2011-03-21,1010.6500
2011-03-18,1012.3800
2011-03-17,1006.0900
2011-03-16,1009.2200
2011-03-15,1012.8500
2011-03-14,1012.3200
2011-03-11,1012.3300
2011-03-10,1010.6300
2011-03-09,1010.7800
2011-03-04,1009.5800
2011-03-03,1007.9100
2011-03-02,1005.2100
2011-03-01,1002.8600
2011-02-28,1000.4800
2011-02-25,1000.1900
2011-02-24,1003.9000
2011-02-23,999.1700
2011-02-22,998.9000
2011-02-21,996.5800
2011-02-18,997.4900
2011-02-17,1004.7400
2011-02-16,1005.6200
2011-02-15,1008.9200
2011-02-14,1007.0400
2011-02-11,1011.2400
2011-02-10,1000.4400
2011-02-09,1000.5100
2011-02-08,998.8800
2011-02-07,1004.6300
2011-02-04,1014.9000
2011-02-03,1003.6500
2011-02-02,1002.1000
2011-02-01,1002.0300
2011-01-31,1005.6400
2011-01-28,997.5400
2011-01-27,998.1600
2011-01-26,999.9800
2011-01-24,999.6700
2011-01-21,1000.5600
2011-01-20,1002.5400
2011-01-19,999.0200
2011-01-18,1000.0600
2011-01-17,1002.4300
2011-01-14,1001.3600
2011-01-13,998.7100
2011-01-12,981.4400
2011-01-11,990.4100
2011-01-10,997.7300
2011-01-07,1000.8200
2011-01-06,996.3100
2011-01-05,998.6500
2011-01-04,992.5600
2011-01-03,1001.1100
2010-12-30,1000.0