datneg,preult_tr
2011-01-04,100.0
2011-01-05,99.7
2011-01-06,99.7
2011-01-07,99.5
2011-01-10,95.5
2011-01-11,99.0
2011-01-12,98.0
2011-01-13,97.0
2011-01-14,99.8
2011-01-17,96.8
2011-01-19,99.0
2011-01-20,99.0
2011-01-21,98.1
2011-01-24,97.8
2011-01-26,97.5
2011-01-27,97.0
2011-01-28,96.6
2011-01-31,96.99
2011-02-01,97.66499999999999
2011-02-02,99.68898855552118
2011-02-03,99.18550881534178
2011-02-04,100.49455613980821
2011-02-07,97.67506959480357
2011-02-08,97.17158985462417
2011-02-09,97.67506959480357
2011-02-10,97.67506959480357
2011-02-11,97.37298175069594
2011-02-14,97.67506959480357
2011-02-15,99.18550881534178
2011-02-16,100.69594803587998
2011-02-17,100.69594803587998
2011-02-18,100.19246829570058
2011-02-21,100.5952520878441
2011-02-22,100.99803587998761
2011-02-23,101.70290751623878
2011-02-24,101.19942777605938
2011-02-25,101.50151562016701
2011-02-28,103.21334673677698
2011-03-01,106.43561707392513
2011-03-02,106.43561707392513
2011-03-03,107.14518785441797
2011-03-04,110.4903072481699
2011-03-09,109.9834709763893
2011-03-10,109.57800195896482
2011-03-11,108.96979843282811
2011-03-14,110.4903072481699
2011-03-15,110.97687006907928
2011-03-16,110.9971435199505
2011-03-17,110.03415460356736
2011-03-18,109.07116568718422
2011-03-21,111.5039797917311
2011-03-22,113.52118815341785
2011-03-23,113.42995762449736
2011-03-24,113.42995762449736
2011-03-25,113.83542664192183
2011-03-28,114.03816115063407
2011-03-29,110.9971435199505
2011-03-30,116.47097525518093
2011-03-31,111.5039797917311
2011-04-01,112.21355057222392
2011-04-04,112.21355057222392
2011-04-05,109.35720564856732
2011-04-06,112.1115382535219
2011-04-07,113.13166144054212
2011-04-08,112.21355057222392
2011-04-12,116.29404332030478
2011-04-13,115.27392013328456
2011-04-14,115.37593245198659
2011-04-15,117.314166507325
2011-04-18,119.15038824396139
2011-04-19,121.90472084891599
2011-04-20,122.26176396437305
2011-04-25,122.41478244242609
2011-04-26,120.37453606838565
2011-04-27,120.88459766189577
2011-04-28,122.31277012372408
2011-04-29,121.90472084891599
2011-05-02,123.12886867334025
2011-05-03,123.02626128277913
2011-05-04,122.61583172053466
2011-05-05,123.02626128277913
2011-05-06,122.8210465016569
2011-05-09,122.8210465016569
2011-05-10,122.8210465016569
2011-05-11,122.61583172053466
2011-05-12,122.15409846300963
2011-05-13,119.02457305089557
2011-05-16,128.15663081083497
2011-05-17,128.15663081083497
2011-05-18,128.05402342027386
2011-05-19,122.10279476772908
2011-05-20,127.23316429578492
2011-05-23,123.12886867334025
2011-05-24,123.64190562614583
2011-05-25,124.97580170344035
2011-05-26,125.18101648456259
2011-05-27,123.2519975420136
2011-05-30,123.12886867334025
2011-05-31,123.12886867334025
2011-06-01,123.33408345446247
2011-06-02,125.90397356158893
2011-06-03,123.43729189249969
2011-06-06,123.44761273630341
2011-06-07,123.33408345446247
2011-06-08,123.43729189249969
2011-06-09,123.33408345446247
2011-06-10,123.33408345446247
2011-06-13,123.44761273630341
2011-06-14,122.82836210808017
2011-06-15,122.81804126427645
2011-06-16,120.7538725035323
2011-06-17,118.58649530475095
2011-06-20,122.70451198243552
2011-06-21,118.68970374278815
2011-06-22,121.16670625568113
2011-06-24,120.6506640654951
2011-06-27,118.99932905689978
2011-06-28,118.79291218082535
2011-06-29,118.79291218082535
2011-06-30,117.96724467652771
2011-07-01,118.89612061886257
2011-07-04,119.63338040610617
2011-07-05,119.51915705878673
2011-07-06,120.45371171867299
2011-07-07,119.20763883882465
2011-07-08,120.86906934528912
2011-07-11,118.99996002551659
2011-07-12,118.37692358559242
2011-07-13,118.89612061886257
2011-07-14,124.08809095156398
2011-07-15,125.64568205137442
2011-07-18,128.96854306430333
2011-07-19,127.72247018445499
2011-07-20,127.72247018445499
2011-07-21,127.72247018445499
2011-07-22,128.24166721772514
2011-07-25,130.73381297742182
2011-07-26,130.83765238407585
2011-07-27,134.99122865023696
2011-07-28,134.99122865023696
2011-07-29,127.61863077780096
2011-08-01,131.56452823065405
2011-08-02,132.60869115311954
2011-08-03,130.52036530818853
2011-08-04,129.9982838469558
2011-08-05,135.01026587479024
2011-08-08,129.9982838469558
2011-08-09,130.52036530818853
2011-08-10,132.60869115311954
2011-08-11,132.9219400298592
2011-08-12,131.14686306166783
2011-08-15,134.04963598612196
2011-08-16,131.72115266902387
2011-08-17,132.60869115311954
2011-08-18,132.504274860873
2011-08-19,131.56452823065405
2011-08-22,133.1307726143523
2011-08-23,133.65285407558505
2011-08-24,133.65285407558505
2011-08-25,133.5484377833385
2011-08-26,133.23518890659884
2011-08-29,133.65285407558505
2011-08-30,133.65285407558505
2011-08-31,132.9219400298592
2011-09-01,133.3396051988454
2011-09-02,134.23203562734162
2011-09-05,134.3895233500174
2011-09-06,133.86456427443142
2011-09-08,134.07454790466582
2011-09-09,134.28453153490022
2011-09-12,134.28453153490022
2011-09-13,134.179539719783
2011-09-14,134.179539719783
2011-09-15,134.34752662397054
2011-09-16,133.86456427443142
2011-09-19,132.8146461232594
2011-09-20,133.8120683668728
2011-09-21,133.2346133837282
2011-09-22,132.8146461232594
2011-09-23,133.8120683668728
2011-09-26,131.9747116023218
2011-09-27,133.3396051988454
2011-09-28,131.55474434185297
2011-09-29,131.76472797208737
2011-09-30,132.7096543081422
2011-10-03,129.87487529997776
2011-10-04,131.98666189022128
2011-10-05,131.35312591314823
2011-10-06,131.98666189022128
2011-10-07,131.98666189022128
2011-10-10,130.40282194753863
2011-10-11,128.97736599912426
2011-10-13,131.45871524266042
2011-10-14,130.93076859509952
2011-10-17,130.40282194753863
2011-10-18,130.19164328851429
2011-10-19,130.614000606563
2011-10-20,127.7630887097342
2011-10-21,130.40282194753863
2011-10-24,129.34692865241686
2011-10-25,128.60780334583163
2011-10-26,127.65749938022203
2011-10-27,127.7630887097342
2011-10-28,126.39042742607592
2011-10-31,125.33453413095414
2011-11-01,126.39042742607592
2011-11-03,125.32832299392402
2011-11-04,124.05379767534173
2011-11-07,123.73516634569617
2011-11-08,123.20411412962022
2011-11-09,125.85937520999997
2011-11-10,128.5146362903797
2011-11-11,127.45253185822781
2011-11-14,127.45253185822781
2011-11-16,128.5146362903797
2011-11-17,130.00158249539237
2011-11-18,131.7009495868354
2011-11-21,132.28510702451894
2011-11-22,131.28672885829616
2011-11-23,132.7630540189873
2011-11-24,132.55063313255692
2011-11-25,132.7630540189873
2011-11-28,127.45253185822781
2011-11-29,132.7630540189873
2011-11-30,132.65684357577211
2011-12-01,132.44442268934174
2011-12-02,132.65804272593743
2011-12-05,132.44442268934174
2011-12-06,132.97847278083103
2011-12-07,132.55123270763957
2011-12-08,132.44442268934174
2011-12-09,132.97847278083103
2011-12-12,132.97847278083103
2011-12-13,131.91037259785244
2011-12-14,132.44442268934174
2011-12-15,132.65804272593743
2011-12-16,132.44442268934174
2011-12-19,132.44442268934174
2011-12-20,132.44442268934174
2011-12-21,134.04657296380958
2011-12-22,131.37632250636318
2011-12-23,132.7648527442353
2011-12-26,133.40571285402245
2011-12-27,133.40571285402245
2011-12-28,133.5125228723203
2011-12-29,133.93976294551172
2012-01-02,135.32829318338383
2012-01-03,134.25425911049985
2012-01-04,134.03945229592304
2012-01-05,135.00608296151864
2012-01-06,136.24122214533523
2012-01-09,134.79127614694184
2012-01-10,133.93204888863465
2012-01-11,135.65050340524905
2012-01-12,135.86531021982586
2012-01-13,134.79127614694184
2012-01-16,135.29607216119732
2012-01-17,134.89867955423023
2012-01-18,135.54309999796064
2012-01-19,135.86531021982586
2012-01-20,135.54309999796064
2012-01-23,134.25425911049985
2012-01-24,135.7471664718086
2012-01-26,135.65050340524905
2012-01-27,135.86531021982586
2012-01-30,134.79127614694184
2012-01-31,134.14685570321146
2012-02-01,135.00608296151864
2012-02-02,135.97812675884157
2012-02-03,135.76211702610314
2012-02-06,136.62615595705685
2012-02-07,136.08613162521078
2012-02-08,140.4063262799794
2012-02-09,139.32627761628723
2012-02-10,139.72589562185334
2012-02-13,143.64647227105584
2012-02-14,143.64647227105584
2012-02-15,143.64647227105584
2012-02-16,143.64647227105584
2012-02-17,143.97048687016348
2012-02-22,142.56642360736367
2012-02-23,142.56642360736367
2012-02-24,142.8256352866498
2012-02-27,145.05053553385565
2012-02-28,147.8586620594552
2012-02-29,146.02257933117855
2012-03-01,147.10262799487072
2012-03-02,146.99406516978223
2012-03-05,147.64544212031302
2012-03-06,141.5224987853236
2012-03-07,148.18825624575535
2012-03-08,147.97113059557844
2012-03-09,147.69972353285726
2012-03-12,145.47418561854371
2012-03-13,146.01699974398605
2012-03-14,147.64544212031302
2012-03-15,149.81669862208233
2012-03-16,151.44514099840933
2012-03-19,153.48612211007247
2012-03-20,152.7478948994709
2012-03-21,154.15921162562097
2012-03-22,152.54162553180282
2012-03-23,152.56333809682053
2012-03-26,153.18214619982476
2012-03-27,155.57052835177103
2012-03-28,157.30753355318646
2012-03-29,161.75860938181353
2012-03-30,156.88413853534144
2012-04-02,158.07832961131456
2012-04-03,157.08563566371745
2012-04-04,155.99476319383052
2012-04-05,158.16559940890554
2012-04-09,157.08563566371745
2012-04-10,152.72214578416975
2012-04-11,152.61305853718105
2012-04-12,152.28579679621498
2012-04-13,152.72214578416975
2012-04-16,153.92210550104537
2012-04-17,156.540199428774
2012-04-18,157.19472291070613
2012-04-19,159.26738060349132
2012-04-20,156.97654841672878
2012-04-23,154.9038907239436
2012-04-24,154.9038907239436
2012-04-25,154.9038907239436
2012-04-26,155.99476319383052
2012-04-27,155.99476319383052
2012-04-30,155.99476319383052
2012-05-02,155.88567594684181
2012-05-03,155.88567594684181
2012-05-04,158.95515479811579
2012-05-07,157.84794992676342
2012-05-08,160.48989422375277
2012-05-09,160.70914271312947
2012-05-10,161.3668881812596
2012-05-11,162.79200336220825
2012-05-14,163.8882458090918
2012-05-15,164.43636703253358
2012-05-16,164.43636703253358
2012-05-17,162.81392821114594
2012-05-18,164.32674278784523
2012-05-21,164.32674278784523
2012-05-22,163.34012458565002
2012-05-23,164.98448825597535
2012-05-24,164.43636703253358
2012-05-25,164.98448825597535
2012-05-28,164.43636703253358
2012-05-29,168.3828398413144
2012-05-30,169.80795502226303
2012-05-31,170.90419746914657
2012-06-01,171.67156718196506
2012-06-04,175.08517756210676
2012-06-05,172.33226596521828
2012-06-06,174.9750610982312
2012-06-08,173.5875936533994
2012-06-11,174.75482817048012
2012-06-12,174.6447117066046
2012-06-13,173.97300127696383
2012-06-14,173.98401292335137
2012-06-15,172.88284828459598
2012-06-18,173.8078265811505
2012-06-19,174.53459524272907
2012-06-20,174.53459524272907
2012-06-21,173.98401292335137
2012-06-22,177.28750683961752
2012-06-25,182.2427477140168
2012-06-26,189.9509001853045
2012-06-27,188.29915322717142
2012-06-28,183.82842479382452
2012-06-29,182.13263125014126
2012-07-02,186.31705687741172
2012-07-03,186.09590903542073
2012-07-04,185.76418727243424
2012-07-05,187.4227960873667
2012-07-06,187.97566569234417
2012-07-10,187.97566569234417
2012-07-11,190.1871441122541
2012-07-12,190.1871441122541
2012-07-13,189.08140490229914
2012-07-16,187.97566569234417
2012-07-17,191.18230940121356
2012-07-18,191.51403116420005
2012-07-19,194.05723134709646
2012-07-20,194.05723134709646
2012-07-23,210.09044989144348
2012-07-24,203.45601463171369
2012-07-25,201.46568405379472
2012-07-26,203.06900590822946
2012-07-27,202.5714232637497
2012-07-30,201.24453621180376
2012-07-31,200.69166660682626
2012-08-01,199.69650131786682
2012-08-02,199.241384222034
2012-08-03,195.92235954754582
2012-08-06,194.80121743342107
2012-08-07,191.26018441950225
2012-08-08,177.60667154451744
2012-08-09,183.15688003028362
2012-08-10,183.86730671646168
2012-08-13,183.71190087886023
2012-08-14,185.48796759430542
2012-08-15,187.59704681889656
2012-08-16,187.59704681889656
2012-08-17,188.7070885160498
2012-08-20,187.59704681889656
2012-08-21,183.71190087886023
2012-08-22,182.3243487574187
2012-08-23,179.8267549388239
2012-08-24,175.386588150211
2012-08-27,169.50336715529883
2012-08-28,173.72152560448114
2012-08-29,173.16650475590453
2012-08-30,169.50336715529883
2012-08-31,169.83637966444482
2012-09-03,176.7297386037664
2012-09-04,176.59594535013917
2012-09-05,173.37375782528343
2012-09-06,177.2760610560776
2012-09-10,178.3910048363045
2012-09-11,179.5059486165314
2012-09-12,185.08066751766592
2012-09-13,188.42549885834663
2012-09-14,184.1887124934844
2012-09-17,187.31055507811973
2012-09-18,187.86802696823318
2012-09-19,188.98297074846008
2012-09-20,191.77033019902734
2012-09-21,191.77033019902734
2012-09-24,192.88527397925424
2012-09-25,191.8260773880387
2012-09-26,194.55768964959458
2012-09-27,197.34504910016184
2012-09-28,196.23010531993495
2012-10-01,191.77033019902734
2012-10-02,195.68857979445406
2012-10-03,194.5690799100464
2012-10-04,192.77788009499417
2012-10-05,192.77788009499417
2012-10-08,194.22203494588007
2012-10-09,194.90492987536868
2012-10-10,195.01687986380944
2012-10-11,197.0319796557432
2012-10-15,197.05436965343137
2012-10-16,197.0319796557432
2012-10-17,195.50945981294882
2012-10-18,197.59172959794702
2012-10-19,197.59172959794702
2012-10-22,197.0319796557432
2012-10-23,195.29675483491135
2012-10-24,194.79297988692792
2012-10-25,185.28842586830714
2012-10-26,188.07598058048214
2012-10-29,186.39673075387068
2012-10-30,185.05333089258156
2012-10-31,188.07598058048214
2012-11-01,189.97913038397513
2012-11-05,189.41706195088645
2012-11-06,185.6287207118687
2012-11-07,185.48258291926567
2012-11-08,184.92051448617698
2012-11-09,185.48258291926567
2012-11-12,186.60671978544303
2012-11-13,186.60671978544303
2012-11-14,188.18051139809134
2012-11-16,188.85499351779777
2012-11-19,186.2694787255898
2012-11-21,185.48258291926567
2012-11-22,183.23430918691093
2012-11-23,183.23430918691093
2012-11-26,177.61362485602407
2012-11-27,182.67224075382225
2012-11-28,180.9860354545562
2012-11-29,183.23430918691093
2012-11-30,185.4713415506039
2012-12-03,185.03292817279473
2012-12-04,186.72633508102652
2012-12-05,186.26347052610984
2012-12-06,187.22306777410785
2012-12-07,187.40369784431923
2012-12-10,185.82318472996954
2012-12-11,189.09710475255102
2012-12-12,189.66157372196164
2012-12-13,189.66157372196164
2012-12-14,190.79051166078284
2012-12-17,190.90340545466495
2012-12-18,192.82259995066102
2012-12-19,196.43520135488885
2012-12-20,196.54809514877095
2012-12-21,200.95095311017363
2012-12-26,201.51542207958423
2012-12-27,202.07989104899482
2012-12-28,201.96699725511272
2013-01-02,202.30567863675907
2013-01-03,203.89238984175327
2013-01-04,200.8323039464073
2013-01-07,200.8323039464073
2013-01-08,202.87236120997127
2013-01-09,199.35892925605557
2013-01-10,198.9055831974858
2013-01-11,196.07217033142476
2013-01-14,195.3921512435701
2013-01-15,193.2387574653637
2013-01-16,192.6720748921515
2013-01-17,193.8054400385759
2013-01-18,192.6720748921515
2013-01-21,192.6720748921515
2013-01-22,192.1053923189393
2013-01-23,192.6720748921515
2013-01-24,194.14544958250326
2013-01-28,193.4654304946486
2013-01-29,194.93880518500032
2013-01-30,195.50548775821255
2013-01-31,194.598795641073
2013-02-01,201.73899606354686
2013-02-04,202.1923421221166
2013-02-05,197.98237213983282
2013-02-06,197.98237213983282
2013-02-07,199.00641889228024
2013-02-08,199.12020186477437
2013-02-13,199.68911672724516
2013-02-14,199.23398483726854
2013-02-15,199.8028996997393
2013-02-18,200.25803158971596
2013-02-19,196.9583253873854
2013-02-20,197.98237213983282
2013-02-21,197.98237213983282
2013-02-22,197.52724024985616
2013-02-25,197.98237213983282
2013-02-26,195.70671268994968
2013-02-27,194.81920550449524
2013-02-28,196.84454241489124
2013-03-01,196.73075944239707
2013-03-04,197.64472348161846
2013-03-05,199.7011425698665
2013-03-06,199.7011425698665
2013-03-07,199.91820902918158
2013-03-08,200.5008611041852
2013-03-11,198.4444420159371
2013-03-12,198.7757539801549
2013-03-13,198.5586875208398
2013-03-14,199.3584060551585
2013-03-15,199.0156695404505
2013-03-18,198.67293302574248
2013-03-19,197.0734959571051
2013-03-20,198.78717853064515
2013-03-21,198.33019651103447
2013-03-22,198.75290487917434
2013-03-25,197.98745999632646
2013-03-26,197.98745999632646
2013-03-27,197.64472348161846
2013-03-28,196.15953191788373
2013-04-01,201.30057963850385
2013-04-02,197.5727911266797
2013-04-03,199.12125712389897
2013-04-04,200.61237252862864
2013-04-05,198.43305001402373
2013-04-08,199.9241654187534
2013-04-09,199.58006186381579
2013-04-10,200.72707371360784
2013-04-11,200.95647608356623
2013-04-12,201.30057963850385
2013-04-15,201.75938437842066
2013-04-16,201.8740855633999
2013-04-17,199.58006186381579
2013-04-18,200.1535677887118
2013-04-19,202.3328903033167
2013-04-22,201.8740855633999
2013-04-23,203.0210974131919
2013-04-24,202.8949261097148
2013-04-25,202.9063962282127
2013-04-26,202.9637468207023
2013-04-29,201.51851188996434
2013-04-30,203.59460333808795
2013-05-02,201.1514680980309
2013-05-03,199.25109636964984
2013-05-06,200.17248872280433
2013-05-07,199.34323560496532
2013-05-08,201.09388107595876
2013-05-09,200.40283681109293
2013-05-10,201.03629405388662
2013-05-13,202.9481831866821
2013-05-14,200.97870703181445
2013-05-15,199.37778781820862
2013-05-16,199.76937956829923
2013-05-17,198.2145299723511
2013-05-20,199.8269665903714
2013-05-21,199.76937956829923
2013-05-22,195.79587504532066
2013-05-23,197.40831166334095
2013-05-24,197.51196830307083
2013-05-27,193.49239416243455
2013-05-28,194.98965673631054
2013-05-29,194.77082605243635
2013-05-31,195.79587504532066
2013-06-03,195.4964225305455
2013-06-04,190.8692882694675
2013-06-05,188.32436442587462
2013-06-06,192.026071834737
2013-06-07,191.10064498252137
2013-06-10,185.25888797791043
2013-06-11,164.263266268269
2013-06-12,178.83873919066468
2013-06-13,185.08537044311998
2013-06-14,179.3014526167725
2013-06-17,185.01596342920382
2013-06-18,178.27191524368266
2013-06-19,179.5328093298264
2013-06-20,171.31964601641295
2013-06-21,169.46879231198176
2013-06-24,164.37894462479593
2013-06-25,170.0471840946165
2013-06-26,173.17049972084413
2013-06-27,170.9726109468321
2013-06-28,171.08828930335906
2013-07-01,174.4429616426406
2013-07-02,166.8837666381262
2013-07-03,172.1170554874054
2013-07-04,167.465243176935
2013-07-05,168.6281962545526
2013-07-08,167.23265256141147
2013-07-10,165.13933702169976
2013-07-11,165.13933702169976
2013-07-12,163.97638394408216
2013-07-15,163.39490740527336
2013-07-16,163.39490740527336
2013-07-17,160.25493409570583
2013-07-18,162.01099324290843
2013-07-19,163.74379332855867
2013-07-22,165.83710886827032
2013-07-23,168.6281962545526
2013-07-24,169.55855871664667
2013-07-25,166.89539616890235
2013-07-26,169.7911493321702
2013-07-29,167.70946332323467
2013-07-30,168.0467197157438
2013-07-31,162.81343086646456
2013-08-01,162.58084025094104
2013-08-02,157.31743175360842
2013-08-05,160.24154758545987
2013-08-06,155.56296225449753
2013-08-07,153.22366958901637
2013-08-08,150.41651839043897
2013-08-09,157.78529028670465
2013-08-12,155.56296225449753
2013-08-13,155.44599762122348
2013-08-14,155.16528250136574
2013-08-15,159.18886588599335
2013-08-16,157.9022549199787
2013-08-19,152.17098788954985
2013-08-20,153.69152812211263
2013-08-21,152.0540232562758
2013-08-22,147.72633182513565
2013-08-23,143.88989185374652
2013-08-26,146.2057915925729
2013-08-27,147.14150865876533
2013-08-28,148.54508425805406
2013-08-29,153.22366958901637
2013-08-30,158.48707808634902
2013-09-02,162.38200037437517
2013-09-03,164.74730090885225
2013-09-04,165.68871405690285
2013-09-05,166.1594206309281
2013-09-06,167.571540353004
2013-09-09,165.10033083937122
2013-09-10,164.15891769132062
2013-09-11,164.74730090885225
2013-09-12,162.9821512562574
2013-09-13,157.68670229847285
2013-09-16,156.50993586340962
2013-09-17,154.21524131503634
2013-09-18,154.8624628543211
2013-09-19,156.274582576397
2013-09-20,153.09731320172625
2013-09-23,154.15640299328317
2013-09-24,155.6861993588654
2013-09-25,160.62861838613094
2013-09-26,157.92205558548548
2013-09-27,157.68670229847285
2013-09-30,159.09882202054874
2013-10-01,155.1566544630869
2013-10-02,156.81481718253977
2013-10-03,156.9332573767864
2013-10-04,156.9332573767864
2013-10-07,155.76069945374473
2013-10-08,155.76069945374473
2013-10-09,158.8283004847325
2013-10-10,156.34105640555322
2013-10-11,156.57793679404648
2013-10-14,158.70986029048586
2013-10-15,158.1176593192527
2013-10-16,157.52545834801955
2013-10-17,156.34105640555322
2013-10-18,155.74885543432006
2013-10-21,155.98573582281333
2013-10-22,156.57793679404648
2013-10-23,159.1836210674724
2013-10-24,159.1836210674724
2013-10-25,157.52545834801955
2013-10-28,156.45949659979985
2013-10-29,156.10417601705998
2013-10-30,157.2885779595263
2013-10-31,157.52545834801955
2013-11-01,156.1693181238956
2013-11-04,157.0038106634889
2013-11-05,154.97718592447654
2013-11-06,156.7653842236051
2013-11-07,155.57325202418608
2013-11-08,157.36145032331464
2013-11-11,156.4077445637794
2013-11-12,158.3151560828499
2013-11-13,156.2885313438375
2013-11-14,157.95751642302417
2013-11-18,155.89512771802922
2013-11-19,155.81167846406987
2013-11-21,156.7653842236051
2013-11-22,155.57325202418608
2013-11-25,154.0234801649413
2013-11-26,154.26190660482513
2013-11-27,154.73875948459275
2013-11-28,157.89790981305322
2013-11-29,157.12302388343085
2013-12-02,155.78783582008148
2013-12-03,156.0278787104052
2013-12-04,157.88821111041386
2013-12-05,156.0998915775023
2013-12-06,155.41576934007975
2013-12-09,152.42723535554967
2013-12-10,155.367760762015
2013-12-11,154.22755703297742
2013-12-12,152.42723535554967
2013-12-13,150.62691367812192
2013-12-16,150.86695656844563
2013-12-17,148.946613445856
2013-12-18,147.62637754907567
2013-12-19,152.42723535554967
2013-12-20,150.98697801360748
2013-12-23,147.02627032326643
2013-12-26,148.52653838778954
2013-12-27,150.98697801360748
2013-12-30,151.04698873618838
2014-01-02,149.16865311940543
2014-01-03,147.95983097094998
2014-01-06,146.2674799631123
2014-01-07,145.66306888888457
2014-01-08,143.84983566620136
2014-01-09,143.4871890216647
2014-01-10,134.79575777426987
2014-01-13,140.22336922083494
2014-01-14,141.4321913692904
2014-01-15,141.31130915444487
2014-01-16,138.41013599815173
2014-01-17,139.01454707237946
2014-01-20,137.80572492392398
2014-01-21,136.95954942000515
2014-01-22,135.62984505670414
2014-01-23,136.8386672051596
2014-01-24,135.32763951959026
2014-01-27,131.15720310741887
2014-01-28,133.57484740432983
2014-01-29,127.16809001751582
2014-01-30,128.49779438081683
2014-01-31,131.51984975195552
2014-02-03,127.0351195811857
2014-02-04,128.01043719793185
2014-02-05,127.52277838955877
2014-02-06,127.46182103851213
2014-02-07,127.52277838955877
2014-02-10,127.46182103851213
2014-02-11,127.88852249583859
2014-02-12,128.62001070839818
2014-02-13,131.91170766491643
2014-02-14,135.5691487277145
2014-02-17,138.37318687585966
2014-02-18,135.69106342980774
2014-02-19,137.64169866330005
2014-02-20,135.81297813190102
2014-02-21,141.42105442819138
2014-02-24,143.85934847005674
2014-02-25,145.91970693543297
2014-02-26,146.2976425119221
2014-02-27,148.24827774541438
2014-02-28,148.73593655378747
2014-03-05,150.4366466479886
2014-03-06,147.2437055762762
2014-03-07,147.36651100211128
2014-03-10,145.77004046625507
2014-03-11,147.36651100211128
2014-03-12,147.35423045952777
2014-03-13,150.4366466479886
2014-03-14,149.45420324130785
2014-03-17,150.41208556282157
2014-03-18,147.36651100211128
2014-03-19,149.20859238963766
2014-03-20,147.36651100211128
2014-03-21,150.1910357963184
2014-03-24,147.21914449110915
2014-03-25,144.29637535623397
2014-03-26,146.13845674376034
2014-03-27,147.98053813128675
2014-03-28,146.69108116001826
2014-03-31,145.64723504041996
2014-04-01,146.15687755763562
2014-04-02,146.65190508534988
2014-04-03,148.50825831427838
2014-04-04,147.51820325884987
2014-04-07,148.50825831427838
2014-04-08,148.26074455042124
2014-04-09,148.26074455042124
2014-04-10,147.27068949499272
2014-04-11,147.7038385817427
2014-04-14,147.88947390463554
2014-04-15,146.1692532458285
2014-04-16,145.41433626606423
2014-04-17,144.7955518564214
2014-04-22,144.7955518564214
2014-04-23,145.81035828823565
2014-04-24,148.02560647475696
2014-04-25,147.27068949499272
2014-04-28,147.332567935957
2014-04-29,147.27068949499272
2014-04-30,147.88947390463554
2014-05-02,148.89809249235336
2014-05-05,149.88326412609672
2014-05-06,150.02043992320023
2014-05-07,149.89573465310613
2014-05-08,147.15221871103597
2014-05-09,147.15221871103597
2014-05-12,147.77574506150646
2014-05-13,148.39927141197697
2014-05-14,147.52633452131826
2014-05-15,148.77338722225926
2014-05-16,148.64868195216516
2014-05-19,148.27456614188287
2014-05-20,148.14986087178875
2014-05-21,148.39927141197697
2014-05-22,147.90045033160055
2014-05-23,149.3595019917015
2014-05-26,148.36185983094873
2014-05-27,148.26209561487346
2014-05-28,148.39927141197697
2014-05-29,149.64632411291794
2014-05-30,149.64632411291794
2014-06-02,149.16620882305565
2014-06-03,147.1932438032393
2014-06-04,147.02987727293606
2014-06-05,149.54320850837087
2014-06-06,150.79987412608827
2014-06-09,149.94534150604042
2014-06-10,149.54320850837087
2014-06-11,149.50550853983935
2014-06-13,149.54320850837087
2014-06-16,148.92744235568935
2014-06-17,149.35470866571325
2014-06-18,149.54320850837087
2014-06-20,149.54320850837087
2014-06-23,149.5306418521937
2014-06-24,149.06567557363826
2014-06-25,148.4122094524252
2014-06-26,149.16620882305565
2014-06-27,149.41754194659913
2014-06-30,149.02797560510675
2014-07-01,150.30977453517846
2014-07-02,151.01896211407896
2014-07-03,151.7154856290705
2014-07-04,151.7154856290705
2014-07-07,151.3355637118024
2014-07-08,152.60197010269616
2014-07-10,151.99409503506715
2014-07-11,151.34822777571134
2014-07-14,151.9687669072493
2014-07-15,152.23471224933695
2014-07-16,150.06915732090866
2014-07-17,151.3355637118024
2014-07-18,150.48707142990358
2014-07-21,151.20892307271305
2014-07-22,151.46220435089177
2014-07-23,151.93077471552246
2014-07-24,151.9687669072493
2014-07-25,152.60197010269616
2014-07-28,152.1840559937012
2014-07-29,152.60197010269616
2014-07-30,151.9687669072493
2014-07-31,151.3355637118024
2014-08-01,150.60104800508404
2014-08-04,148.31650668365097
2014-08-05,148.04848786940465
2014-08-06,149.32476793724436
2014-08-07,147.0274638151329
2014-08-08,147.14232902123848
2014-08-11,152.5154681068436
2014-08-12,150.47341999830007
2014-08-13,148.20164147754542
2014-08-14,149.32476793724436
2014-08-15,151.1626112349335
2014-08-18,150.60104800508404
2014-08-19,151.22642523832548
2014-08-20,151.55825805596382
2014-08-21,151.49444405257182
2014-08-22,148.30374388297258
2014-08-25,150.3457919915161
2014-08-26,151.6220720593558
2014-08-27,152.5154681068436
2014-08-28,152.64309611362754
2014-08-29,150.79249001526
2014-09-01,153.62583176586412
2014-09-02,152.08249984356158
2014-09-03,151.76097235974856
2014-09-04,152.96991569888553
2014-09-05,152.90561020212292
2014-09-08,152.01819434679896
2014-09-09,152.2239719364393
2014-09-10,153.30430428205108
2014-09-11,152.6998326124826
2014-09-12,151.43944487593552
2014-09-15,152.98277679823806
2014-09-16,152.72555481118764
2014-09-17,152.95705459953302
2014-09-18,152.4040273273746
2014-09-19,152.7641381092452
2014-09-22,152.08249984356158
2014-09-23,152.01819434679896
2014-09-24,151.50375037269814
2014-09-25,151.3494171804679
2014-09-26,150.79638990830946
2014-09-29,151.0536118953599
2014-09-30,151.76097235974856
2014-10-01,152.41688842672713
2014-10-02,152.54650564624131
2014-10-03,151.66510855354488
2014-10-06,151.52252961207927
2014-10-07,152.6890845877069
2014-10-08,152.30023292916437
2014-10-09,151.00406073402254
2014-10-10,151.9761898803789
2014-10-13,152.10580709989307
2014-10-14,151.39291239256508
2014-10-15,153.3371706852778
2014-10-16,154.2444912218771
2014-10-17,152.94831902673528
2014-10-20,153.466787904792
2014-10-21,151.79472577305904
2014-10-22,153.55751995845193
2014-10-23,153.27236207552073
2014-10-24,151.62622338769063
2014-10-27,151.62622338769063
2014-10-28,150.9133286803626
2014-10-29,151.1207162315853
2014-10-30,151.5484530559821
2014-10-31,151.78176405110761
2014-11-03,148.45060150959316
2014-11-04,148.04553429308075
2014-11-05,148.5682016692258
2014-11-06,147.11779970042332
2014-11-07,146.86953269675445
2014-11-10,145.69353110042812
2014-11-11,142.42685999952164
2014-11-12,143.08019421970295
2014-11-13,143.04099416649206
2014-11-14,142.17859299585277
2014-11-17,142.42685999952164
2014-11-18,141.06792482154455
2014-11-19,141.1855249811772
2014-11-21,141.3815252472316
2014-11-24,142.29619315548538
2014-11-25,143.73352843988422
2014-11-26,147.65353376097198
2014-11-27,144.5305961885054
2014-11-28,146.98713285638706
2014-12-01,145.58899762519908
2014-12-02,144.00794063741412
2014-12-03,141.7022325302277
2014-12-04,139.66003392100546
2014-12-05,143.61267639046787
2014-12-08,140.10800006754454
2014-12-09,137.67053721137603
2014-12-10,136.9590615668728
2014-12-11,134.376668486824
2014-12-12,132.00508300514656
2014-12-15,135.70739145154303
2014-12-16,132.59797937556593
2014-12-17,133.32263049496737
2014-12-18,136.76142944339966
2014-12-19,137.09081631585488
2014-12-22,137.03811441626206
2014-12-23,139.51510369712517
2014-12-26,139.02761112589147
2014-12-29,139.39652442304128
2014-12-30,139.19889229956817
2015-01-02,138.65869782874165
2015-01-05,139.98939550464127
2015-01-06,140.72127922638606
2015-01-07,138.3925582935617
2015-01-08,139.0579071315115
2015-01-09,140.92088387777102
2015-01-12,142.3713443445016
2015-01-13,141.54631178544383
2015-01-14,141.22694434322793
2015-01-15,143.5157443457753
2015-01-16,145.04604667305986
2015-01-19,146.17713969757455
2015-01-20,147.5078373734742
2015-01-21,146.3767443489595
2015-01-22,147.0420931869093
2015-01-23,147.28161876857126
2015-01-26,146.48320016303148
2015-01-27,146.7759536517294
2015-01-28,147.96027458328007
2015-01-29,146.7759536517294
2015-01-30,146.53642807006747
2015-02-02,147.44130248967923
2015-02-03,144.96160785689827
2015-02-04,144.78735904486498
2015-02-05,144.29142011830882
2015-02-06,142.74998831955307
2015-02-09,141.0075001992205
2015-02-10,139.5330871743237
2015-02-11,140.60538755606683
2015-02-12,144.09036379673196
2015-02-13,146.04731199341316
2015-02-18,145.43073927391086
2015-02-19,146.08752325772852
2015-02-20,145.47095053822625
2015-02-23,144.8007627996368
2015-02-24,146.77111475108978
2015-02-25,146.07411950295676
2015-02-26,147.44130248967923
2015-02-27,148.0980864734969
2015-03-02,149.00954179797856
2015-03-03,149.00954179797856
2015-03-04,146.64431097578841
2015-03-05,145.69821864691235
2015-03-06,150.29352424431033
2015-03-09,150.26649303491388
2015-03-10,147.45524725768217
2015-03-11,146.2253272301433
2015-03-12,146.265874044238
2015-03-13,145.96853074087693
2015-03-16,144.7521263180363
2015-03-17,145.41439094824955
2015-03-18,146.64431097578841
2015-03-19,145.69821864691235
2015-03-20,146.64431097578841
2015-03-23,145.29275050596547
2015-03-24,146.10368678785923
2015-03-25,145.9550151361787
2015-03-26,146.64431097578841
2015-03-27,145.96853074087693
2015-03-30,146.10368678785923
2015-03-31,149.34743191543427
2015-04-01,150.1853994067245
2015-04-02,150.7032800943339
2015-04-06,151.27567453853376
2015-04-07,151.88895430017647
2015-04-08,149.89920218462458
2015-04-09,149.77654623229606
2015-04-10,152.63851845329532
2015-04-13,152.63851845329532
2015-04-14,152.63851845329532
2015-04-15,153.34719728897133
2015-04-16,152.37957810949064
2015-04-17,154.0013623680569
2015-04-20,152.77480284477147
2015-04-22,152.77480284477147
2015-04-23,152.69303220988579
2015-04-24,153.98773392890928
2015-04-27,153.18365601919996
2015-04-28,153.86507797658075
2015-04-29,153.86507797658075
2015-04-30,155.36420628281846
2015-05-04,155.2551787696375
2015-05-05,153.97741490896703
2015-05-06,155.59866367841988
2015-05-07,155.52996669666342
2015-05-08,158.51141570489452
2015-05-11,158.0030580398966
2015-05-12,158.0030580398966
2015-05-13,158.97855518083853
2015-05-14,160.03648869988828
2015-05-15,162.26227090879811
2015-05-18,160.8333736882634
2015-05-19,160.6135433466427
2015-05-20,160.76467670650695
2015-05-21,162.1248769452852
2015-05-22,162.1248769452852
2015-05-25,162.1248769452852
2015-05-26,161.57530109123337
2015-05-27,161.57530109123337
2015-05-28,161.60277988393597
2015-05-29,162.1248769452852
2015-06-01,163.38890140960436
2015-06-02,164.42739018975013
2015-06-03,166.6428329207278
2015-06-05,166.850530676757
2015-06-08,166.14435830625783
2015-06-09,166.13051178918923
2015-06-10,167.84747990569693
2015-06-11,167.7920938374225
2015-06-12,165.4520324528273
2015-06-15,165.32741379920984
2015-06-16,164.67662749698513
2015-06-17,165.88127448195425
2015-06-18,166.4905212329731
2015-06-19,166.15820482332646
2015-06-22,166.6428329207278
2015-06-23,166.15820482332646
2015-06-24,166.43513516469866
2015-06-25,168.01363811052028
2015-06-26,168.42903362257857
2015-06-29,169.27367116376382
2015-06-30,172.3891375042012
2015-07-01,172.2783653676523
2015-07-02,169.9069222816198
2015-07-03,168.23296245618513
2015-07-06,169.8929726164079
2015-07-07,169.4047343339894
2015-07-08,171.79012708523385
2015-07-10,171.5808821070545
2015-07-13,172.97584862825008
2015-07-14,171.59483177226647
2015-07-15,173.5338352367283
2015-07-16,176.463264931239
2015-07-17,175.4867883664021
2015-07-20,173.67333188884785
2015-07-21,173.39433858460873
2015-07-22,173.2548419324892
2015-07-23,172.97584862825008
2015-07-24,172.97584862825008
2015-07-27,172.97584862825008
2015-07-28,171.5808821070545
2015-07-29,171.5808821070545
2015-07-30,171.5808821070545
2015-07-31,170.6323048726415
2015-08-03,171.88777474171752
2015-08-04,166.9686642626005
2015-08-05,168.6552164268692
2015-08-06,167.34813849956095
2015-08-07,166.89839125575597
2015-08-10,167.24975628997862
2015-08-11,166.68757223522238
2015-08-12,167.24975628997862
2015-08-13,165.2821120983318
2015-08-14,166.4767532146888
2015-08-17,166.4767532146888
2015-08-18,165.4648219161276
2015-08-19,164.43883601619746
2015-08-20,163.38474091352953
2015-08-21,164.29829000250842
2015-08-24,169.77958453638163
2015-08-25,166.87028205301817
2015-08-26,165.84429615308804
2015-08-27,166.4626986133199
2015-08-28,165.67564093666115
2015-08-31,165.63347713255445
2015-09-01,165.31022130106962
2015-09-02,167.29337734067113
2015-09-03,168.56826336612923
2015-09-04,167.15172333784244
2015-09-08,167.15172333784244
2015-09-09,164.74360528975487
2015-09-10,165.02691329541224
2015-09-11,164.3328086815517
2015-09-14,164.31864328126883
2015-09-15,165.59352930672696
2015-09-16,161.20225521903788
2015-09-17,162.76044925015336
2015-09-18,162.19383323883864
2015-09-21,159.2899261808507
2015-09-22,161.47139782441238
2015-09-23,159.3749185825479
2015-09-24,157.76006295030098
2015-09-25,158.65248316812165
2015-09-28,157.54758194605793
2015-09-29,157.23594313983483
2015-09-30,157.2501085401177
2015-10-01,162.05217923600998
2015-10-02,162.50914696032723
2015-10-05,162.22354213262895
2015-10-06,160.65271558028834
2015-10-07,161.36672764953408
2015-10-08,162.79475178802554
2015-10-09,163.22315902957297
2015-10-13,164.83682630606833
2015-10-14,165.1081508923817
2015-10-15,164.56550171975493
2015-10-16,162.79475178802554
2015-10-19,161.36672764953408
2015-10-20,164.222775926517
2015-10-21,163.79436868496956
2015-10-22,164.222775926517
2015-10-23,164.9367879957627
2015-10-26,164.1513747195924
2015-10-27,163.50876385727125
2015-10-28,163.86576989189413
2015-10-29,167.0788242034999
2015-10-30,167.0788242034999
2015-11-03,166.25057020317485
2015-11-04,166.9702696412838
2015-11-05,166.9702696412838
2015-11-06,168.26572862988
2015-11-09,166.9702696412838
2015-11-10,170.56876683182873
2015-11-11,169.84906739371974
2015-11-12,168.40966851750179
2015-11-13,167.4020893041492
2015-11-16,168.40966851750179
2015-11-17,168.40966851750179
2015-11-18,168.40966851750179
2015-11-19,169.40285374209216
2015-11-23,167.67557509063062
2015-11-24,166.53844997841844
2015-11-25,169.04300402303767
2015-11-26,166.1929942481261
2015-11-27,167.0422395850947
2015-11-30,168.40966851750179
2015-12-01,166.92708767499727
2015-12-02,165.37461497780262
2015-12-03,164.24290590881958
2015-12-04,165.9694876935501
2015-12-07,166.44828768427368
2015-12-08,166.85454222185734
2015-12-09,165.8389058778982
2015-12-10,165.31657861529067
2015-12-11,166.82552404060138
2015-12-14,166.12908769045796
2015-12-15,165.4036331590586
2015-12-16,156.69817878226604
2015-12-17,155.3198151726072
2015-12-18,156.71268787289404
2015-12-21,154.52181518806788
2015-12-22,153.28854248468895
2015-12-23,156.32094242593834
2015-12-28,157.42363331366542
2015-12-29,156.69817878226604
2015-12-30,157.2059969542456
2016-01-04,155.13119699444337
2016-01-05,153.6823301545896
2016-01-06,158.570426361773
2016-01-07,157.32644978210058
2016-01-08,155.86294792366243
2016-01-11,155.84831290507805
2016-01-12,158.80458665912312
2016-01-13,157.32644978210058
2016-01-14,155.78977283074053
2016-01-15,153.66769513600522
2016-01-18,155.05802190152147
2016-01-19,152.95057922537055
2016-01-20,151.5602524598543
2016-01-21,149.27718956069077
2016-01-22,149.2918245792752
2016-01-26,147.81368770225265
2016-01-27,147.85759275800578
2016-01-28,145.76478510043924
2016-01-29,149.27718956069077
2016-02-01,149.59915996954717
2016-02-02,147.41350590483907
2016-02-03,148.5654046686717
2016-02-04,149.52532030519893
2016-02-05,149.59915996954717
2016-02-10,153.57173391148282
2016-02-11,150.18987728433314
2016-02-12,150.64768320329227
2016-02-15,147.97468735388574
2016-02-16,149.74683929824366
2016-02-17,147.91561562240716
2016-02-18,148.1075987497126
2016-02-19,149.08228231910945
2016-02-22,148.41772533997522
2016-02-23,148.71308399736822
2016-02-24,154.98945546696916
2016-02-25,158.01688170524724
2016-02-26,160.95570034630745
2016-02-29,160.82278895048063
2016-03-01,157.91350617515974
2016-03-02,159.37332351363398
2016-03-03,158.41997341503853
2016-03-04,161.17575104379097
2016-03-07,160.28198532635776
2016-03-08,159.38821960892454
2016-03-09,160.87782913797992
2016-03-10,162.36743866703526
2016-03-11,165.40624210630824
2016-03-14,166.83626725420137
2016-03-15,166.76178677774863
2016-03-16,165.346657725146
2016-03-17,169.785694121731
2016-03-18,170.5602910768398
2016-03-21,171.18592707904307
2016-03-22,175.7739244285336
2016-03-23,177.26353395758898
2016-03-24,171.3050958413675
2016-03-28,172.79470537042286
2016-03-29,173.52461403965998
2016-03-30,169.80059021702155
2016-03-31,170.15809650399487
2016-04-01,168.35566897383785
2016-04-04,173.02637486597553
2016-04-05,171.97509058157158
2016-04-06,171.65970529625037
2016-04-07,169.6923018497229
2016-04-08,169.12160466676076
2016-04-11,168.22050385155734
2016-04-12,168.8212377283596
2016-04-13,171.05897141944808
2016-04-14,170.2629990326851
2016-04-15,169.99266878812404
2016-04-18,172.71098958065434
2016-04-19,176.13517267842732
2016-04-20,176.6007414329491
2016-04-22,178.688291654837
2016-04-25,178.56814487947653
2016-04-26,177.6670440642731
2016-04-27,178.71832834867712
2016-04-28,178.95862189939803
2016-04-29,179.94983279612177
2016-05-02,183.8546029953366
2016-05-03,182.96181109601767
2016-05-04,181.56966101572377
2016-05-05,181.38807622264196
2016-05-06,184.30856497804112
2016-05-09,180.9038501077571
2016-05-10,183.9756595240578
2016-05-11,187.18365753516986
2016-05-12,190.28573108365083
2016-05-13,196.6411988415143
2016-05-16,196.3990857840719
2016-05-17,197.47346247647263
2016-05-18,195.6576145456545
2016-05-19,195.70301074392498
2016-05-20,196.68659503978475
2016-05-23,195.20365256294997
2016-05-24,197.47346247647263
2016-05-25,192.1772393449197
2016-05-27,190.6640327359046
2016-05-30,193.69044595393484
2016-05-31,193.67531388784468
2016-06-01,196.5806705771537
2016-06-02,195.65103100003867
2016-06-03,195.05667127040778
2016-06-06,198.1351498700345
2016-06-07,198.11990987696706
2016-06-08,198.08942989083212
2016-06-09,200.25350890641133
2016-06-10,203.91110724260147
2016-06-13,202.69190779720475
2016-06-14,198.1351498700345
2016-06-15,200.4059088370859
2016-06-16,196.59591057022115
2016-06-17,194.29467161703482
2016-06-20,194.4165915615745
2016-06-21,196.59591057022115
2016-06-22,195.14811122881255
2016-06-23,198.11990987696706
2016-06-24,194.3099116101023
2016-06-27,196.59591057022115
2016-06-28,196.29111070887197
2016-06-29,198.72950959966542
2016-06-30,198.88190953033998
2016-07-01,197.99798993242737
2016-07-04,197.99798993242737
2016-07-05,197.53752949072404
2016-07-06,195.08174046830635
2016-07-07,196.46312179341632
2016-07-08,197.99798993242737
2016-07-11,194.17616826628984
2016-07-12,195.08174046830635
2016-07-13,195.05104310552613
2016-07-14,195.05104310552613
2016-07-15,197.92124652547682
2016-07-18,199.53285807143845
2016-07-19,205.67233062748272
2016-07-20,202.72538380058148
2016-07-21,204.13746248847164
2016-07-22,207.6676592081971
2016-07-25,208.74206690550483
2016-07-26,207.17650140371353
2016-07-27,207.20719876649378
2016-07-28,205.97930425528492
2016-07-29,207.51417239429597
2016-08-01,200.9449367593286
2016-08-02,202.83072770430076
2016-08-03,203.2635321834747
2016-08-04,204.03639732485675
2016-08-05,203.49539172588933
2016-08-08,205.3966399736891
2016-08-09,208.82816120142533
2016-08-10,208.67358817314894
2016-08-11,205.81398715003542
2016-08-12,205.55121300196552
2016-08-15,204.91746358603226
2016-08-16,205.272981551068
2016-08-17,207.12785789038486
2016-08-18,206.3395354461752
2016-08-19,204.03639732485675
2016-08-22,205.5821276076208
2016-08-23,203.72725126830395
2016-08-24,204.60831752947945
2016-08-25,204.40737259272012
2016-08-26,207.43700394693766
2016-08-29,207.11240058755723
2016-08-30,206.35499274900283
2016-08-31,208.67358817314894
2016-09-01,207.54520506673114
2016-09-02,207.77866424003457
2016-09-05,207.00046699568986
2016-09-06,207.74753635026076
2016-09-08,208.35453020084964
2016-09-09,207.38956561786222
2016-09-12,207.00046699568986
2016-09-13,206.22226975134515
2016-09-14,208.55686148437925
2016-09-15,207.01603094057674
2016-09-16,207.77866424003457
2016-09-19,208.08994313777242
2016-09-20,207.73197240537388
2016-09-21,207.9343036889035
2016-09-22,207.03159488546368
2016-09-23,208.57242542926613
2016-09-26,208.55686148437925
2016-09-27,208.3856580906234
2016-09-28,207.82535607469524
2016-09-29,208.55686148437925
2016-09-30,209.4906981775929
2016-10-03,211.00040083162162
2016-10-04,210.76534654179804
2016-10-05,211.54886084120994
2016-10-06,211.07875226156278
2016-10-07,210.92204940168043
2016-10-10,211.54886084120994
2016-10-11,213.11588944003373
2016-10-13,212.17567228073946
2016-10-14,212.64578086038657
2016-10-17,211.54886084120994
2016-10-18,216.0932437777989
2016-10-19,214.83962089873987
2016-10-20,220.30855070863487
2016-10-21,220.1675181347407
2016-10-24,224.08508963180014
2016-10-25,226.90574110968296
2016-10-26,227.23481711543593
2016-10-27,229.3816462958245
2016-10-28,230.7449611768012
2016-10-31,231.9045623399308
2016-11-01,228.66081314036558
2016-11-03,233.39172651568347
2016-11-04,230.23778426547153
2016-11-07,227.25730883902128
2016-11-08,227.6357819090467
2016-11-09,224.56068821509007
2016-11-10,223.18872333624788
2016-11-11,226.2953564527066
2016-11-14,225.19147666513246
2016-11-16,222.68409257621397
2016-11-17,226.13765934019602
2016-11-18,226.26381703020448
2016-11-21,226.2953564527066
2016-11-22,229.44929870291855
2016-11-23,226.2953564527066
2016-11-24,222.66832286496287
2016-11-25,220.77595751483574
2016-11-28,221.6906007673972
2016-11-29,222.3529286399417
2016-11-30,219.27783494598506
2016-12-01,219.84554455102324
2016-12-02,217.16275900483774
2016-12-05,217.48024841858748
2016-12-06,222.05209597658407
2016-12-07,218.44859113052428
2016-12-08,217.79773783233725
2016-12-09,219.97254031652312
2016-12-12,231.76727203732682
2016-12-13,226.21120729670596
2016-12-14,219.22644019421116
2016-12-15,224.46501552108228
2016-12-16,223.75066434014528
2016-12-19,224.3062708142074
2016-12-20,223.00456421783335
2016-12-21,229.3861014342036
2016-12-22,228.5923778998292
2016-12-23,220.49639784921024
2016-12-26,223.9094090470202
2016-12-27,228.5923778998292
2016-12-28,227.00493083108037
2016-12-29,227.79865436545478
2017-01-02,225.78259658814378
2017-01-03,225.63879619402493
2017-01-04,228.3869815038516
2017-01-05,228.48284843326417
2017-01-06,230.00074148229632
2017-01-09,230.89549949014688
2017-01-10,233.3081505470296
2017-01-11,235.67286813920603
2017-01-12,238.7086542372704
2017-01-13,240.46621460983397
2017-01-16,242.86288784514792
2017-01-17,238.22931959020758
2017-01-18,239.66732353139597
2017-01-19,240.53012589610898
2017-01-20,245.25956108046188
2017-01-23,247.60830085106954
2017-01-24,245.8986739432123
2017-01-26,242.81495438044163
2017-01-27,242.79897655887288
2017-01-30,242.70310962946033
2017-01-31,247.33667788440067
2017-02-01,241.13728311572186
2017-02-02,244.01485469423613
2017-02-03,243.54865594687908
2017-02-06,240.36564380975156
2017-02-07,239.51362540940934
2017-02-08,238.72591028456466
2017-02-09,239.52970122828373
2017-02-10,237.10225257825215
2017-02-13,237.92211934084557
2017-02-14,236.81288783851326
2017-02-15,237.52022386898605
2017-02-16,229.91636154140363
2017-02-17,232.29558273481206
2017-02-20,235.52682232856273
2017-02-21,239.52970122828373
2017-02-22,236.31453745340744
2017-02-23,237.13440421600086
2017-02-24,239.52970122828373
2017-03-01,239.40109467728868
2017-03-02,238.59230719527082
2017-03-03,242.63624460536016
2017-03-06,247.48896949746737
2017-03-07,243.8008985794659
2017-03-08,242.83035360104446
2017-03-09,242.63624460536016
2017-03-10,245.82286728451055
2017-03-13,247.48896949746737
2017-03-14,246.43754577084414
2017-03-15,246.35666702264237
2017-03-16,249.91533194352095
2017-03-17,247.65072699387093
2017-03-20,249.75357444711742
2017-03-21,249.4138837046699
2017-03-22,249.43005945431022
2017-03-23,250.4006044327317
2017-03-24,251.67848865431992
2017-03-27,252.30934289029383
2017-03-28,254.76805683562816
2017-03-29,242.79800210176373
2017-03-30,245.06260705141378
2017-03-31,249.09036871186277
2017-04-03,240.56574865139441
2017-04-04,244.32560575142637
2017-04-05,247.41812890729676
2017-04-06,246.18111964494858
2017-04-07,248.37843872938282
2017-04-10,248.70396748263238
2017-04-11,244.1465649371391
2017-04-12,250.57575781381706
2017-04-13,249.02949623588188
2017-04-17,245.2208098228625
2017-04-18,244.9603868202629
2017-04-19,242.5189211708915
2017-04-20,244.1465649371391
2017-04-24,242.7305148605037
2017-04-25,240.09373195918258
2017-04-26,240.72851302801917
2017-04-27,237.6359898721487
2017-04-28,238.466088192935
2017-05-02,239.1334221370965
2017-05-03,237.49552198547255
2017-05-04,237.36448997334261
2017-05-05,245.6850227435923
2017-05-08,246.43845681333931
2017-05-09,246.48759381788804
2017-05-10,248.7151380240966
2017-05-11,245.0298626829427
2017-05-12,248.63324301651542
2017-05-15,246.99534286489148
2017-05-16,247.15913288005385
2017-05-17,248.125493969512
2017-05-18,239.1334221370965
2017-05-19,245.5212327284299
2017-05-22,242.4092224403444
2017-05-23,245.1936526981051
2017-05-24,245.6850227435923
2017-05-25,244.04712259196836
2017-05-26,245.6850227435923
2017-05-29,247.32292289521624
2017-05-30,247.32292289521624
2017-05-31,247.35568089824875
2017-06-01,249.64874111052222
2017-06-02,250.47266434851073
2017-06-05,246.53431127092563
2017-06-06,246.36952662332789
2017-06-07,246.0399573281325
2017-06-08,245.52912492057962
2017-06-09,247.0945790727578
2017-06-12,245.52912492057962
2017-06-13,246.10587118717157
2017-06-14,245.52912492057962
2017-06-16,245.03477097778648
2017-06-19,247.96793770502563
2017-06-20,244.8699863301888
2017-06-21,246.35304815856813
2017-06-22,245.72686649769688
2017-06-23,245.34786180822212
2017-06-26,245.77630189197617
2017-06-27,247.17697139655667
2017-06-28,246.07291425765206
2017-06-29,247.17697139655667
2017-06-30,246.02347886337273
2017-07-03,247.5394976212716
2017-07-04,246.54469722895567
2017-07-05,244.5550964443239
2017-07-06,244.15717628739753
2017-07-07,245.5498968366398
2017-07-10,246.52811722241708
2017-07-11,247.04209742511364
2017-07-12,248.3684979482015
2017-07-13,247.20789749049962
2017-07-14,246.56127723549432
2017-07-17,247.87109775204354
2017-07-18,248.26901790896991
2017-07-19,248.70009807897347
2017-07-20,248.1363778566611
2017-07-21,248.86589814435945
2017-07-24,247.605817647426
2017-07-25,248.2026978828155
2017-07-26,248.26901790896991
2017-07-27,252.76219968093002
2017-07-28,250.4575787720649
2017-07-31,251.51869919053513
2017-08-01,251.8834593343843
2017-08-02,249.38130576483744
2017-08-03,251.8000542153994
2017-08-04,251.8834593343843
2017-08-07,252.71751052423326
2017-08-08,250.38216719265617
2017-08-09,250.2153569546864
2017-08-10,251.01604609694138
2017-08-11,251.8834593343843
2017-08-14,250.2153569546864
2017-08-15,249.714926240777
2017-08-16,250.4655723116411
2017-08-17,250.0318656929196
2017-08-18,250.16531388329545
2017-08-21,251.19953735870817
2017-08-22,250.04854671671663
2017-08-23,250.2153569546864
2017-08-24,251.86677831058734
2017-08-25,250.79919278758067
2017-08-28,253.38475147611243
2017-08-29,253.55156171408223
2017-08-30,254.4356559753221
2017-08-31,252.71751052423326
2017-09-01,255.08621590340425
2017-09-04,255.4218556611719
2017-09-05,258.6104333599645
2017-09-06,258.4426134810806
2017-09-08,257.77133396554535
2017-09-11,257.60351408666156
2017-09-12,257.60351408666156
2017-09-13,258.4426134810806
2017-09-14,260.7920917854541
2017-09-15,264.81976887866574
2017-09-18,267.7566167591326
2017-09-19,271.86820379178613
2017-09-20,277.74189955271976
2017-09-21,278.3460511167016
2017-09-22,278.31248714092476
2017-09-25,276.4664684732028
2017-09-26,277.7754635284966
2017-09-27,278.631344910804
2017-09-28,280.0745958692048
2017-09-29,283.69950525309537
2017-10-02,281.8031406217082
2017-10-03,280.11569666588963
2017-10-04,280.6219298526352
2017-10-05,280.11569666588963
2017-10-06,280.92566976468254
2017-10-09,277.77014956730176
2017-10-10,280.79067424821704
2017-10-11,281.29690743496263
2017-10-13,280.6219298526352
2017-10-16,280.11569666588963
2017-10-17,280.11569666588963
2017-10-18,279.609463479144
2017-10-19,279.609463479144
2017-10-20,278.428252710071
2017-10-23,276.7408087542524
2017-10-24,276.7408087542524
2017-10-25,282.4781182040357
2017-10-26,282.3937460062447
2017-10-27,283.4905845775268
2017-10-30,283.6593289731087
2017-10-31,286.02175051125477
2017-11-01,285.0430330168799
2017-11-03,282.8543097276432
2017-11-06,285.0430330168799
2017-11-07,285.0430330168799
2017-11-08,284.53402760077836
2017-11-09,283.1766798245075
2017-11-10,283.6856852406091
2017-11-13,284.19469065671063
2017-11-14,287.06208783408283
2017-11-16,285.0430330168799
2017-11-17,285.5181047385747
2017-11-21,286.73971773721854
2017-11-22,286.4003807931508
2017-11-23,287.2996236949303
2017-11-24,287.06208783408283
2017-11-27,283.2954477549312
2017-11-28,283.51601676857524
2017-11-29,283.34634829654135
2017-11-30,285.0430330168799
2017-12-01,283.73658578221927
2017-12-04,282.8323684142644
2017-12-05,283.207703925491
2017-12-06,286.61984493664147
2017-12-07,283.548918026606
2017-12-08,285.4255955827388
2017-12-11,284.5213782147839
2017-12-12,285.7668096838538
2017-12-13,283.8901321277211
2017-12-14,281.84284752103076
2017-12-15,278.75485990593955
2017-12-18,278.6354349705493
2017-12-19,278.7719206109953
2017-12-20,272.63006679092445
2017-12-21,273.2271914678758
2017-12-22,272.9712808920395
2017-12-26,275.35977959984484
2017-12-27,278.07243170370947
2017-12-28,280.6485981671281
2018-01-02,282.3887900828148
2018-01-03,288.0502907345359
2018-01-04,281.3422702653755
2018-01-05,278.460051751772
2018-01-08,278.37427143886714
2018-01-09,276.6758212433508
2018-01-10,278.64876844016266
2018-01-11,277.75665318595213
2018-01-12,277.4993122472375
2018-01-15,275.8523302394641
2018-01-16,277.08756674529417
2018-01-17,276.21260755366455
2018-01-18,276.3841681794743
2018-01-19,276.1611393659216
2018-01-22,276.04104692785484
2018-01-23,274.03378760588095
2018-01-24,274.8915907349296
2018-01-26,276.1954514910836
2018-01-29,275.01168317299647
2018-01-30,277.0704106827132
2018-01-31,277.92821381176185
2018-02-01,276.4184803046362
2018-02-02,277.2795970657098
2018-02-05,279.5357229797227
2018-02-06,279.0018305878571
2018-02-07,278.14071382678344
2018-02-08,277.36570874181723
2018-02-09,277.2795970657098
2018-02-14,277.6240437701393
2018-02-15,279.0018305878571
2018-02-16,278.14071382678344
2018-02-19,278.123491491562
2018-02-20,277.96849047456874
2018-02-21,277.7446001166896
2018-02-22,277.3829310770387
2018-02-23,280.72406411000435
2018-02-26,282.36018595604423
2018-02-27,284.1685311542989
2018-02-28,288.99078501631124
2018-03-01,288.0780012495732
2018-03-02,285.5684602353835
2018-03-05,286.60689099987576
2018-03-06,286.60689099987576
2018-03-07,286.60689099987576
2018-03-08,290.76061405784503
2018-03-09,293.35669096907577
2018-03-12,291.62597302825526
2018-03-13,290.86445713429424
2018-03-14,290.76061405784503
2018-03-15,290.9509930313353
2018-03-16,291.7644304635209
2018-03-19,290.76061405784503
2018-03-20,294.2047427600778
2018-03-21,292.4913319986655
2018-03-22,294.2047427600778
2018-03-23,292.6470966133394
2018-03-26,299.41420376194753
2018-03-27,303.56792681991675
2018-03-28,306.3370755252296
2018-03-29,303.3948550258347
2018-04-02,300.3141770911742
2018-04-03,303.4442611604511
2018-04-04,300.835857769387
2018-04-05,293.3584347150034
2018-04-06,293.5323282744077
2018-04-09,291.35865878185433
2018-04-10,290.6283058323564
2018-04-11,290.22835064572655
2018-04-12,289.96751030662017
2018-04-13,290.22835064572655
2018-04-16,289.5327764081095
2018-04-17,288.819812814552
2018-04-18,287.79384081406675
2018-04-19,290.40224420513084
2018-04-20,290.40224420513084
2018-04-23,290.40224420513084
2018-04-24,284.3159696259814
2018-04-25,284.3159696259814
2018-04-26,285.1854374230027
2018-04-27,285.1854374230027
2018-04-30,290.40224420513084
2018-05-02,288.36768956010087
2018-05-03,293.06867183339745
2018-05-04,291.75798904344487
2018-05-07,288.8919626760819
2018-05-08,288.61235034755873
2018-05-09,288.36768956010087
2018-05-10,291.8453678961084
2018-05-11,293.59294494937853
2018-05-14,292.73663219327614
2018-05-15,295.34052200264864
2018-05-16,292.7191564227435
2018-05-17,289.18905077513784
2018-05-18,287.47642526293316
2018-05-21,285.78127552126114
2018-05-22,283.10748262975784
2018-05-23,288.3152622485028
2018-05-24,285.90360591499
2018-05-25,285.728848209663
2018-05-28,276.37931097466793
2018-05-29,276.8511567790508
2018-05-30,275.9424167113504
2018-06-01,272.2899806700159
2018-06-04,275.82119469122193
2018-06-05,277.49017644253826
2018-06-06,274.94278324316076
2018-06-07,266.3343510521608
2018-06-08,262.97881932056697
2018-06-11,266.2289416783934
2018-06-12,270.5507260028547
2018-06-13,268.88174425153835
2018-06-14,269.67231455479345
2018-06-15,263.5058661894037
2018-06-18,251.84056215915072
2018-06-19,248.76612209093648
2018-06-20,245.9552054571406
2018-06-21,245.92006899921813
2018-06-22,247.51877783468953
2018-06-25,248.60800803028545
2018-06-26,249.29316895977323
2018-06-27,251.40135643512014
2018-06-28,248.69584917509158
2018-06-29,250.32969446848546
2018-07-02,256.1799147125731
2018-07-03,254.94233058352685
2018-07-04,255.47272378168955
2018-07-05,254.5887351180851
2018-07-06,256.339032672022
2018-07-10,255.64952151441045
2018-07-11,265.2142788546107
2018-07-12,264.33029019100627
2018-07-13,264.50708792372717
2018-07-16,262.5446330905253
2018-07-17,262.1910376250835
2018-07-18,262.898228555967
2018-07-19,261.9612005725463
2018-07-20,264.20653177810163
2018-07-23,264.31261041773416
2018-07-24,263.78221721957146
2018-07-25,262.56231286379733
2018-07-26,262.5269533172532
2018-07-27,261.5722455605603
2018-07-30,261.48384669419994
2018-07-31,261.89048147945795
2018-08-01,262.04959943890674
2018-08-02,261.3384743386655
2018-08-03,261.32069621115943
2018-08-06,262.2273807139671
2018-08-07,261.3384743386655
2018-08-08,261.65848063377405
2018-08-09,260.80513051348447
2018-08-10,255.98725795934996
2018-08-13,253.8716607861322
2018-08-14,253.8716607861322
2018-08-15,251.59606046536013
2018-08-16,253.3738732159633
2018-08-17,253.9961076786744
2018-08-20,254.316113973783
2018-08-21,254.58278588637341
2018-08-22,253.24942632342103
2018-08-23,250.31603528492585
2018-08-24,248.8760069569373
2018-08-27,249.78269145974488
2018-08-28,248.5560006618287
2018-08-29,248.4493318967925
2018-08-30,248.68044755437091
2018-08-31,247.82709743408142
2018-09-03,245.373715838249
2018-09-04,247.87752926516993
2018-09-05,251.02518043044196
2018-09-06,249.48712361104768
2018-09-10,248.50348262190013
2018-09-11,244.83718438962313
2018-09-12,248.5929045300045
2018-09-13,248.5929045300045
2018-09-14,245.46313774635334
2018-09-17,245.51679089121595
2018-09-18,244.13969350640943
2018-09-19,244.98025944259
2018-09-20,243.33489633347057
2018-09-21,243.04874622753678
2018-09-24,242.08298962001015
2018-09-25,240.9026204330331
2018-09-26,240.54493280061584
2018-09-27,239.72225124605612
2018-09-28,243.2275900437454
2018-10-01,241.47492064490075
2018-10-02,248.31251154244637
2018-10-03,257.1294050682289
2018-10-04,258.92877109389883
2018-10-05,264.32686917090854
2018-10-08,266.3061717991454
2018-10-09,273.503635901825
2018-10-10,268.2134997863555
2018-10-11,266.3061717991454
2018-10-15,267.2058548119804
2018-10-16,266.4861084017124
2018-10-17,265.6763936901609
2018-10-18,266.2881781388887
2018-10-19,266.2162034978619
2018-10-22,266.2341971581186
2018-10-23,268.3214617478957
2018-10-24,266.3061717991454
2018-10-25,264.41683747219196
2018-10-26,269.00522083765026
2018-10-29,269.1851574402172
2018-10-30,274.40331891465996
2018-10-31,276.20268494032985
2018-11-01,272.2800670043695
2018-11-05,268.1370679781901
2018-11-06,267.4857668212361
2018-11-07,269.07783631601245
2018-11-08,271.3754820641557
2018-11-09,273.1846519445834
2018-11-12,274.97573012620677
2018-11-13,274.7586297405555
2018-11-14,289.1053468923472
2018-11-16,287.4770939999622
2018-11-19,285.6498324207302
2018-11-21,278.2503276097809
2018-11-22,280.4213314662942
2018-11-23,279.51674652608034
2018-11-26,278.52170309184504
2018-11-27,277.85231023608685
2018-11-28,277.50856795880554
2018-11-29,277.6894849468484
2018-11-30,274.8129048369683
2018-12-03,272.89518476371495
2018-12-04,271.07709559140505
2018-12-05,268.8772076929101
2018-12-06,265.4410191572444
2018-12-07,266.8954904950923
2018-12-10,266.8227669281999
2018-12-11,268.16815291570924
2018-12-12,265.1683057813979
2018-12-13,267.4772790302315
2018-12-14,268.16815291570924
2018-12-17,268.16815291570924
2018-12-18,267.2409274378312
2018-12-19,264.62287902970496
2018-12-20,265.4773809406906
2018-12-21,267.2591083295543
2018-12-26,265.4410191572444
2018-12-27,265.4410191572444
2018-12-28,265.84099877515257
2019-01-02,271.6407032348211
2019-01-03,274.5823964628299
2019-01-04,274.80165310094236
2019-01-07,273.10241415557084
2019-01-08,273.504384658777
2019-01-09,271.8965026459523
2019-01-10,269.5029510132247
2019-01-11,270.41652033869326
2019-01-14,271.5128035292555
2019-01-15,272.225387603121
2019-01-16,273.1572283150989
2019-01-17,273.1572283150989
2019-01-18,273.17549970160826
2019-01-21,270.6905911363338
2019-01-22,271.3300896641618
2019-01-23,271.09256163954
2019-01-24,270.14244954105266
2019-01-28,270.599234203787
2019-01-29,274.0707976405675
2019-01-30,271.05601886652124
2019-01-31,274.43622537075487
2019-02-01,272.95624306349583
2019-02-04,274.6639410523896
2019-02-05,276.3532766973167
2019-02-06,278.3731345336426
2019-02-07,280.9438626889665
2019-02-08,280.0257454906365
2019-02-11,286.4342035349796
2019-02-12,276.66543654474884
2019-02-13,277.2713938956466
2019-02-14,276.3532766973167
2019-02-15,276.3532766973167
2019-02-18,277.2713938956466
2019-02-19,277.2713938956466
2019-02-20,276.81233529648165
2019-02-21,277.2713938956466
2019-02-22,277.2713938956466
2019-02-25,277.08777045598066
2019-02-26,275.6187829386527
2019-02-27,278.2813228138096
2019-02-28,280.9438626889665
2019-03-01,281.8436175433298
2019-03-06,282.6739260729173
2019-03-07,284.7035691452425
2019-03-08,283.0429520860674
2019-03-11,282.3049000597673
2019-03-12,280.8287960071672
2019-03-13,280.2752569874422
2019-03-14,279.9984874775797
2019-03-15,284.15003012551745
2019-03-18,286.9177252241426
2019-03-19,281.8436175433298
2019-03-20,282.12038705319236
2019-03-21,282.0834844518773
2019-03-22,282.1757409551648
2019-03-25,283.5964911057924
2019-03-26,287.84029025701767
2019-03-27,284.15003012551745
2019-03-28,283.2274650926424
2019-03-29,281.45614022952225
2019-04-01,283.6702963084224
2019-04-02,280.3144581625515
2019-04-03,279.07224183231205
2019-04-04,278.31207960037443
2019-04-05,277.7373227908606
2019-04-08,278.4789444805558
2019-04-09,279.92510677546153
2019-04-10,281.81624208418435
2019-04-11,281.5381339505486
2019-04-12,280.72235009188387
2019-04-15,283.2994854635748
2019-04-16,276.27261995371254
2019-04-17,278.57164719176774
2019-04-18,280.8892149720653
2019-04-22,281.81624208418435
2019-04-23,282.74326919630334
2019-04-24,281.81624208418435
2019-04-25,282.92867461872714
2019-04-26,282.92867461872714
2019-04-29,280.8892149720653
2019-04-30,282.1499718445472
2019-05-02,283.1882422101205
2019-05-03,282.8342569073578
2019-05-06,279.8719588473967
2019-05-07,282.96467254521775
2019-05-08,282.8156261019493
2019-05-09,282.0331322747897
2019-05-10,281.977239858564
2019-05-13,281.9399782477469
2019-05-14,281.30653086385587
2019-05-15,282.8156261019493
2019-05-16,285.4053080537392
2019-05-17,283.56085831829165
2019-05-20,283.9334744264629
2019-05-21,283.72853556696873
2019-05-22,284.1197824805485
2019-05-23,282.6479488532722
2019-05-24,283.56085831829165
2019-05-27,283.89621281564575
2019-05-28,284.5110293941283
2019-05-29,286.72809523774697
2019-05-30,287.64100470276645
2019-05-31,288.77748383268863
2019-06-03,290.88276484385597
2019-06-04,289.8719102649533
2019-06-05,286.4087973557498
2019-06-06,284.9112350166348
2019-06-07,284.536844431856
2019-06-10,285.4728208938029
2019-06-11,280.79293858406845
2019-06-12,281.6540369290596
2019-06-13,282.66489150796224
2019-06-14,282.66489150796224
2019-06-17,282.66489150796224
2019-06-18,284.536844431856
2019-06-19,283.9752585546879
2019-06-21,284.536844431856
2019-06-24,285.4728208938029
2019-06-25,285.6600161861923
2019-06-26,286.16544347564366
2019-06-27,285.6600161861923
2019-06-28,288.7112994521392
2019-07-01,292.4739248291657
2019-07-02,291.53349420270536
2019-07-03,293.41435545562604
2019-07-04,287.771771696864
2019-07-05,287.75296308433485
2019-07-08,287.2075133209878
2019-07-10,286.77491523281606
2019-07-11,284.7623936921909
2019-07-12,286.45516881981956
2019-07-15,286.83134107040365
2019-07-16,286.83134107040365
2019-07-17,286.7372980077576
2019-07-18,286.83134107040365
2019-07-19,286.6432549451116
2019-07-22,286.6432549451116
2019-07-23,286.26708269452746
2019-07-24,286.75610662028686
2019-07-25,282.14799655063115
2019-07-26,285.8909104439433
2019-07-29,287.1134702583418
2019-07-30,287.4896425089259
2019-07-31,288.6933937107952
2019-08-01,288.74981954838273
2019-08-02,291.24458170183124
2019-08-05,290.67759030332024
2019-08-06,292.1895673660163
2019-08-07,291.9816705198956
2019-08-08,291.28238112839864
2019-08-09,291.8115731003423
2019-08-12,293.7015444287124
2019-08-13,291.0744842822779
2019-08-14,292.94555589736433
2019-08-15,294.74102865931593
2019-08-16,294.83552722573444
2019-08-19,296.53650142126753
2019-08-20,296.9144956869415
2019-08-21,301.82842114070377
2019-08-22,300.3164440780077
2019-08-23,299.93844981233366
2019-08-26,296.72549855410455
2019-08-27,298.2374756168006
2019-08-28,298.6154698824746
2019-08-29,298.59657016919095
2019-08-30,298.99346414814863
2019-09-02,295.2891203445433
2019-09-03,296.23860304661576
2019-09-04,296.8082926678593
2019-09-05,297.18808574868825
2019-09-06,296.99818920827374
2019-09-09,297.18808574868825
2019-09-10,295.8208306577039
2019-09-11,295.00427553392154
2019-09-12,295.2891203445433
2019-09-13,295.78285134962096
2019-09-16,296.6943547436106
2019-09-17,296.3715306249059
2019-09-18,295.8588099657868
2019-09-19,296.6183961274447
2019-09-20,297.37798228910276
2019-09-23,295.7638616955795
2019-09-24,300.0365338549057
2019-09-25,301.65065444842895
2019-09-26,300.2264303953202
2019-09-27,301.9354992590507
2019-09-30,304.2142577440246
2019-10-01,305.23969906226296
2019-10-02,304.7436845512868
2019-10-03,302.39715436474563
2019-10-04,304.2858250026934
2019-10-07,303.3319509431238
2019-10-08,306.0027983099186
2019-10-09,304.4956772957987
2019-10-10,307.1474471814021
2019-10-11,310.96294341968036
2019-10-14,311.91681747924997
2019-10-15,315.35076409370043
2019-10-16,320.55891645895025
2019-10-17,320.5016840153761
2019-10-18,318.5939358962369
2019-10-21,321.41740311256285
2019-10-22,323.3633061940848
2019-10-23,322.4094321345152
2019-10-24,326.6064779966213
2019-10-25,326.16769592921935
2019-10-28,329.46810017533005
2019-10-29,327.19787991355446
2019-10-30,325.5762940122862
2019-10-31,324.3171802536544
2019-11-01,326.68278792138693
2019-11-04,331.08965250918277
2019-11-05,323.8087457989114
2019-11-06,325.14996545606664
2019-11-07,325.24576686014916
2019-11-08,324.63263787402104
2019-11-11,324.00034860707643
2019-11-12,322.9082126005357
2019-11-13,322.4292055801231
2019-11-14,323.5979827099298
2019-11-18,323.8087457989114
2019-11-19,330.47652352305465
2019-11-21,331.47285812551286
2019-11-22,327.6408019622121
2019-11-25,328.69461740711984
2019-11-26,331.60698009122837
2019-11-27,328.5988160030373
2019-11-28,333.15896283736515
2019-11-29,335.1133114806485
2019-12-02,335.74560074759313
2019-12-03,336.24588074182986
2019-12-04,337.90065303045924
2019-12-05,343.71159757890166
2019-12-06,346.34768831776466
2019-12-09,347.30976522975845
2019-12-10,350.1767544275
2019-12-11,354.81396514331004
2019-12-12,354.33292668731315
2019-12-13,354.33292668731315
2019-12-16,355.96845743770257
2019-12-17,360.97125738007026
2019-12-18,361.7409189096653
2019-12-19,365.3006034840423
2019-12-20,365.5892265576405
2019-12-23,365.56998501940063
2019-12-26,369.43753420561563
2019-12-27,369.12966959377763
2019-12-30,381.3288048378589
2020-01-02,385.48497709767213
2020-01-03,385.48497709767213
2020-01-06,382.35629141180925
2020-01-07,383.84338275632433
2020-01-08,362.1163988267211
2020-01-09,349.5630303340614
2020-01-10,345.5073266672021
2020-01-13,354.39124898508436
2020-01-14,356.2839106962853
2020-01-15,352.07370403259335
2020-01-16,352.26683277863424
2020-01-17,350.56729981347416
2020-01-20,351.3977534214501
2020-01-21,351.4943177944706
2020-01-22,353.42560525487977
2020-01-23,352.4599615246752
2020-01-24,351.55225641828287
2020-01-27,348.30769348479544
2020-01-28,351.784010913532
2020-01-29,345.41076229418167
2020-01-30,348.1145647387545
2020-01-31,350.79905430872327
2020-02-03,354.1981202390434
2020-02-04,354.81863594295504
2020-02-05,353.4030844934067
2020-02-06,349.9126836589039
2020-02-07,350.10659481637634
2020-02-10,345.3557714583031
2020-02-11,344.96794914335834
2020-02-12,347.9541809684329
2020-02-13,349.04008345027825
2020-02-14,346.71314956060974
2020-02-17,348.2644388203887
2020-02-18,330.5991323746552
2020-02-19,323.1529439277159
2020-02-20,322.86207719150735
2020-02-21,330.4633945644245
2020-02-26,329.4550565455682
2020-02-27,329.99800778649086
2020-02-28,331.4911236990281
2020-03-02,333.0230218430599
2020-03-03,336.8206527939018
2020-03-04,333.7046479111597
2020-03-05,333.1009219651284
2020-03-06,332.0297952866859
2020-03-09,318.02724834486366
2020-03-10,319.9552763660603
2020-03-11,317.4429974293495
2020-03-12,292.3202080622415
2020-03-13,300.441295787888
2020-03-16,292.4954833368957
2020-03-17,289.20420317949936
2020-03-18,257.7130788332872
2020-03-19,270.800299340804
2020-03-20,278.70716173076204
2020-03-23,258.0441543520786
2020-03-24,270.7029241882183
2020-03-25,289.9832044001849
2020-03-26,295.7088633722235
2020-03-27,293.29395958809835
2020-03-30,298.0653420647972
2020-03-31,299.9544200249596
2020-04-01,295.14408748722656
2020-04-02,291.4278928800315
2020-04-03,287.5356680019693
2020-04-06,289.08082260180305
2020-04-07,296.4154172212669
2020-04-08,295.32011775809366
2020-04-09,299.2514604741263
2020-04-13,299.74043344875724
2020-04-14,298.76248749949536
2020-04-15,292.79701720899806
2020-04-16,297.2955685756026
2020-04-17,296.0829155985179
2020-04-20,294.5573199176694
2020-04-22,293.8140809962304
2020-04-23,297.6867469553073
2020-04-24,296.65012424908974
2020-04-27,297.2955685756026
2020-04-28,301.2660291296057
2020-04-29,312.9427037637922
2020-04-30,310.9672529462833
2020-05-04,307.17282266314726
2020-05-05,308.3512350263051
2020-05-06,314.73430199341016
2020-05-07,314.2432968420944
2020-05-08,319.1533483552521
2020-05-11,322.9831885355151
2020-05-12,321.4119720513047
2020-05-13,319.5461524763047
2020-05-14,316.0501957989364
2020-05-15,317.9945761981469
2020-05-18,318.9569462947258
2020-05-19,320.23355968814684
2020-05-20,320.13535865788367
2020-05-21,321.21556999077836
2020-05-22,325.92921944340975
2020-05-25,328.580647260515
2020-05-26,329.36625550262016
2020-05-27,333.3335771252516
2020-05-28,333.88350289472527
2020-05-29,338.57751214130406
2020-06-01,336.1421265907779
2020-06-02,337.5024671617318
2020-06-03,340.0457125769933
2020-06-04,337.12788062770096
2020-06-05,336.91101473957787
2020-06-08,336.1421265907779
2020-06-09,332.1991104430855
2020-06-10,330.2078872885008
2020-06-12,328.5715355872084
2020-06-15,326.16629573711606
2020-06-16,327.8815077613623
2020-06-17,333.18486448000857
2020-06-18,332.4554064926855
2020-06-19,330.5233285803162
2020-06-22,329.83330075447003
2020-06-23,330.4247531766239
2020-06-24,330.79933971065464
2020-06-25,333.18486448000857
2020-06-26,333.3820152873932
2020-06-29,334.17061851693165
2020-06-30,333.0665739955778
2020-07-01,336.41813772111635
2020-07-02,335.34945253746196
2020-07-03,332.28193025104673
2020-07-06,331.2924069328483
2020-07-07,329.2341984309955
2020-07-08,326.5426950054956
2020-07-09,317.6369851417094
2020-07-10,314.25281539347054
2020-07-13,312.07586409343395
2020-07-14,311.3040359052392
2020-07-15,311.68005476615457
2020-07-16,311.6998452325185
2020-07-17,308.7312752779231
2020-07-20,310.51241725068036
2020-07-21,314.628834254386
2020-07-22,314.66841518711396
2020-07-23,314.66841518711396
2020-07-24,314.45072005711023
2020-07-27,311.0071789097796
2020-07-28,310.71032191432005
2020-07-29,310.71032191432005
2020-07-30,311.6998452325185
2020-07-31,310.3540935197686
2020-08-03,312.8872732143567
2020-08-04,313.1853557229763
2020-08-05,317.3386386764092
2020-08-06,313.20522789021766
2020-08-07,314.17896408504157
2020-08-10,315.31167761779597
2020-08-11,315.98733130400035
2020-08-12,316.50400765227437
2020-08-13,318.01429236261356
2020-08-14,316.0668199729656
2020-08-17,310.303891472987
2020-08-18,314.3776857574546
2020-08-19,318.15339753330267
2020-08-20,319.7232987453658
2020-08-21,327.67216564188806
2020-08-24,327.07600062464894
2020-08-25,326.7977902832706
2020-08-26,325.9035427574119
2020-08-27,326.89715111947714
2020-08-28,326.89715111947714
2020-08-31,326.67855727982277
2020-09-01,329.12283385050335
2020-09-02,331.1178804277629
2020-09-03,331.1178804277629
2020-09-04,334.3897568144685
2020-09-08,331.4370878801244
2020-09-09,331.07797949621767
2020-09-10,331.1777318250807
2020-09-11,332.5742644291623
2020-09-14,333.37228306006614
2020-09-15,335.1678249795997
2020-09-16,334.17030169096995
2020-09-17,332.7737690868883
2020-09-18,329.78119922099904
2020-09-21,331.21763275662585
2020-09-22,332.1752551137104
2020-09-23,332.15530464793784
2020-09-24,332.5144130318445
2020-09-25,331.1777318250807
2020-09-28,329.3023880424567
2020-09-29,329.3821899055471
2020-09-30,329.24253664513896
2020-10-01,331.7163944009407
2020-10-02,332.878062730566
2020-10-05,330.8952150644815
2020-10-06,333.37878183816315
2020-10-07,333.45889689537876
2020-10-08,333.8795009457603
2020-10-09,333.7793571242409
2020-10-13,334.280076231838
2020-10-14,334.1398748817108
2020-10-15,334.17993241031854
2020-10-16,334.17993241031854
2020-10-19,334.07978858879915
2020-10-20,334.4202775819652
2020-10-21,334.07978858879915
2020-10-22,330.8751863001775
2020-10-23,326.94954849661616
2020-10-26,322.06253000646825
2020-10-27,322.2427888852032
2020-10-28,319.85936593304086
2020-10-29,319.4387618826593
2020-10-30,317.91657579556403
2020-11-03,318.3972661388573
2020-11-04,318.5179321063177
2020-11-05,318.11571221478306
2020-11-06,318.6385980737781
2020-11-09,318.0553792310528
2020-11-10,320.77036349891193
2020-11-11,318.7592640412385
2020-11-12,318.25648917682014
2020-11-13,319.2821499002336
2020-11-16,321.5748032819813
2020-11-17,319.5234818351544
2020-11-18,319.76481377007525
2020-11-19,321.73569123859517
2020-11-20,321.7759132277487
2020-11-23,319.86536874295894
2020-11-24,321.4943593036744
2020-11-25,320.9513624501026
2020-11-26,319.5637038243079
2020-11-27,319.84525774838215
2020-11-30,320.26758863449356
2020-12-01,320.26758863449356
2020-12-02,318.6521152996412
2020-12-03,318.49056796615594
2020-12-04,317.19818929827403
2020-12-07,315.4211686299363
2020-12-08,314.73459246262405
2020-12-09,313.60376112822735
2020-12-10,310.7564893755499
2020-12-11,310.23146054172287
2020-12-14,312.9979586276577
2020-12-15,318.6117284662699
2020-12-16,319.6819795506096
2020-12-17,318.8540494664977
2020-12-18,320.26758863449356
2020-12-21,320.99455163517723
2020-12-22,322.14557638625956
2020-12-23,326.5073543903611
2020-12-28,328.18340797527054
2020-12-29,331.99996372885937
2020-12-30,327.7795396415574
2021-01-04,325.7601979729918
2021-01-05,323.99626337265266
2021-01-06,324.117914034745
2021-01-07,324.3003900278835
2021-01-08,323.4893856139345
2021-01-11,323.99626337265266
2021-01-12,323.3880100621908
2021-01-13,323.26635940009845
2021-01-14,324.44231580032465
2021-01-15,324.6045166831144
2021-01-18,323.99626337265266
2021-01-19,324.4017655796272
2021-01-20,324.4017655796272
2021-01-21,323.5907611656781
2021-01-22,321.7862763446414
2021-01-26,322.6783811999854
2021-01-27,321.7660012342927
2021-01-28,323.2460842897497
2021-01-29,323.99626337265266
2021-02-01,322.88113230347267
2021-02-02,325.3858232263616
2021-02-03,322.7996789401267
2021-02-04,321.333518399899
2021-02-05,322.7589522584537
2021-02-08,322.5960455317617
2021-02-09,322.0258719883398
2021-02-10,322.5349555092522
2021-02-11,323.2680357793661
2021-02-12,325.5894566347265
2021-02-17,325.83381672476446
2021-02-18,323.39021582438505
2021-02-19,324.16402277617186
2021-02-22,322.04623532917634
2021-02-23,321.374245081572
2021-02-24,322.04623532917634
2021-02-25,321.53715180826396
2021-02-26,322.33132210088723
2021-03-01,321.5982418307734
2021-03-02,318.55078965366926
2021-03-03,317.4258911990335
2021-03-04,316.1373711509962
2021-03-05,314.9715672980101
2021-03-08,315.46243207821476
2021-03-09,314.9511145988349
2021-03-10,312.1081894134827
2021-03-11,312.2104529093587
2021-03-12,311.7809462266796
2021-03-15,310.36970998359106
2021-03-16,308.9175683421522
2021-03-17,306.0950958559752
2021-03-18,301.6364074357826
2021-03-19,299.4070632256863
2021-03-22,297.3413406089916
2021-03-23,294.51886812281464
2021-03-24,291.24643625478336
2021-03-25,291.4918686448857
2021-03-26,295.4596922848736
2021-03-29,299.77521181083983
2021-03-30,306.7904876279319
2021-03-31,312.3740745027602
2021-04-01,315.29881048481326
2021-04-05,311.86785320645504
2021-04-06,305.08811726718426
2021-04-07,309.19704813946953
2021-04-08,308.9916015958553
2021-04-09,308.53961919990394
2021-04-12,310.22428085754086
2021-04-13,309.99828965956516
2021-04-14,311.2515135756122
2021-04-15,310.9433437601908
2021-04-16,309.8339324246738
2021-04-19,308.3547173106511
2021-04-20,308.7656103978796
2021-04-22,308.19036007575966
2021-04-23,308.78615505224104
2021-04-26,311.04606703199795
2021-04-27,311.18987961252793
2021-04-28,311.8062192433708
2021-04-29,306.135894639617
2021-04-30,306.423519800677
2021-05-03,306.30025187450843
2021-05-04,306.69241526976555
2021-05-05,304.44263579171155
2021-05-06,305.1444018674348
2021-05-07,304.64903757868893
2021-05-10,306.36217241060166
2021-05-11,309.5820402874496
2021-05-12,310.07740457619536
2021-05-13,307.82762509814137
2021-05-14,307.5593027750707
2021-05-17,305.06184115264386
2021-05-18,303.4519072142199
2021-05-19,299.48899290425317
2021-05-20,299.01426879420507
2021-05-21,299.6953946912306
2021-05-24,300.2733196947674
2021-05-25,298.8697875433209
2021-05-26,293.9161446558625
2021-05-27,293.1318178653483
2021-05-28,295.7118402025662
2021-05-31,296.6406482439646
2021-06-01,295.0513544842384
2021-06-02,293.5580536601933
2021-06-04,293.6824953955304
2021-06-07,293.47509250330194
2021-06-08,293.03954642962213
2021-06-09,292.7906629589479
2021-06-10,292.2306751499311
2021-06-11,294.2217429153245
2021-06-14,293.1639881649592
2021-06-15,293.5373133709705
2021-06-16,292.7906629589479
2021-06-17,293.39213134641057
2021-06-18,291.54624560557704
2021-06-21,290.69589374744027
2021-06-22,288.1033575945843
2021-06-23,284.34936524524875
2021-06-24,284.34936524524875
2021-06-25,276.2399121591151
2021-06-28,279.5583584347708
2021-06-29,284.18344293146595
2021-06-30,287.48114891789885
2021-07-01,289.5136972617379
2021-07-02,288.67996451224406
2021-07-05,287.20008888189244
2021-07-06,287.32514879431653
2021-07-07,289.30526407436446
2021-07-08,289.7221304491114
2021-07-12,293.8907941965806
2021-07-13,298.89319069354366
2021-07-14,296.18355925768867
2021-07-15,296.7046422261223
2021-07-16,296.01681270778994
2021-07-19,296.01681270778994
2021-07-20,295.95428275157786
2021-07-21,294.99549008965994
2021-07-22,293.6406743717324
2021-07-23,292.01489551021945
2021-07-26,291.4104392668364
2021-07-27,291.80646232284596
2021-07-28,291.2853793544123
2021-07-29,291.3895959480991
2021-07-30,292.5776651161278
2021-08-02,291.76477568537126
2021-08-03,288.43427103076766
2021-08-04,288.2876450396845
2021-08-05,282.56923138744054
2021-08-06,284.3496898505934
2021-08-09,283.74223931610595
2021-08-10,281.9408342827983
2021-08-11,281.563796020013
2021-08-12,282.7786970889879
2021-08-13,279.6367115657769
2021-08-16,279.7833375568601
2021-08-17,278.4427570669568
2021-08-18,278.52654334757574
2021-08-19,275.0284661317342
2021-08-20,279.19683359252735
2021-08-23,291.6600428345976
2021-08-24,294.08984497254744
2021-08-25,292.3303330795493
2021-08-26,295.7655705849266
2021-08-27,294.4668832353328
2021-08-30,296.3939676895688
2021-08-31,297.7973878899364
2021-09-01,297.23183049575835
2021-09-02,297.29499515478557
2021-09-03,297.3581598138128
2021-09-06,297.6108184499217
2021-09-08,296.9791718596495
2021-09-09,297.5055440182097
2021-09-10,293.9262133400005
2021-09-13,283.0197822146337
2021-09-14,291.8207247057598
2021-09-15,295.71587867910506
2021-09-16,296.9581169733071
2021-09-17,307.71716389427706
2021-09-20,301.2954235598429
2021-09-21,307.40134059914095
2021-09-22,307.14868196303206
2021-09-23,305.5906203736939
2021-09-24,306.0327729868845
2021-09-27,311.92814116275844
2021-09-28,308.20142628015236
2021-09-29,306.36965116836296
2021-09-30,309.5068292333816
2021-10-01,306.91707821326554
2021-10-04,305.3507427796254
2021-10-05,305.22374260933026
2021-10-06,306.6842445677244
2021-10-07,305.94341024100277
2021-10-08,306.91707821326554
2021-10-11,308.77974737759433
2021-10-13,308.6104138172008
2021-10-14,306.8959115182164
2021-10-15,304.8004087083465
2021-10-18,304.7580753182481
2021-10-19,301.30790402522996
2021-10-20,302.3239053875912
2021-10-21,300.1860691876229
2021-10-22,298.23873324309733
2021-10-25,297.0533983203427
2021-10-26,292.31205862932393
2021-10-27,290.8303899758806
2021-10-28,289.98372217391295
2021-10-29,287.210885122469
2021-11-01,288.332719960076
2021-11-03,284.18175056973166
2021-11-04,284.39462079487754
2021-11-05,283.45799180423575
2021-11-08,284.13917652470246
2021-11-09,287.80054439721135
2021-11-10,286.3104528211903
2021-11-11,285.6079810782089
2021-11-12,284.18175056973166
2021-11-16,283.96888034458584
2021-11-17,283.3728437141774
2021-11-18,283.11739944400233
2021-11-19,284.18175056973166
2021-11-22,285.246101695461
2021-11-23,283.01096433142936
2021-11-24,278.13623617558903
2021-11-25,275.60308049635324
2021-11-26,273.06992481711745
2021-11-29,271.7288423986985
2021-11-30,271.66498133115476
2021-12-01,274.53872937062386
2021-12-02,275.18117569520416
2021-12-03,276.76587662916876
2021-12-06,280.106597516986
2021-12-07,282.67638281530697
2021-12-08,280.063767762014
2021-12-09,278.8217048678255
2021-12-10,282.0339364907267
2021-12-13,286.0813483355823
2021-12-14,284.7750408089357
2021-12-15,284.0683498518975
2021-12-16,282.69779769279296
2021-12-17,285.73871029580613
2021-12-20,284.7750408089357
2021-12-21,284.8178705639078
2021-12-22,284.6037217890477
2021-12-23,285.9314441931802
2021-12-27,288.5654741239592
2021-12-28,298.4163177675229
2021-12-29,302.5279742448365
2021-12-30,303.85569664896894
2022-01-03,295.05418200221965
2022-01-04,288.95481505505904
2022-01-05,289.23499798902753
2022-01-06,288.609974520944
2022-01-07,287.79097825242064
2022-01-10,289.83846892372895
2022-01-11,289.7091537234358
2022-01-12,288.2220289200645
2022-01-13,288.1142662531536
2022-01-14,290.183309457844
2022-01-17,293.43774199855517
2022-01-18,293.5455046654661
2022-01-19,294.2351857336963
2022-01-20,294.6662364013402
2022-01-21,294.644683867958
2022-01-24,290.98075319298516
2022-01-25,288.8039473213837
2022-01-26,286.6271414497823
2022-01-27,286.39006358257814
2022-01-28,285.42019958037946
2022-01-31,287.72632065227407
2022-02-01,284.5580982450918
2022-02-02,286.48811430543424
2022-02-03,287.9193621704072
2022-02-04,290.4565742946776
2022-02-07,293.2973844509119
2022-02-08,294.0780651045336
2022-02-09,291.67096642253347
2022-02-10,292.06130674934434
2022-02-11,292.1046778967677
2022-02-14,293.18895658235334
2022-02-15,292.69018838698395
2022-02-16,292.1914201916146
2022-02-17,290.80354347406495
2022-02-18,290.58668773694785
2022-02-21,287.8759910229838
2022-02-22,286.8350834848216
2022-02-23,286.61822774770445
2022-02-24,281.91245825226287
2022-02-25,288.0928467601009
2022-03-02,287.4856506961729
2022-03-03,286.32924970293544
2022-03-04,287.94384731613496
2022-03-07,286.3728874762652
2022-03-08,284.9546598430494
2022-03-09,284.3000932431037
2022-03-10,283.86371550980647
2022-03-11,285.3910375763466
2022-03-14,284.7364709764008
2022-03-15,284.9546598430494
2022-03-16,284.7364709764008
2022-03-17,283.6455266431579
2022-03-18,312.0100793074737
2022-03-21,295.5368198755056
2022-03-22,296.64958309541345
2022-03-23,297.3259685820241
2022-03-24,297.3259685820241
2022-03-25,297.7405274286564
2022-03-28,298.04599184196434
2022-03-29,298.9187473085587
2022-03-30,299.55149502183957
2022-03-31,299.35512504185584
2022-04-01,302.03884810163345
2022-04-04,302.63142540861963
2022-04-05,300.70006233399795
2022-04-06,297.2762823380777
2022-04-07,297.38601887640846
2022-04-08,297.4079661840746
2022-04-11,295.630234263116
2022-04-12,297.01291464608386
2022-04-13,299.010119643704
2022-04-14,301.687691178975
2022-04-18,301.1170611796549
2022-04-19,300.1733269500103
2022-04-20,298.7467519517101
2022-04-22,299.5588023353579
2022-04-25,300.10748502701176
2022-04-26,299.3612765663625
2022-04-27,300.34890541133944
2022-04-28,297.60549195307
2022-04-29,300.45864194967027
2022-05-02,295.27907734045755
2022-05-03,293.73311358474837
2022-05-04,294.83737341025494
2022-05-05,296.029974021802
2022-05-06,293.29140965454576
2022-05-09,292.6288537592418
2022-05-10,291.1712307895731
2022-05-11,291.0828900035326
2022-05-12,288.2559848502358
2022-05-13,290.08905616057666
2022-05-16,289.38232987225246
2022-05-17,289.40441506876255
2022-05-18,289.7798634094348
2022-05-19,290.15531175010705
2022-05-20,288.7860295664789
2022-05-23,291.5245939337352
2022-05-24,291.9221274709176
2022-05-25,291.5245939337352
2022-05-26,290.86203803843125
2022-05-27,290.48658969775903
2022-05-30,292.4521721871607
2022-05-31,292.8497057243431
2022-06-01,293.8214543707889
2022-06-02,293.3769438498043
2022-06-03,294.3548669959703
2022-06-06,296.71077275718847
2022-06-07,295.1549859337426
2022-06-08,296.0440069757116
2022-06-09,293.9992585791827
2022-06-10,295.4439177723825
2022-06-13,292.82130569857367
2022-06-14,291.33219545327546
2022-06-15,292.5768249120321
2022-06-17,293.3769438498043
2022-06-20,291.39887203142314
2022-06-21,291.28774440117695
2022-06-22,291.4210975574723
2022-06-23,291.48777413562
2022-06-24,291.1543912448816
2022-06-27,291.4210975574723
2022-06-28,291.35442097932463
2022-06-29,291.1543912448816
2022-06-30,292.2212164952445
2022-07-01,292.1989909691952
2022-07-04,292.9371496388717
2022-07-05,291.125305631484
2022-07-06,291.3266216323049
2022-07-07,292.06478030198133
2022-07-08,291.4608322995188
2022-07-11,290.7897789634493
2022-07-12,290.5660945180928
2022-07-13,291.63977985580397
2022-07-14,291.97530652383875
2022-07-15,296.1582056520053
2022-07-18,296.941101210753
2022-07-19,297.72399676950073
2022-07-20,298.86478744081893
2022-07-21,297.8582074367147
2022-07-22,297.7016283249651
2022-07-25,299.7371567777093
2022-07-26,300.58715767006396
2022-07-27,300.520052336457
2022-07-28,304.2108456848392
2022-07-29,305.5529523569782
2022-08-01,312.9345390537427
2022-08-02,312.64184540616384
2022-08-03,311.83130915133006
2022-08-04,311.6962197755244
2022-08-05,312.9570539497103
2022-08-08,313.56495614083565
2022-08-09,318.2930842940327
2022-08-10,321.96301233675234
2022-08-11,330.72130686815063
2022-08-12,332.20729000201266
2022-08-15,337.0029628431125
2022-08-16,334.3011753269999
2022-08-17,334.23363063909704
2022-08-18,334.07602636732383
2022-08-19,334.00848167942104
2022-08-22,334.57135407861114
2022-08-23,333.895907199583
2022-08-24,334.3236902229675
2022-08-25,339.884869526966
2022-08-26,342.99192517049545
2022-08-29,344.8831764317743
2022-08-30,346.05395102208973
2022-08-31,346.54927873337704
2022-09-01,345.6036531027376
2022-09-02,343.9049655096643
2022-09-05,346.30577730787456
2022-09-06,343.3613854798808
2022-09-08,343.9955621812949
2022-09-09,345.17331891249233
2022-09-12,344.2900013640942
2022-09-13,342.8178054500974
2022-09-14,341.14176702493177
2022-09-15,337.2687593127246
2022-09-16,350.4958733707887
2022-09-19,347.8912190614096
2022-09-20,348.77453660980774
2022-09-21,346.96260317719623
2022-09-22,344.8335813938777
2022-09-23,345.03742390504647
2022-09-26,343.3840346477885
2022-09-27,343.7011229984955
2022-09-28,342.86310378591264
2022-09-29,343.56522799104965
2022-09-30,346.0792856287981
2022-10-03,344.17675552455603
2022-10-04,339.2778477166924
2022-10-05,340.91841219188393
2022-10-06,347.5945981812051
2022-10-07,345.08818023299574
2022-10-10,348.0958817708469
2022-10-11,347.1161002092742
2022-10-13,345.5438925872156
2022-10-14,346.61481661963234
2022-10-17,343.35647328696024
2022-10-18,342.8096184618964
2022-10-19,344.76918158504185
2022-10-20,344.51853979022087
2022-10-21,343.40204452238225
2022-10-24,340.0753443365772
2022-10-25,340.28041489597615
2022-10-26,339.9842018657332
2022-10-27,339.1639196281374
2022-10-28,340.0069874834442
2022-10-31,336.7714297684832
2022-11-01,333.3763727295451
2022-11-03,332.00067930700226
2022-11-04,331.3357608194398
2022-11-07,329.93713917318803
2022-11-08,330.55620121333226
2022-11-09,327.6443168022833
2022-11-10,321.178557716332
2022-11-11,320.26142876797013
2022-11-14,321.4307681771315
2022-11-16,320.30728521538816
2022-11-17,313.1995358655836
2022-11-18,321.77469153276724
2022-11-21,320.4907110050606
2022-11-22,319.7570078463711
2022-11-23,315.60699935503357
2022-11-24,311.52577553482314
2022-11-25,311.6862731007865
2022-11-28,320.9951319266596
2022-11-29,325.0075710757429
2022-11-30,331.0147656875132
2022-12-01,327.8965272630828
2022-12-02,332.28078765576305
2022-12-05,331.12703492084717
2022-12-06,325.358271246268
2022-12-07,323.05076577643626
2022-12-08,321.9431631509171
2022-12-09,321.1586112911743
2022-12-12,320.16638393914667
2022-12-13,317.9973287975049
2022-12-14,314.8821964132321
2022-12-15,315.20524717900855
2022-12-16,313.2669425843499
2022-12-19,314.97449663202536
2022-12-20,318.1127040709965
2022-12-21,322.4738894089784
2022-12-22,324.7352447694134
2022-12-23,325.2198209180781
2022-12-26,319.8202581186719
2022-12-27,317.9742537428066
2022-12-28,325.3121211368713
2022-12-29,323.5122668704026
2023-01-02,324.9198452069999
2023-01-03,323.03739706582496
2023-01-04,317.5759734463668
2023-01-05,319.13306018042505
2023-01-06,318.4358571651751
2023-01-09,324.3156025937833
2023-01-10,324.3156025937833
2023-01-11,325.29168681513323
2023-01-12,323.9670010861583
2023-01-13,322.5725950556583
