datneg,preult
2010-12-01,100.5
2010-12-02,100.0
2010-12-03,100.0
2010-12-06,99.0
2010-12-07,98.0
2010-12-08,100.0
2010-12-09,99.0
2010-12-10,99.9
2010-12-13,99.0
2010-12-14,100.0
2010-12-15,99.9
2010-12-16,99.9
2010-12-17,99.8
2010-12-20,100.0
2010-12-21,99.9
2010-12-22,95.8
2010-12-23,98.9
2010-12-27,100.77
2010-12-28,100.0
2010-12-29,100.77
2011-01-04,100.0
2011-01-05,99.7
2011-01-06,99.7
2011-01-07,99.5
2011-01-10,95.5
2011-01-11,99.0
2011-01-12,98.0
2011-01-13,97.0
2011-01-14,99.8
2011-01-17,96.8
2011-01-19,99.0
2011-01-20,99.0
2011-01-21,98.1
2011-01-24,97.8
2011-01-26,97.5
2011-01-27,97.0
2011-01-28,96.6
2011-01-31,96.99
2011-02-01,96.99
2011-02-02,99.0
2011-02-03,98.5
2011-02-04,99.8
2011-02-07,97.0
2011-02-08,96.5
2011-02-09,97.0
2011-02-10,97.0
2011-02-11,96.7
2011-02-14,97.0
2011-02-15,98.5
2011-02-16,100.0
2011-02-17,100.0
2011-02-18,99.5
2011-02-21,99.9
2011-02-22,100.3
2011-02-23,101.0
2011-02-24,100.5
2011-02-25,100.8
2011-02-28,102.5
2011-03-01,105.0
2011-03-02,105.0
2011-03-03,105.7
2011-03-04,109.0
2011-03-09,108.5
2011-03-10,108.1
2011-03-11,107.5
2011-03-14,109.0
2011-03-15,109.48
2011-03-16,109.5
2011-03-17,108.55
2011-03-18,107.6
2011-03-21,110.0
2011-03-22,111.99
2011-03-23,111.9
2011-03-24,111.9
2011-03-25,112.3
2011-03-28,112.5
2011-03-29,109.5
2011-03-30,114.9
2011-03-31,110.0
2011-04-01,110.0
2011-04-04,110.0
2011-04-05,107.2
2011-04-06,109.9
2011-04-07,110.9
2011-04-08,110.0
2011-04-12,114.0
2011-04-13,113.0
2011-04-14,113.1
2011-04-15,115.0
2011-04-18,116.8
2011-04-19,119.5
2011-04-20,119.85
2011-04-25,120.0
2011-04-26,118.0
2011-04-27,118.5
2011-04-28,119.9
2011-04-29,119.5
2011-05-02,120.0
2011-05-03,119.9
2011-05-04,119.5
2011-05-05,119.9
2011-05-06,119.7
2011-05-09,119.7
2011-05-10,119.7
2011-05-11,119.5
2011-05-12,119.05
2011-05-13,116.0
2011-05-16,124.9
2011-05-17,124.9
2011-05-18,124.8
2011-05-19,119.0
2011-05-20,124.0
2011-05-23,120.0
2011-05-24,120.5
2011-05-25,121.8
2011-05-26,122.0
2011-05-27,120.12
2011-05-30,120.0
2011-05-31,120.0
2011-06-01,119.5
2011-06-02,121.99
2011-06-03,119.6
2011-06-06,119.61
2011-06-07,119.5
2011-06-08,119.6
2011-06-09,119.5
2011-06-10,119.5
2011-06-13,119.61
2011-06-14,119.01
2011-06-15,119.0
2011-06-16,117.0
2011-06-17,114.9
2011-06-20,118.89
2011-06-21,115.0
2011-06-22,117.4
2011-06-24,116.9
2011-06-27,115.3
2011-06-28,115.1
2011-06-29,115.1
2011-06-30,114.3
2011-07-01,114.5
2011-07-04,115.21
2011-07-05,115.1
2011-07-06,116.0
2011-07-07,114.8
2011-07-08,116.4
2011-07-11,114.6
2011-07-12,114.0
2011-07-13,114.5
2011-07-14,119.5
2011-07-15,121.0
2011-07-18,124.2
2011-07-19,123.0
2011-07-20,123.0
2011-07-21,123.0
2011-07-22,123.5
2011-07-25,125.9
2011-07-26,126.0
2011-07-27,130.0
2011-07-28,130.0
2011-07-29,122.9
2011-08-01,126.0
2011-08-02,127.0
2011-08-03,125.0
2011-08-04,124.5
2011-08-05,129.3
2011-08-08,124.5
2011-08-09,125.0
2011-08-10,127.0
2011-08-11,127.3
2011-08-12,125.6
2011-08-15,128.38
2011-08-16,126.15
2011-08-17,127.0
2011-08-18,126.9
2011-08-19,126.0
2011-08-22,127.5
2011-08-23,128.0
2011-08-24,128.0
2011-08-25,127.9
2011-08-26,127.6
2011-08-29,128.0
2011-08-30,128.0
2011-08-31,127.3
2011-09-01,127.0
2011-09-02,127.85
2011-09-05,128.0
2011-09-06,127.5
2011-09-08,127.7
2011-09-09,127.9
2011-09-12,127.9
2011-09-13,127.8
2011-09-14,127.8
2011-09-15,127.96
2011-09-16,127.5
2011-09-19,126.5
2011-09-20,127.45
2011-09-21,126.9
2011-09-22,126.5
2011-09-23,127.45
2011-09-26,125.7
2011-09-27,127.0
2011-09-28,125.3
2011-09-29,125.5
2011-09-30,126.4
2011-10-03,123.0
2011-10-04,125.0
2011-10-05,124.4
2011-10-06,125.0
2011-10-07,125.0
2011-10-10,123.5
2011-10-11,122.15
2011-10-13,124.5
2011-10-14,124.0
2011-10-17,123.5
2011-10-18,123.3
2011-10-19,123.7
2011-10-20,121.0
2011-10-21,123.5
2011-10-24,122.5
2011-10-25,121.8
2011-10-26,120.9
2011-10-27,121.0
2011-10-28,119.7
2011-10-31,118.7
2011-11-01,119.0
2011-11-03,118.0
2011-11-04,116.8
2011-11-07,116.5
2011-11-08,116.0
2011-11-09,118.5
2011-11-10,121.0
2011-11-11,120.0
2011-11-14,120.0
2011-11-16,121.0
2011-11-17,122.4
2011-11-18,124.0
2011-11-21,124.55
2011-11-22,123.61
2011-11-23,125.0
2011-11-24,124.8
2011-11-25,125.0
2011-11-28,120.0
2011-11-29,125.0
2011-11-30,124.9
2011-12-01,124.0
2011-12-02,124.2
2011-12-05,124.0
2011-12-06,124.5
2011-12-07,124.1
2011-12-08,124.0
2011-12-09,124.5
2011-12-12,124.5
2011-12-13,123.5
2011-12-14,124.0
2011-12-15,124.2
2011-12-16,124.0
2011-12-19,124.0
2011-12-20,124.0
2011-12-21,125.5
2011-12-22,123.0
2011-12-23,124.3
2011-12-26,124.9
2011-12-27,124.9
2011-12-28,125.0
2011-12-29,125.4
2012-01-02,126.0
2012-01-03,125.0
2012-01-04,124.8
2012-01-05,125.7
2012-01-06,126.85
2012-01-09,125.5
2012-01-10,124.7
2012-01-11,126.3
2012-01-12,126.5
2012-01-13,125.5
2012-01-16,125.97
2012-01-17,125.6
2012-01-18,126.2
2012-01-19,126.5
2012-01-20,126.2
2012-01-23,125.0
2012-01-24,126.39
2012-01-26,126.3
2012-01-27,126.5
2012-01-30,125.5
2012-01-31,124.9
2012-02-01,125.0
2012-02-02,125.9
2012-02-03,125.7
2012-02-06,126.5
2012-02-07,126.0
2012-02-08,130.0
2012-02-09,129.0
2012-02-10,129.37
2012-02-13,133.0
2012-02-14,133.0
2012-02-15,133.0
2012-02-16,133.0
2012-02-17,133.3
2012-02-22,132.0
2012-02-23,132.0
2012-02-24,132.24
2012-02-27,134.3
2012-02-28,136.9
2012-02-29,135.2
2012-03-01,135.5
2012-03-02,135.4
2012-03-05,136.0
2012-03-06,130.36
2012-03-07,136.5
2012-03-08,136.3
2012-03-09,136.05
2012-03-12,134.0
2012-03-13,134.5
2012-03-14,136.0
2012-03-15,138.0
2012-03-16,139.5
2012-03-19,141.38
2012-03-20,140.7
2012-03-21,142.0
2012-03-22,140.51
2012-03-23,140.53
2012-03-26,141.1
2012-03-27,143.3
2012-03-28,144.9
2012-03-29,149.0
2012-03-30,144.51
2012-04-02,144.91
2012-04-03,144.0
2012-04-04,143.0
2012-04-05,144.99
2012-04-09,144.0
2012-04-10,140.0
2012-04-11,139.9
2012-04-12,139.6
2012-04-13,140.0
2012-04-16,141.1
2012-04-17,143.5
2012-04-18,144.1
2012-04-19,146.0
2012-04-20,143.9
2012-04-23,142.0
2012-04-24,142.0
2012-04-25,142.0
2012-04-26,143.0
2012-04-27,143.0
2012-04-30,143.0
2012-05-02,142.2
2012-05-03,142.2
2012-05-04,145.0
2012-05-07,143.99
2012-05-08,146.4
2012-05-09,146.6
2012-05-10,147.2
2012-05-11,148.5
2012-05-14,149.5
2012-05-15,150.0
2012-05-16,150.0
2012-05-17,148.52
2012-05-18,149.9
2012-05-21,149.9
2012-05-22,149.0
2012-05-23,150.5
2012-05-24,150.0
2012-05-25,150.5
2012-05-28,150.0
2012-05-29,153.6
2012-05-30,154.9
2012-05-31,155.9
2012-06-01,155.9
2012-06-04,159.0
2012-06-05,156.5
2012-06-06,158.9
2012-06-08,157.64
2012-06-11,158.7
2012-06-12,158.6
2012-06-13,157.99
2012-06-14,158.0
2012-06-15,157.0
2012-06-18,157.84
2012-06-19,158.5
2012-06-20,158.5
2012-06-21,158.0
2012-06-22,161.0
2012-06-25,165.5
2012-06-26,172.5
2012-06-27,171.0
2012-06-28,166.94
2012-06-29,165.4
2012-07-02,168.5
2012-07-03,168.3
2012-07-04,168.0
2012-07-05,169.5
2012-07-06,170.0
2012-07-10,170.0
2012-07-11,172.0
2012-07-12,172.0
2012-07-13,171.0
2012-07-16,170.0
2012-07-17,172.9
2012-07-18,173.2
2012-07-19,175.5
2012-07-20,175.5
2012-07-23,190.0
2012-07-24,184.0
2012-07-25,182.2
2012-07-26,183.65
2012-07-27,183.2
2012-07-30,182.0
2012-07-31,181.5
2012-08-01,179.9
2012-08-02,179.49
2012-08-03,176.5
2012-08-06,175.49
2012-08-07,172.3
2012-08-08,160.0
2012-08-09,165.0
2012-08-10,165.64
2012-08-13,165.5
2012-08-14,167.1
2012-08-15,169.0
2012-08-16,169.0
2012-08-17,170.0
2012-08-20,169.0
2012-08-21,165.5
2012-08-22,164.25
2012-08-23,162.0
2012-08-24,158.0
2012-08-27,152.7
2012-08-28,156.5
2012-08-29,156.0
2012-08-30,152.7
2012-08-31,153.0
2012-09-03,158.51
2012-09-04,158.39
2012-09-05,155.5
2012-09-06,159.0
2012-09-10,160.0
2012-09-11,161.0
2012-09-12,166.0
2012-09-13,169.0
2012-09-14,165.2
2012-09-17,168.0
2012-09-18,168.5
2012-09-19,169.5
2012-09-20,172.0
2012-09-21,172.0
2012-09-24,173.0
2012-09-25,172.05
2012-09-26,174.5
2012-09-27,177.0
2012-09-28,176.0
2012-10-01,171.3
2012-10-02,174.8
2012-10-03,173.8
2012-10-04,172.2
2012-10-05,172.2
2012-10-08,173.49
2012-10-09,174.1
2012-10-10,174.2
2012-10-11,176.0
2012-10-15,176.02
2012-10-16,176.0
2012-10-17,174.64
2012-10-18,176.5
2012-10-19,176.5
2012-10-22,176.0
2012-10-23,174.45
2012-10-24,174.0
2012-10-25,165.51
2012-10-26,168.0
2012-10-29,166.5
2012-10-30,165.3
2012-10-31,168.0
2012-11-01,169.0
2012-11-05,168.5
2012-11-06,165.13
2012-11-07,165.0
2012-11-08,164.5
2012-11-09,165.0
2012-11-12,166.0
2012-11-13,166.0
2012-11-14,167.4
2012-11-16,168.0
2012-11-19,165.7
2012-11-21,165.0
2012-11-22,163.0
2012-11-23,163.0
2012-11-26,158.0
2012-11-27,162.5
2012-11-28,161.0
2012-11-29,163.0
2012-11-30,164.99
2012-12-03,163.9
2012-12-04,165.4
2012-12-05,164.99
2012-12-06,165.84
2012-12-07,166.0
2012-12-10,164.6
2012-12-11,167.5
2012-12-12,168.0
2012-12-13,168.0
2012-12-14,169.0
2012-12-17,169.1
2012-12-18,170.8
2012-12-19,174.0
2012-12-20,174.1
2012-12-21,178.0
2012-12-26,178.5
2012-12-27,179.0
2012-12-28,178.9
2013-01-02,178.5
2013-01-03,179.9
2013-01-04,177.2
2013-01-07,177.2
2013-01-08,179.0
2013-01-09,175.9
2013-01-10,175.5
2013-01-11,173.0
2013-01-14,172.4
2013-01-15,170.5
2013-01-16,170.0
2013-01-17,171.0
2013-01-18,170.0
2013-01-21,170.0
2013-01-22,169.5
2013-01-23,170.0
2013-01-24,171.3
2013-01-28,170.7
2013-01-29,172.0
2013-01-30,172.5
2013-01-31,171.7
2013-02-01,178.0
2013-02-04,177.7
2013-02-05,174.0
2013-02-06,174.0
2013-02-07,174.9
2013-02-08,175.0
2013-02-13,175.5
2013-02-14,175.1
2013-02-15,175.6
2013-02-18,176.0
2013-02-19,173.1
2013-02-20,174.0
2013-02-21,174.0
2013-02-22,173.6
2013-02-25,174.0
2013-02-26,172.0
2013-02-27,171.22
2013-02-28,173.0
2013-03-01,172.2
2013-03-04,173.0
2013-03-05,174.8
2013-03-06,174.8
2013-03-07,174.99
2013-03-08,175.5
2013-03-11,173.7
2013-03-12,173.99
2013-03-13,173.8
2013-03-14,174.5
2013-03-15,174.2
2013-03-18,173.9
2013-03-19,172.5
2013-03-20,174.0
2013-03-21,173.6
2013-03-22,173.97
2013-03-25,173.3
2013-03-26,173.3
2013-03-27,173.0
2013-03-28,171.7
2013-04-01,175.5
2013-04-02,172.25
2013-04-03,173.6
2013-04-04,174.9
2013-04-05,173.0
2013-04-08,174.3
2013-04-09,174.0
2013-04-10,175.0
2013-04-11,175.2
2013-04-12,175.5
2013-04-15,175.9
2013-04-16,176.0
2013-04-17,174.0
2013-04-18,174.5
2013-04-19,176.4
2013-04-22,176.0
2013-04-23,177.0
2013-04-24,176.89
2013-04-25,176.9
2013-04-26,176.95
2013-04-29,175.69
2013-04-30,177.5
2013-05-02,174.65
2013-05-03,173.0
2013-05-06,173.8
2013-05-07,173.08
2013-05-08,174.6
2013-05-09,174.0
2013-05-10,174.55
2013-05-13,176.21
2013-05-14,174.5
2013-05-15,173.11
2013-05-16,173.45
2013-05-17,172.1
2013-05-20,173.5
2013-05-21,173.45
2013-05-22,170.0
2013-05-23,171.4
2013-05-24,171.49
2013-05-27,168.0
2013-05-28,169.3
2013-05-29,169.11
2013-05-31,170.0
2013-06-03,169.0
2013-06-04,165.0
2013-06-05,162.8
2013-06-06,166.0
2013-06-07,165.2
2013-06-10,160.15
2013-06-11,142.0
2013-06-12,154.6
2013-06-13,160.0
2013-06-14,155.0
2013-06-17,159.94
2013-06-18,154.11
2013-06-19,155.2
2013-06-20,148.1
2013-06-21,146.5
2013-06-24,142.1
2013-06-25,147.0
2013-06-26,149.7
2013-06-27,147.8
2013-06-28,147.9
2013-07-01,150.0
2013-07-02,143.5
2013-07-03,148.0
2013-07-04,144.0
2013-07-05,145.0
2013-07-08,143.8
2013-07-10,142.0
2013-07-11,142.0
2013-07-12,141.0
2013-07-15,140.5
2013-07-16,140.5
2013-07-17,137.8
2013-07-18,139.31
2013-07-19,140.8
2013-07-22,142.6
2013-07-23,145.0
2013-07-24,145.8
2013-07-25,143.51
2013-07-26,146.0
2013-07-29,144.21
2013-07-30,144.5
2013-07-31,140.0
2013-08-01,139.0
2013-08-02,134.5
2013-08-05,137.0
2013-08-06,133.0
2013-08-07,131.0
2013-08-08,128.6
2013-08-09,134.9
2013-08-12,133.0
2013-08-13,132.9
2013-08-14,132.66
2013-08-15,136.1
2013-08-16,135.0
2013-08-19,130.1
2013-08-20,131.4
2013-08-21,130.0
2013-08-22,126.3
2013-08-23,123.02
2013-08-26,125.0
2013-08-27,125.8
2013-08-28,127.0
2013-08-29,131.0
2013-08-30,135.5
2013-09-02,137.99
2013-09-03,140.0
2013-09-04,140.8
2013-09-05,141.2
2013-09-06,142.4
2013-09-09,140.3
2013-09-10,139.5
2013-09-11,140.0
2013-09-12,138.5
2013-09-13,134.0
2013-09-16,133.0
2013-09-17,131.05
2013-09-18,131.6
2013-09-19,132.8
2013-09-20,130.1
2013-09-23,131.0
2013-09-24,132.3
2013-09-25,136.5
2013-09-26,134.2
2013-09-27,134.0
2013-09-30,135.2
2013-10-01,131.0
2013-10-02,132.4
2013-10-03,132.5
2013-10-04,132.5
2013-10-07,131.51
2013-10-08,131.51
2013-10-09,134.1
2013-10-10,132.0
2013-10-11,132.2
2013-10-14,134.0
2013-10-15,133.5
2013-10-16,133.0
2013-10-17,132.0
2013-10-18,131.5
2013-10-21,131.7
2013-10-22,132.2
2013-10-23,134.4
2013-10-24,134.4
2013-10-25,133.0
2013-10-28,132.1
2013-10-29,131.8
2013-10-30,132.8
2013-10-31,133.0
2013-11-01,131.0
2013-11-04,131.7
2013-11-05,130.0
2013-11-06,131.5
2013-11-07,130.5
2013-11-08,132.0
2013-11-11,131.2
2013-11-12,132.8
2013-11-13,131.1
2013-11-14,132.5
2013-11-18,130.77
2013-11-19,130.7
2013-11-21,131.5
2013-11-22,130.5
2013-11-25,129.2
2013-11-26,129.4
2013-11-27,129.8
2013-11-28,132.45
2013-11-29,131.8
2013-12-02,129.8
2013-12-03,130.0
2013-12-04,131.55
2013-12-05,130.06
2013-12-06,129.49
2013-12-09,127.0
2013-12-10,129.45
2013-12-11,128.5
2013-12-12,127.0
2013-12-13,125.5
2013-12-16,125.7
2013-12-17,124.1
2013-12-18,123.0
2013-12-19,127.0
2013-12-20,125.8
2013-12-23,122.5
2013-12-26,123.75
2013-12-27,125.8
2013-12-30,125.85
2014-01-02,123.4
2014-01-03,122.4
2014-01-06,121.0
2014-01-07,120.5
2014-01-08,119.0
2014-01-09,118.7
2014-01-10,111.51
2014-01-13,116.0
2014-01-14,117.0
2014-01-15,116.9
2014-01-16,114.5
2014-01-17,115.0
2014-01-20,114.0
2014-01-21,113.3
2014-01-22,112.2
2014-01-23,113.2
2014-01-24,111.95
2014-01-27,108.5
2014-01-28,110.5
2014-01-29,105.2
2014-01-30,106.3
2014-01-31,108.8
2014-02-03,104.2
2014-02-04,105.0
2014-02-05,104.6
2014-02-06,104.55
2014-02-07,104.6
2014-02-10,104.55
2014-02-11,104.9
2014-02-12,105.5
2014-02-13,108.2
2014-02-14,111.2
2014-02-17,113.5
2014-02-18,111.3
2014-02-19,112.9
2014-02-20,111.4
2014-02-21,116.0
2014-02-24,118.0
2014-02-25,119.69
2014-02-26,120.0
2014-02-27,121.6
2014-02-28,122.0
2014-03-05,122.5
2014-03-06,119.9
2014-03-07,120.0
2014-03-10,118.7
2014-03-11,120.0
2014-03-12,119.99
2014-03-13,122.5
2014-03-14,121.7
2014-03-17,122.48
2014-03-18,120.0
2014-03-19,121.5
2014-03-20,120.0
2014-03-21,122.3
2014-03-24,119.88
2014-03-25,117.5
2014-03-26,119.0
2014-03-27,120.5
2014-03-28,119.45
2014-03-31,118.6
2014-04-01,118.1
2014-04-02,118.5
2014-04-03,120.0
2014-04-04,119.2
2014-04-07,120.0
2014-04-08,119.8
2014-04-09,119.8
2014-04-10,119.0
2014-04-11,119.35
2014-04-14,119.5
2014-04-15,118.11
2014-04-16,117.5
2014-04-17,117.0
2014-04-22,117.0
2014-04-23,117.82
2014-04-24,119.61
2014-04-25,119.0
2014-04-28,119.05
2014-04-29,119.0
2014-04-30,119.5
2014-05-02,119.4
2014-05-05,120.19
2014-05-06,120.3
2014-05-07,120.2
2014-05-08,118.0
2014-05-09,118.0
2014-05-12,118.5
2014-05-13,119.0
2014-05-14,118.3
2014-05-15,119.3
2014-05-16,119.2
2014-05-19,118.9
2014-05-20,118.8
2014-05-21,119.0
2014-05-22,118.6
2014-05-23,119.77
2014-05-26,118.97
2014-05-27,118.89
2014-05-28,119.0
2014-05-29,120.0
2014-05-30,120.0
2014-06-02,118.7
2014-06-03,117.13
2014-06-04,117.0
2014-06-05,119.0
2014-06-06,120.0
2014-06-09,119.32
2014-06-10,119.0
2014-06-11,118.97
2014-06-13,119.0
2014-06-16,118.51
2014-06-17,118.85
2014-06-18,119.0
2014-06-20,119.0
2014-06-23,118.99
2014-06-24,118.62
2014-06-25,118.1
2014-06-26,118.7
2014-06-27,118.9
2014-06-30,118.59
2014-07-01,118.69
2014-07-02,119.25
2014-07-03,119.8
2014-07-04,119.8
2014-07-07,119.5
2014-07-08,120.5
2014-07-10,120.02
2014-07-11,119.51
2014-07-14,120.0
2014-07-15,120.21
2014-07-16,118.5
2014-07-17,119.5
2014-07-18,118.83
2014-07-21,119.4
2014-07-22,119.6
2014-07-23,119.97
2014-07-24,120.0
2014-07-25,120.5
2014-07-28,120.17
2014-07-29,120.5
2014-07-30,120.0
2014-07-31,119.5
2014-08-01,118.0
2014-08-04,116.21
2014-08-05,116.0
2014-08-06,117.0
2014-08-07,115.2
2014-08-08,115.29
2014-08-11,119.5
2014-08-12,117.9
2014-08-13,116.12
2014-08-14,117.0
2014-08-15,118.44
2014-08-18,118.0
2014-08-19,118.49
2014-08-20,118.75
2014-08-21,118.7
2014-08-22,116.2
2014-08-25,117.8
2014-08-26,118.8
2014-08-27,119.5
2014-08-28,119.6
2014-08-29,118.15
2014-09-01,119.45
2014-09-02,118.25
2014-09-03,118.0
2014-09-04,118.94
2014-09-05,118.89
2014-09-08,118.2
2014-09-09,118.36
2014-09-10,119.2
2014-09-11,118.73
2014-09-12,117.75
2014-09-15,118.95
2014-09-16,118.75
2014-09-17,118.93
2014-09-18,118.5
2014-09-19,118.78
2014-09-22,118.25
2014-09-23,118.2
2014-09-24,117.8
2014-09-25,117.68
2014-09-26,117.25
2014-09-29,117.45
2014-09-30,118.0
2014-10-01,117.59
2014-10-02,117.69
2014-10-03,117.01
2014-10-06,116.9
2014-10-07,117.8
2014-10-08,117.5
2014-10-09,116.5
2014-10-10,117.25
2014-10-13,117.35
2014-10-14,116.8
2014-10-15,118.3
2014-10-16,119.0
2014-10-17,118.0
2014-10-20,118.4
2014-10-21,117.11
2014-10-22,118.47
2014-10-23,118.25
2014-10-24,116.98
2014-10-27,116.98
2014-10-28,116.43
2014-10-29,116.59
2014-10-30,116.92
2014-10-31,117.1
2014-11-03,113.61
2014-11-04,113.3
2014-11-05,113.7
2014-11-06,112.59
2014-11-07,112.4
2014-11-10,111.5
2014-11-11,109.0
2014-11-12,109.5
2014-11-13,109.47
2014-11-14,108.81
2014-11-17,109.0
2014-11-18,107.96
2014-11-19,108.05
2014-11-21,108.2
2014-11-24,108.9
2014-11-25,110.0
2014-11-26,113.0
2014-11-27,110.61
2014-11-28,112.49
2014-12-01,110.5
2014-12-02,109.3
2014-12-03,107.55
2014-12-04,106.0
2014-12-05,109.0
2014-12-08,106.34
2014-12-09,104.49
2014-12-10,103.95
2014-12-11,101.99
2014-12-12,100.19
2014-12-15,103.0
2014-12-16,100.64
2014-12-17,101.19
2014-12-18,103.8
2014-12-19,104.05
2014-12-22,104.01
2014-12-23,105.89
2014-12-26,105.52
2014-12-29,105.8
2014-12-30,105.65
2015-01-02,104.2
2015-01-05,105.2
2015-01-06,105.75
2015-01-07,104.0
2015-01-08,104.5
2015-01-09,105.9
2015-01-12,106.99
2015-01-13,106.37
2015-01-14,106.13
2015-01-15,107.85
2015-01-16,109.0
2015-01-19,109.85
2015-01-20,110.85
2015-01-21,110.0
2015-01-22,110.5
2015-01-23,110.68
2015-01-26,110.08
2015-01-27,110.3
2015-01-28,111.19
2015-01-29,110.3
2015-01-30,110.12
2015-02-02,110.0
2015-02-03,108.15
2015-02-04,108.02
2015-02-05,107.65
2015-02-06,106.5
2015-02-09,105.2
2015-02-10,104.1
2015-02-11,104.9
2015-02-12,107.5
2015-02-13,108.96
2015-02-18,108.5
2015-02-19,108.99
2015-02-20,108.53
2015-02-23,108.03
2015-02-24,109.5
2015-02-25,108.98
2015-02-26,110.0
2015-02-27,110.49
2015-03-02,110.25
2015-03-03,110.25
2015-03-04,108.5
2015-03-05,107.8
2015-03-06,111.2
2015-03-09,111.18
2015-03-10,109.1
2015-03-11,108.19
2015-03-12,108.22
2015-03-13,108.0
2015-03-16,107.1
2015-03-17,107.59
2015-03-18,108.5
2015-03-19,107.8
2015-03-20,108.5
2015-03-23,107.5
2015-03-24,108.1
2015-03-25,107.99
2015-03-26,108.5
2015-03-27,108.0
2015-03-30,108.1
2015-03-31,110.5
2015-04-01,110.2
2015-04-02,110.58
2015-04-06,111.0
2015-04-07,111.45
2015-04-08,109.99
2015-04-09,109.9
2015-04-10,112.0
2015-04-13,112.0
2015-04-14,112.0
2015-04-15,112.52
2015-04-16,111.81
2015-04-17,113.0
2015-04-20,112.1
2015-04-22,112.1
2015-04-23,112.04
2015-04-24,112.99
2015-04-27,112.4
2015-04-28,112.9
2015-04-29,112.9
2015-04-30,114.0
2015-05-04,113.0
2015-05-05,112.07
2015-05-06,113.25
2015-05-07,113.2
2015-05-08,115.37
2015-05-11,115.0
2015-05-12,115.0
2015-05-13,115.71
2015-05-14,116.48
2015-05-15,118.1
2015-05-18,117.06
2015-05-19,116.9
2015-05-20,117.01
2015-05-21,118.0
2015-05-22,118.0
2015-05-25,118.0
2015-05-26,117.6
2015-05-27,117.6
2015-05-28,117.62
2015-05-29,118.0
2015-06-01,118.0
2015-06-02,118.75
2015-06-03,120.35
2015-06-05,120.5
2015-06-08,119.99
2015-06-09,119.98
2015-06-10,121.22
2015-06-11,121.18
2015-06-12,119.49
2015-06-15,119.4
2015-06-16,118.93
2015-06-17,119.8
2015-06-18,120.24
2015-06-19,120.0
2015-06-22,120.35
2015-06-23,120.0
2015-06-24,120.2
2015-06-25,121.34
2015-06-26,121.64
2015-06-29,122.25
2015-06-30,124.5
2015-07-01,123.5
2015-07-02,121.8
2015-07-03,120.6
2015-07-06,121.79
2015-07-07,121.44
2015-07-08,123.15
2015-07-10,123.0
2015-07-13,124.0
2015-07-14,123.01
2015-07-15,124.4
2015-07-16,126.5
2015-07-17,125.8
2015-07-20,124.5
2015-07-21,124.3
2015-07-22,124.2
2015-07-23,124.0
2015-07-24,124.0
2015-07-27,124.0
2015-07-28,123.0
2015-07-29,123.0
2015-07-30,123.0
2015-07-31,122.32
2015-08-03,122.3
2015-08-04,118.8
2015-08-05,120.0
2015-08-06,119.07
2015-08-07,118.75
2015-08-10,119.0
2015-08-11,118.6
2015-08-12,119.0
2015-08-13,117.6
2015-08-14,118.45
2015-08-17,118.45
2015-08-18,117.73
2015-08-19,117.0
2015-08-20,116.25
2015-08-21,116.9
2015-08-24,120.8
2015-08-25,118.73
2015-08-26,118.0
2015-08-27,118.44
2015-08-28,117.88
2015-08-31,117.85
2015-09-01,116.7
2015-09-02,118.1
2015-09-03,119.0
2015-09-04,118.0
2015-09-08,118.0
2015-09-09,116.3
2015-09-10,116.5
2015-09-11,116.01
2015-09-14,116.0
2015-09-15,116.9
2015-09-16,113.8
2015-09-17,114.9
2015-09-18,114.5
2015-09-21,112.45
2015-09-22,113.99
2015-09-23,112.51
2015-09-24,111.37
2015-09-25,112.0
2015-09-28,111.22
2015-09-29,111.0
2015-09-30,111.01
2015-10-01,113.48
2015-10-02,113.8
2015-10-05,113.6
2015-10-06,112.5
2015-10-07,113.0
2015-10-08,114.0
2015-10-09,114.3
2015-10-13,115.43
2015-10-14,115.62
2015-10-15,115.24
2015-10-16,114.0
2015-10-19,113.0
2015-10-20,115.0
2015-10-21,114.7
2015-10-22,115.0
2015-10-23,115.5
2015-10-26,114.95
2015-10-27,114.5
2015-10-28,114.75
2015-10-29,117.0
2015-10-30,117.0
2015-11-03,115.5
2015-11-04,116.0
2015-11-05,116.0
2015-11-06,116.9
2015-11-09,116.0
2015-11-10,118.5
2015-11-11,118.0
2015-11-12,117.0
2015-11-13,116.3
2015-11-16,117.0
2015-11-17,117.0
2015-11-18,117.0
2015-11-19,117.69
2015-11-23,116.49
2015-11-24,115.7
2015-11-25,117.44
2015-11-26,115.46
2015-11-27,116.05
2015-11-30,117.0
2015-12-01,115.05
2015-12-02,113.98
2015-12-03,113.2
2015-12-04,114.39
2015-12-07,114.72
2015-12-08,115.0
2015-12-09,114.3
2015-12-10,113.94
2015-12-11,114.98
2015-12-14,114.5
2015-12-15,114.0
2015-12-16,108.0
2015-12-17,107.05
2015-12-18,108.01
2015-12-21,106.5
2015-12-22,105.65
2015-12-23,107.74
2015-12-28,108.5
2015-12-29,108.0
2015-12-30,108.35
2016-01-04,106.0
2016-01-05,105.01
2016-01-06,108.35
2016-01-07,107.5
2016-01-08,106.5
2016-01-11,106.49
2016-01-12,108.51
2016-01-13,107.5
2016-01-14,106.45
2016-01-15,105.0
2016-01-18,105.95
2016-01-19,104.51
2016-01-20,103.56
2016-01-21,102.0
2016-01-22,102.01
2016-01-26,101.0
2016-01-27,101.03
2016-01-28,99.6
2016-01-29,102.0
2016-02-01,101.3
2016-02-02,99.82
2016-02-03,100.6
2016-02-04,101.25
2016-02-05,101.3
2016-02-10,103.99
2016-02-11,101.7
2016-02-12,102.01
2016-02-15,100.2
2016-02-16,101.4
2016-02-17,100.16
2016-02-18,100.29
2016-02-19,100.95
2016-02-22,100.5
2016-02-23,100.7
2016-02-24,104.95
2016-02-25,107.0
2016-02-26,108.99
2016-02-29,108.9
2016-03-01,106.01
2016-03-02,106.99
2016-03-03,106.35
2016-03-04,108.2
2016-03-07,107.6
2016-03-08,107.0
2016-03-09,108.0
2016-03-10,109.0
2016-03-11,111.04
2016-03-14,112.0
2016-03-15,111.95
2016-03-16,111.0
2016-03-17,113.98
2016-03-18,114.5
2016-03-21,114.92
2016-03-22,118.0
2016-03-23,119.0
2016-03-24,115.0
2016-03-28,116.0
2016-03-29,116.49
2016-03-30,113.99
2016-03-31,114.23
2016-04-01,112.1
2016-04-04,115.21
2016-04-05,114.51
2016-04-06,114.3
2016-04-07,112.99
2016-04-08,112.61
2016-04-11,112.01
2016-04-12,112.41
2016-04-13,113.9
2016-04-14,113.37
2016-04-15,113.19
2016-04-18,115.0
2016-04-19,117.28
2016-04-20,117.59
2016-04-22,118.98
2016-04-25,118.9
2016-04-26,118.3
2016-04-27,119.0
2016-04-28,119.16
2016-04-29,119.82
2016-05-02,121.5
2016-05-03,120.91
2016-05-04,119.99
2016-05-05,119.87
2016-05-06,121.8
2016-05-09,119.55
2016-05-10,121.58
2016-05-11,123.7
2016-05-12,125.75
2016-05-13,129.95
2016-05-16,129.79
2016-05-17,130.5
2016-05-18,129.3
2016-05-19,129.33
2016-05-20,129.98
2016-05-23,129.0
2016-05-24,130.5
2016-05-25,127.0
2016-05-27,126.0
2016-05-30,128.0
2016-05-31,127.99
2016-06-01,128.99
2016-06-02,128.38
2016-06-03,127.99
2016-06-06,130.01
2016-06-07,130.0
2016-06-08,129.98
2016-06-09,131.4
2016-06-10,133.8
2016-06-13,133.0
2016-06-14,130.01
2016-06-15,131.5
2016-06-16,129.0
2016-06-17,127.49
2016-06-20,127.57
2016-06-21,129.0
2016-06-22,128.05
2016-06-23,130.0
2016-06-24,127.5
2016-06-27,129.0
2016-06-28,128.8
2016-06-29,130.4
2016-06-30,130.5
2016-07-01,129.0
2016-07-04,129.0
2016-07-05,128.7
2016-07-06,127.1
2016-07-07,128.0
2016-07-08,129.0
2016-07-11,126.51
2016-07-12,127.1
2016-07-13,127.08
2016-07-14,127.08
2016-07-15,128.95
2016-07-18,130.0
2016-07-19,134.0
2016-07-20,132.08
2016-07-21,133.0
2016-07-22,135.3
2016-07-25,136.0
2016-07-26,134.98
2016-07-27,135.0
2016-07-28,134.2
2016-07-29,135.2
2016-08-01,130.0
2016-08-02,131.22
2016-08-03,131.5
2016-08-04,132.0
2016-08-05,131.65
2016-08-08,132.88
2016-08-09,135.1
2016-08-10,135.0
2016-08-11,133.15
2016-08-12,132.98
2016-08-15,132.57
2016-08-16,132.8
2016-08-17,134.0
2016-08-18,133.49
2016-08-19,132.0
2016-08-22,133.0
2016-08-23,131.8
2016-08-24,132.37
2016-08-25,132.24
2016-08-26,134.2
2016-08-29,133.99
2016-08-30,133.5
2016-08-31,135.0
2016-09-01,133.35
2016-09-02,133.5
2016-09-05,133.0
2016-09-06,133.48
2016-09-08,133.87
2016-09-09,133.25
2016-09-12,133.0
2016-09-13,132.5
2016-09-14,134.0
2016-09-15,133.01
2016-09-16,133.5
2016-09-19,133.7
2016-09-20,133.47
2016-09-21,133.6
2016-09-22,133.02
2016-09-23,134.01
2016-09-26,134.0
2016-09-27,133.89
2016-09-28,133.53
2016-09-29,134.0
2016-09-30,134.6
2016-10-03,134.65
2016-10-04,134.5
2016-10-05,135.0
2016-10-06,134.7
2016-10-07,134.6
2016-10-10,135.0
2016-10-11,136.0
2016-10-13,135.4
2016-10-14,135.7
2016-10-17,135.0
2016-10-18,137.9
2016-10-19,137.1
2016-10-20,140.59
2016-10-21,140.5
2016-10-24,143.0
2016-10-25,144.8
2016-10-26,145.01
2016-10-27,146.38
2016-10-28,147.25
2016-10-31,147.99
2016-11-01,145.0
2016-11-03,148.0
2016-11-04,146.0
2016-11-07,144.11
2016-11-08,144.35
2016-11-09,142.4
2016-11-10,141.53
2016-11-11,143.5
2016-11-14,142.8
2016-11-16,141.21
2016-11-17,143.4
2016-11-18,143.48
2016-11-21,143.5
2016-11-22,145.5
2016-11-23,143.5
2016-11-24,141.2
2016-11-25,140.0
2016-11-28,140.58
2016-11-29,141.0
2016-11-30,139.05
2016-12-01,138.49
2016-12-02,136.8
2016-12-05,137.0
2016-12-06,139.88
2016-12-07,137.61
2016-12-08,137.2
2016-12-09,138.57
2016-12-12,146.0
2016-12-13,142.5
2016-12-14,138.1
2016-12-15,141.4
2016-12-16,140.95
2016-12-19,141.3
2016-12-20,140.48
2016-12-21,144.5
2016-12-22,144.0
2016-12-23,138.9
2016-12-26,141.05
2016-12-27,144.0
2016-12-28,143.0
2016-12-29,143.5
2017-01-02,141.31
2017-01-03,141.22
2017-01-04,142.94
2017-01-05,143.0
2017-01-06,143.95
2017-01-09,144.51
2017-01-10,146.02
2017-01-11,147.5
2017-01-12,149.4
2017-01-13,150.5
2017-01-16,152.0
2017-01-17,149.1
2017-01-18,150.0
2017-01-19,150.54
2017-01-20,153.5
2017-01-23,154.97
2017-01-24,153.9
2017-01-26,151.97
2017-01-27,151.96
2017-01-30,151.9
2017-01-31,154.8
2017-02-01,150.0
2017-02-02,151.79
2017-02-03,151.5
2017-02-06,149.52
2017-02-07,148.99
2017-02-08,148.5
2017-02-09,149.0
2017-02-10,147.49
2017-02-13,148.0
2017-02-14,147.31
2017-02-15,147.75
2017-02-16,143.02
2017-02-17,144.5
2017-02-20,146.51
2017-02-21,149.0
2017-02-22,147.0
2017-02-23,147.51
2017-02-24,149.0
2017-03-01,148.0
2017-03-02,147.5
2017-03-03,150.0
2017-03-06,153.0
2017-03-07,150.72
2017-03-08,150.12
2017-03-09,150.0
2017-03-10,151.97
2017-03-13,153.0
2017-03-14,152.35
2017-03-15,152.3
2017-03-16,154.5
2017-03-17,153.1
2017-03-20,154.4
2017-03-21,154.19
2017-03-22,154.2
2017-03-23,154.8
2017-03-24,155.59
2017-03-27,155.98
2017-03-28,157.5
2017-03-29,150.1
2017-03-30,151.5
2017-03-31,153.99
2017-04-03,147.8
2017-04-04,150.11
2017-04-05,152.01
2017-04-06,151.25
2017-04-07,152.6
2017-04-10,152.8
2017-04-11,150.0
2017-04-12,153.95
2017-04-13,153.0
2017-04-17,150.66
2017-04-18,150.5
2017-04-19,149.0
2017-04-20,150.0
2017-04-24,149.13
2017-04-25,147.51
2017-04-26,147.9
2017-04-27,146.0
2017-04-28,146.51
2017-05-02,146.0
2017-05-03,145.0
2017-05-04,144.92
2017-05-05,150.0
2017-05-08,150.46
2017-05-09,150.49
2017-05-10,151.85
2017-05-11,149.6
2017-05-12,151.8
2017-05-15,150.8
2017-05-16,150.9
2017-05-17,151.49
2017-05-18,146.0
2017-05-19,149.9
2017-05-22,148.0
2017-05-23,149.7
2017-05-24,150.0
2017-05-25,149.0
2017-05-26,150.0
2017-05-29,151.0
2017-05-30,151.0
2017-05-31,151.02
2017-06-01,151.5
2017-06-02,152.0
2017-06-05,149.61
2017-06-06,149.51
2017-06-07,149.31
2017-06-08,149.0
2017-06-09,149.95
2017-06-12,149.0
2017-06-13,149.35
2017-06-14,149.0
2017-06-16,148.7
2017-06-19,150.48
2017-06-20,148.6
2017-06-21,149.5
2017-06-22,149.12
2017-06-23,148.89
2017-06-26,149.15
2017-06-27,150.0
2017-06-28,149.33
2017-06-29,150.0
2017-06-30,149.3
2017-07-03,149.3
2017-07-04,148.7
2017-07-05,147.5
2017-07-06,147.26
2017-07-07,148.1
2017-07-10,148.69
2017-07-11,149.0
2017-07-12,149.8
2017-07-13,149.1
2017-07-14,148.71
2017-07-17,149.5
2017-07-18,149.74
2017-07-19,150.0
2017-07-20,149.66
2017-07-21,150.1
2017-07-24,149.34
2017-07-25,149.7
2017-07-26,149.74
2017-07-27,152.45
2017-07-28,151.06
2017-07-31,151.7
2017-08-01,151.0
2017-08-02,149.5
2017-08-03,150.95
2017-08-04,151.0
2017-08-07,151.5
2017-08-08,150.1
2017-08-09,150.0
2017-08-10,150.48
2017-08-11,151.0
2017-08-14,150.0
2017-08-15,149.7
2017-08-16,150.15
2017-08-17,149.89
2017-08-18,149.97
2017-08-21,150.59
2017-08-22,149.9
2017-08-23,150.0
2017-08-24,150.99
2017-08-25,150.35
2017-08-28,151.9
2017-08-29,152.0
2017-08-30,152.53
2017-08-31,151.5
2017-09-01,152.0
2017-09-04,152.2
2017-09-05,154.1
2017-09-06,154.0
2017-09-08,153.6
2017-09-11,153.5
2017-09-12,153.5
2017-09-13,154.0
2017-09-14,155.4
2017-09-15,157.8
2017-09-18,159.55
2017-09-19,162.0
2017-09-20,165.5
2017-09-21,165.86
2017-09-22,165.84
2017-09-25,164.74
2017-09-26,165.52
2017-09-27,166.03
2017-09-28,166.89
2017-09-29,169.05
2017-10-02,167.0
2017-10-03,166.0
2017-10-04,166.3
2017-10-05,166.0
2017-10-06,166.48
2017-10-09,164.61
2017-10-10,166.4
2017-10-11,166.7
2017-10-13,166.3
2017-10-16,166.0
2017-10-17,166.0
2017-10-18,165.7
2017-10-19,165.7
2017-10-20,165.0
2017-10-23,164.0
2017-10-24,164.0
2017-10-25,167.4
2017-10-26,167.35
2017-10-27,168.0
2017-10-30,168.1
2017-10-31,169.5
2017-11-01,168.0
2017-11-03,166.71
2017-11-06,168.0
2017-11-07,168.0
2017-11-08,167.7
2017-11-09,166.9
2017-11-10,167.2
2017-11-13,167.5
2017-11-14,169.19
2017-11-16,168.0
2017-11-17,168.28
2017-11-21,169.0
2017-11-22,168.8
2017-11-23,169.33
2017-11-24,169.19
2017-11-27,166.97
2017-11-28,167.1
2017-11-29,167.0
2017-11-30,168.0
2017-12-01,166.31
2017-12-04,165.78
2017-12-05,166.0
2017-12-06,168.0
2017-12-07,166.2
2017-12-08,167.3
2017-12-11,166.77
2017-12-12,167.5
2017-12-13,166.4
2017-12-14,165.2
2017-12-15,163.39
2017-12-18,163.32
2017-12-19,163.4
2017-12-20,159.8
2017-12-21,160.15
2017-12-22,160.0
2017-12-26,161.4
2017-12-27,162.99
2017-12-28,164.5
2018-01-02,164.6
2018-01-03,167.9
2018-01-04,163.99
2018-01-05,162.31
2018-01-08,162.26
2018-01-09,161.27
2018-01-10,162.42
2018-01-11,161.9
2018-01-12,161.75
2018-01-15,160.79
2018-01-16,161.51
2018-01-17,161.0
2018-01-18,161.1
2018-01-19,160.97
2018-01-22,160.9
2018-01-23,159.73
2018-01-24,160.23
2018-01-26,160.99
2018-01-29,160.3
2018-01-30,161.5
2018-01-31,162.0
2018-02-01,160.5
2018-02-02,161.0
2018-02-05,162.31
2018-02-06,162.0
2018-02-07,161.5
2018-02-08,161.05
2018-02-09,161.0
2018-02-14,161.2
2018-02-15,162.0
2018-02-16,161.5
2018-02-19,161.49
2018-02-20,161.4
2018-02-21,161.27
2018-02-22,161.06
2018-02-23,163.0
2018-02-26,163.95
2018-02-27,165.0
2018-02-28,167.8
2018-03-01,166.45
2018-03-02,165.0
2018-03-05,165.6
2018-03-06,165.6
2018-03-07,165.6
2018-03-08,168.0
2018-03-09,169.5
2018-03-12,168.5
2018-03-13,168.06
2018-03-14,168.0
2018-03-15,168.11
2018-03-16,168.58
2018-03-19,168.0
2018-03-20,169.99
2018-03-21,169.0
2018-03-22,169.99
2018-03-23,169.09
2018-03-26,173.0
2018-03-27,175.4
2018-03-28,177.0
2018-03-29,175.3
2018-04-02,172.7
2018-04-03,174.5
2018-04-04,173.0
2018-04-05,168.7
2018-04-06,168.8
2018-04-09,167.55
2018-04-10,167.13
2018-04-11,166.9
2018-04-12,166.75
2018-04-13,166.9
2018-04-16,166.5
2018-04-17,166.09
2018-04-18,165.5
2018-04-19,167.0
2018-04-20,167.0
2018-04-23,167.0
2018-04-24,163.5
2018-04-25,163.5
2018-04-26,164.0
2018-04-27,164.0
2018-04-30,167.0
2018-05-02,165.01
2018-05-03,167.7
2018-05-04,166.95
2018-05-07,165.31
2018-05-08,165.15
2018-05-09,165.01
2018-05-10,167.0
2018-05-11,168.0
2018-05-14,167.51
2018-05-15,169.0
2018-05-16,167.5
2018-05-17,165.48
2018-05-18,164.5
2018-05-21,163.53
2018-05-22,162.0
2018-05-23,164.98
2018-05-24,163.6
2018-05-25,163.5
2018-05-28,158.15
2018-05-29,158.42
2018-05-30,157.9
2018-06-01,154.99
2018-06-04,157.0
2018-06-05,157.95
2018-06-06,156.5
2018-06-07,151.6
2018-06-08,149.69
2018-06-11,151.54
2018-06-12,154.0
2018-06-13,153.05
2018-06-14,153.5
2018-06-15,149.99
2018-06-18,143.35
2018-06-19,141.6
2018-06-20,140.0
2018-06-21,139.98
2018-06-22,140.89
2018-06-25,141.51
2018-06-26,141.9
2018-06-27,143.1
2018-06-28,141.56
2018-06-29,142.49
2018-07-02,144.9
2018-07-03,144.2
2018-07-04,144.5
2018-07-05,144.0
2018-07-06,144.99
2018-07-10,144.6
2018-07-11,150.01
2018-07-12,149.51
2018-07-13,149.61
2018-07-16,148.5
2018-07-17,148.3
2018-07-18,148.7
2018-07-19,148.17
2018-07-20,149.44
2018-07-23,149.5
2018-07-24,149.2
2018-07-25,148.51
2018-07-26,148.49
2018-07-27,147.95
2018-07-30,147.9
2018-07-31,148.13
2018-08-01,147.4
2018-08-02,147.0
2018-08-03,146.99
2018-08-06,147.5
2018-08-07,147.0
2018-08-08,147.18
2018-08-09,146.7
2018-08-10,143.99
2018-08-13,142.8
2018-08-14,142.8
2018-08-15,141.52
2018-08-16,142.52
2018-08-17,142.87
2018-08-20,143.05
2018-08-21,143.2
2018-08-22,142.45
2018-08-23,140.8
2018-08-24,139.99
2018-08-27,140.5
2018-08-28,139.81
2018-08-29,139.75
2018-08-30,139.88
2018-08-31,139.4
2018-09-03,137.2
2018-09-04,138.6
2018-09-05,140.36
2018-09-06,139.5
2018-09-10,138.95
2018-09-11,136.9
2018-09-12,139.0
2018-09-13,139.0
2018-09-14,137.25
2018-09-17,137.28
2018-09-18,136.51
2018-09-19,136.98
2018-09-20,136.06
2018-09-21,135.9
2018-09-24,135.36
2018-09-25,134.7
2018-09-26,134.5
2018-09-27,134.04
2018-09-28,136.0
2018-10-01,134.2
2018-10-02,138.0
2018-10-03,142.9
2018-10-04,143.9
2018-10-05,146.9
2018-10-08,148.0
2018-10-09,152.0
2018-10-10,149.06
2018-10-11,148.0
2018-10-15,148.5
2018-10-16,148.1
2018-10-17,147.65
2018-10-18,147.99
2018-10-19,147.95
2018-10-22,147.96
2018-10-23,149.12
2018-10-24,148.0
2018-10-25,146.95
2018-10-26,149.5
2018-10-29,149.6
2018-10-30,152.5
2018-10-31,153.5
2018-11-01,150.5
2018-11-05,148.21
2018-11-06,147.85
2018-11-07,148.73
2018-11-08,150.0
2018-11-09,151.0
2018-11-12,151.99
2018-11-13,151.87
2018-11-14,159.8
2018-11-16,158.9
2018-11-19,157.89
2018-11-21,153.8
2018-11-22,155.0
2018-11-23,154.5
2018-11-26,153.95
2018-11-27,153.58
2018-11-28,153.39
2018-11-29,153.49
2018-11-30,151.9
2018-12-03,150.1
2018-12-04,149.1
2018-12-05,147.89
2018-12-06,146.0
2018-12-07,146.8
2018-12-10,146.76
2018-12-11,147.5
2018-12-12,145.85
2018-12-13,147.12
2018-12-14,147.5
2018-12-17,147.5
2018-12-18,146.99
2018-12-19,145.55
2018-12-20,146.02
2018-12-21,147.0
2018-12-26,146.0
2018-12-27,146.0
2018-12-28,146.22
2019-01-02,148.67
2019-01-03,150.28
2019-01-04,150.4
2019-01-07,149.47
2019-01-08,149.69
2019-01-09,148.81
2019-01-10,147.5
2019-01-11,148.0
2019-01-14,148.6
2019-01-15,148.99
2019-01-16,149.5
2019-01-17,149.5
2019-01-18,149.51
2019-01-21,148.15
2019-01-22,148.5
2019-01-23,148.37
2019-01-24,147.85
2019-01-28,148.1
2019-01-29,150.0
2019-01-30,148.35
2019-01-31,150.2
2019-02-01,148.65
2019-02-04,149.58
2019-02-05,150.5
2019-02-06,151.6
2019-02-07,153.0
2019-02-08,152.5
2019-02-11,155.99
2019-02-12,150.67
2019-02-13,151.0
2019-02-14,150.5
2019-02-15,150.5
2019-02-18,151.0
2019-02-19,151.0
2019-02-20,150.75
2019-02-21,151.0
2019-02-22,151.0
2019-02-25,150.9
2019-02-26,150.1
2019-02-27,151.55
2019-02-28,153.0
2019-03-01,152.75
2019-03-06,153.2
2019-03-07,154.3
2019-03-08,153.4
2019-03-11,153.0
2019-03-12,152.2
2019-03-13,151.9
2019-03-14,151.75
2019-03-15,154.0
2019-03-18,155.5
2019-03-19,152.75
2019-03-20,152.9
2019-03-21,152.88
2019-03-22,152.93
2019-03-25,153.7
2019-03-26,156.0
2019-03-27,154.0
2019-03-28,153.5
2019-03-29,152.54
2019-04-01,153.0
2019-04-02,151.19
2019-04-03,150.52
2019-04-04,150.11
2019-04-05,149.8
2019-04-08,150.2
2019-04-09,150.98
2019-04-10,152.0
2019-04-11,151.85
2019-04-12,151.41
2019-04-15,152.8
2019-04-16,149.01
2019-04-17,150.25
2019-04-18,151.5
2019-04-22,152.0
2019-04-23,152.5
2019-04-24,152.0
2019-04-25,152.6
2019-04-26,152.6
2019-04-29,151.5
2019-04-30,152.18
2019-05-02,152.0
2019-05-03,151.81
2019-05-06,150.22
2019-05-07,151.88
2019-05-08,151.8
2019-05-09,151.38
2019-05-10,151.35
2019-05-13,151.33
2019-05-14,150.99
2019-05-15,151.8
2019-05-16,153.19
2019-05-17,152.2
2019-05-20,152.4
2019-05-21,152.29
2019-05-22,152.5
2019-05-23,151.71
2019-05-24,152.2
2019-05-27,152.38
2019-05-28,152.71
2019-05-29,153.9
2019-05-30,154.39
2019-05-31,155.0
2019-06-03,155.39
2019-06-04,154.85
2019-06-05,153.0
2019-06-06,152.2
2019-06-07,152.0
2019-06-10,152.5
2019-06-11,150.0
2019-06-12,150.46
2019-06-13,151.0
2019-06-14,151.0
2019-06-17,151.0
2019-06-18,152.0
2019-06-19,151.7
2019-06-21,152.0
2019-06-24,152.5
2019-06-25,152.6
2019-06-26,152.87
2019-06-27,152.6
2019-06-28,154.23
2019-07-01,155.5
2019-07-02,155.0
2019-07-03,156.0
2019-07-04,153.0
2019-07-05,152.99
2019-07-08,152.7
2019-07-10,152.47
2019-07-11,151.4
2019-07-12,152.3
2019-07-15,152.5
2019-07-16,152.5
2019-07-17,152.45
2019-07-18,152.5
2019-07-19,152.4
2019-07-22,152.4
2019-07-23,152.2
2019-07-24,152.46
2019-07-25,150.01
2019-07-26,152.0
2019-07-29,152.65
2019-07-30,152.85
2019-07-31,153.49
2019-08-01,152.78
2019-08-02,154.1
2019-08-05,153.8
2019-08-06,154.6
2019-08-07,154.49
2019-08-08,154.12
2019-08-09,154.4
2019-08-12,155.4
2019-08-13,154.01
2019-08-14,155.0
2019-08-15,155.95
2019-08-16,156.0
2019-08-19,156.9
2019-08-20,157.1
2019-08-21,159.7
2019-08-22,158.9
2019-08-23,158.7
2019-08-26,157.0
2019-08-27,157.8
2019-08-28,158.0
2019-08-29,157.99
2019-08-30,158.2
2019-09-02,155.5
2019-09-03,156.0
2019-09-04,156.3
2019-09-05,156.5
2019-09-06,156.4
2019-09-09,156.5
2019-09-10,155.78
2019-09-11,155.35
2019-09-12,155.5
2019-09-13,155.76
2019-09-16,156.24
2019-09-17,156.07
2019-09-18,155.8
2019-09-19,156.2
2019-09-20,156.6
2019-09-23,155.75
2019-09-24,158.0
2019-09-25,158.85
2019-09-26,158.1
2019-09-27,159.0
2019-09-30,160.2
2019-10-01,160.0
2019-10-02,159.74
2019-10-03,158.51
2019-10-04,159.5
2019-10-07,159.0
2019-10-08,160.4
2019-10-09,159.61
2019-10-10,161.0
2019-10-11,163.0
2019-10-14,163.5
2019-10-15,165.3
2019-10-16,168.03
2019-10-17,168.0
2019-10-18,167.0
2019-10-21,168.48
2019-10-22,169.5
2019-10-23,169.0
2019-10-24,171.2
2019-10-25,170.97
2019-10-28,172.7
2019-10-29,171.51
2019-10-30,170.66
2019-10-31,170.0
2019-11-01,170.5
2019-11-04,172.8
2019-11-05,169.0
2019-11-06,169.7
2019-11-07,169.75
2019-11-08,169.43
2019-11-11,169.1
2019-11-12,168.53
2019-11-13,168.28
2019-11-14,168.89
2019-11-18,169.0
2019-11-19,172.48
2019-11-21,173.0
2019-11-22,171.0
2019-11-25,171.55
2019-11-26,173.07
2019-11-27,171.5
2019-11-28,173.88
2019-11-29,174.9
2019-12-02,174.49
2019-12-03,174.75
2019-12-04,175.61
2019-12-05,178.63
2019-12-06,180.0
2019-12-09,180.5
2019-12-10,181.99
2019-12-11,184.4
2019-12-12,184.15
2019-12-13,184.15
2019-12-16,185.0
2019-12-17,187.6
2019-12-18,188.0
2019-12-19,189.85
2019-12-20,190.0
2019-12-23,189.99
2019-12-26,192.0
2019-12-27,191.84
2019-12-30,198.18
2020-01-02,199.6
2020-01-03,199.6
2020-01-06,197.98
2020-01-07,198.75
2020-01-08,187.5
2020-01-09,181.0
2020-01-10,178.9
2020-01-13,183.5
2020-01-14,184.48
2020-01-15,182.3
2020-01-16,182.4
2020-01-17,181.52
2020-01-20,181.95
2020-01-21,182.0
2020-01-22,183.0
2020-01-23,182.5
2020-01-24,182.03
2020-01-27,180.35
2020-01-28,182.15
2020-01-29,178.85
2020-01-30,180.25
2020-01-31,181.64
2020-02-03,182.66
2020-02-04,182.98
2020-02-05,182.25
2020-02-06,180.45
2020-02-07,180.55
2020-02-10,178.1
2020-02-11,177.9
2020-02-12,179.44
2020-02-13,180.0
2020-02-14,178.8
2020-02-17,179.6
2020-02-18,170.49
2020-02-19,166.65
2020-02-20,166.5
2020-02-21,170.42
2020-02-26,169.9
2020-02-27,170.18
2020-02-28,170.95
2020-03-02,171.0
2020-03-03,172.95
2020-03-04,171.35
2020-03-05,171.04
2020-03-06,170.49
2020-03-09,163.3
2020-03-10,164.29
2020-03-11,163.0
2020-03-12,150.1
2020-03-13,154.27
2020-03-16,150.19
2020-03-17,148.5
2020-03-18,132.33
2020-03-19,139.05
2020-03-20,143.11
2020-03-23,132.5
2020-03-24,139.0
2020-03-25,148.9
2020-03-26,151.84
2020-03-27,150.6
2020-03-30,153.05
2020-03-31,154.02
2020-04-01,150.9
2020-04-02,149.0
2020-04-03,147.01
2020-04-06,147.8
2020-04-07,151.55
2020-04-08,150.99
2020-04-09,153.0
2020-04-13,153.25
2020-04-14,152.75
2020-04-15,149.7
2020-04-16,152.0
2020-04-17,151.38
2020-04-20,150.6
2020-04-22,150.22
2020-04-23,152.2
2020-04-24,151.67
2020-04-27,152.0
2020-04-28,154.03
2020-04-29,160.0
2020-04-30,158.99
2020-05-04,156.4
2020-05-05,157.0
2020-05-06,160.25
2020-05-07,160.0
2020-05-08,162.5
2020-05-11,164.45
2020-05-12,163.65
2020-05-13,162.7
2020-05-14,160.92
2020-05-15,161.91
2020-05-18,162.4
2020-05-19,163.05
2020-05-20,163.0
2020-05-21,163.55
2020-05-22,165.95
2020-05-25,167.3
2020-05-26,167.7
2020-05-27,169.72
2020-05-28,170.0
2020-05-29,172.39
2020-06-01,170.5
2020-06-02,171.19
2020-06-03,172.48
2020-06-04,171.0
2020-06-05,170.89
2020-06-08,170.5
2020-06-09,168.5
2020-06-10,167.49
2020-06-12,166.66
2020-06-15,165.44
2020-06-16,166.31
2020-06-17,169.0
2020-06-18,168.63
2020-06-19,167.65
2020-06-22,167.3
2020-06-23,167.6
2020-06-24,167.79
2020-06-25,169.0
2020-06-26,169.1
2020-06-29,169.5
2020-06-30,168.94
2020-07-01,169.99
2020-07-02,169.45
2020-07-03,167.9
2020-07-06,167.4
2020-07-07,166.36
2020-07-08,165.0
2020-07-09,160.5
2020-07-10,158.79
2020-07-13,157.69
2020-07-14,157.3
2020-07-15,157.49
2020-07-16,157.5
2020-07-17,156.0
2020-07-20,156.9
2020-07-21,158.98
2020-07-22,159.0
2020-07-23,159.0
2020-07-24,158.89
2020-07-27,157.15
2020-07-28,157.0
2020-07-29,157.0
2020-07-30,157.5
2020-07-31,156.82
2020-08-03,157.45
2020-08-04,157.6
2020-08-05,159.69
2020-08-06,157.61
2020-08-07,158.1
2020-08-10,158.67
2020-08-11,159.01
2020-08-12,159.27
2020-08-13,160.03
2020-08-14,159.05
2020-08-17,156.15
2020-08-18,158.2
2020-08-19,160.1
2020-08-20,160.89
2020-08-21,164.89
2020-08-24,164.59
2020-08-25,164.45
2020-08-26,164.0
2020-08-27,164.5
2020-08-28,164.5
2020-08-31,164.39
2020-09-01,164.97
2020-09-02,165.97
2020-09-03,165.97
2020-09-04,167.61
2020-09-08,166.13
2020-09-09,165.95
2020-09-10,166.0
2020-09-11,166.7
2020-09-14,167.1
2020-09-15,168.0
2020-09-16,167.5
2020-09-17,166.8
2020-09-18,165.3
2020-09-21,166.02
2020-09-22,166.5
2020-09-23,166.49
2020-09-24,166.67
2020-09-25,166.0
2020-09-28,165.06
2020-09-29,165.1
2020-09-30,165.03
2020-10-01,165.62
2020-10-02,166.2
2020-10-05,165.21
2020-10-06,166.45
2020-10-07,166.49
2020-10-08,166.7
2020-10-09,166.65
2020-10-13,166.9
2020-10-14,166.83
2020-10-15,166.85
2020-10-16,166.85
2020-10-19,166.8
2020-10-20,166.97
2020-10-21,166.8
2020-10-22,165.2
2020-10-23,163.24
2020-10-26,160.8
2020-10-27,160.89
2020-10-28,159.7
2020-10-29,159.49
2020-10-30,158.73
2020-11-03,158.32
2020-11-04,158.38
2020-11-05,158.18
2020-11-06,158.44
2020-11-09,158.15
2020-11-10,159.5
2020-11-11,158.5
2020-11-12,158.25
2020-11-13,158.76
2020-11-16,159.9
2020-11-17,158.88
2020-11-18,159.0
2020-11-19,159.98
2020-11-20,160.0
2020-11-23,159.05
2020-11-24,159.86
2020-11-25,159.59
2020-11-26,158.9
2020-11-27,159.04
2020-11-30,159.25
2020-12-01,158.6
2020-12-02,157.8
2020-12-03,157.72
2020-12-04,157.08
2020-12-07,156.2
2020-12-08,155.86
2020-12-09,155.3
2020-12-10,153.89
2020-12-11,153.63
2020-12-14,155.0
2020-12-15,157.78
2020-12-16,158.31
2020-12-17,157.9
2020-12-18,158.6
2020-12-21,158.96
2020-12-22,159.53
2020-12-23,161.69
2020-12-28,162.52
2020-12-29,164.41
2020-12-30,162.32
2021-01-04,160.67
2021-01-05,159.8
2021-01-06,159.86
2021-01-07,159.95
2021-01-08,159.55
2021-01-11,159.8
2021-01-12,159.5
2021-01-13,159.44
2021-01-14,160.02
2021-01-15,160.1
2021-01-18,159.8
2021-01-19,160.0
2021-01-20,160.0
2021-01-21,159.6
2021-01-22,158.71
2021-01-26,159.15
2021-01-27,158.7
2021-01-28,159.43
2021-01-29,159.8
2021-02-01,158.56
2021-02-02,159.79
2021-02-03,158.52
2021-02-04,157.8
2021-02-05,158.5
2021-02-08,158.42
2021-02-09,158.14
2021-02-10,158.39
2021-02-11,158.75
2021-02-12,159.89
2021-02-17,160.01
2021-02-18,158.81
2021-02-19,159.19
2021-02-22,158.15
2021-02-23,157.82
2021-02-24,158.15
2021-02-25,157.9
2021-02-26,158.29
2021-03-01,157.24
2021-03-02,155.75
2021-03-03,155.2
2021-03-04,154.57
2021-03-05,154.0
2021-03-08,154.24
2021-03-09,153.99
2021-03-10,152.6
2021-03-11,152.65
2021-03-12,152.44
2021-03-15,151.75
2021-03-16,151.04
2021-03-17,149.66
2021-03-18,147.48
2021-03-19,146.39
2021-03-22,145.38
2021-03-23,144.0
2021-03-24,142.4
2021-03-25,142.52
2021-03-26,144.46
2021-03-29,146.57
2021-03-30,150.0
2021-03-31,152.73
2021-04-01,153.47
2021-04-05,151.8
2021-04-06,148.5
2021-04-07,150.5
2021-04-08,150.4
2021-04-09,150.18
2021-04-12,151.0
2021-04-13,150.89
2021-04-14,151.5
2021-04-15,151.35
2021-04-16,150.81
2021-04-19,150.09
2021-04-20,150.29
2021-04-22,150.01
2021-04-23,150.3
2021-04-26,151.4
2021-04-27,151.47
2021-04-28,151.77
2021-04-29,149.01
2021-04-30,149.15
2021-05-03,148.4
2021-05-04,148.59
2021-05-05,147.5
2021-05-06,147.84
2021-05-07,147.6
2021-05-10,148.43
2021-05-11,149.99
2021-05-12,150.23
2021-05-13,149.14
2021-05-14,149.01
2021-05-17,147.8
2021-05-18,147.02
2021-05-19,145.1
2021-05-20,144.87
2021-05-21,145.2
2021-05-24,145.48
2021-05-25,144.8
2021-05-26,142.4
2021-05-27,142.02
2021-05-28,143.27
2021-05-31,143.72
2021-06-01,142.26
2021-06-02,141.54
2021-06-04,141.6
2021-06-07,141.5
2021-06-08,141.29
2021-06-09,141.17
2021-06-10,140.9
2021-06-11,141.86
2021-06-14,141.35
2021-06-15,141.53
2021-06-16,141.17
2021-06-17,141.46
2021-06-18,140.57
2021-06-21,140.16
2021-06-22,138.91
2021-06-23,137.1
2021-06-24,137.1
2021-06-25,133.19
2021-06-28,134.79
2021-06-29,137.02
2021-06-30,138.61
2021-07-01,138.9
2021-07-02,138.5
2021-07-05,137.79
2021-07-06,137.85
2021-07-07,138.8
2021-07-08,139.0
2021-07-12,141.0
2021-07-13,143.4
2021-07-14,142.1
2021-07-15,142.35
2021-07-16,142.02
2021-07-19,142.02
2021-07-20,141.99
2021-07-21,141.53
2021-07-22,140.88
2021-07-23,140.1
2021-07-26,139.81
2021-07-27,140.0
2021-07-28,139.75
2021-07-29,139.8
2021-07-30,140.37
2021-08-02,139.29
2021-08-03,137.7
2021-08-04,137.63
2021-08-05,134.9
2021-08-06,135.75
2021-08-09,135.46
2021-08-10,134.6
2021-08-11,134.42
2021-08-12,135.0
2021-08-13,133.5
2021-08-16,133.57
2021-08-17,132.93
2021-08-18,132.97
2021-08-19,131.3
2021-08-20,133.29
2021-08-23,139.24
2021-08-24,140.4
2021-08-25,139.56
2021-08-26,141.2
2021-08-27,140.58
2021-08-30,141.5
2021-08-31,142.17
2021-09-01,141.17
2021-09-02,141.2
2021-09-03,141.23
2021-09-06,141.35
2021-09-08,141.05
2021-09-09,141.3
2021-09-10,139.6
2021-09-13,134.42
2021-09-14,138.6
2021-09-15,140.45
2021-09-16,141.04
2021-09-17,146.15
2021-09-20,143.1
2021-09-21,146.0
2021-09-22,145.88
2021-09-23,145.14
2021-09-24,145.35
2021-09-27,148.15
2021-09-28,146.38
2021-09-29,145.51
2021-09-30,147.0
2021-10-01,145.0
2021-10-04,144.26
2021-10-05,144.2
2021-10-06,144.89
2021-10-07,144.54
2021-10-08,145.0
2021-10-11,145.88
2021-10-13,145.8
2021-10-14,144.99
2021-10-15,144.0
2021-10-18,143.98
2021-10-19,142.35
2021-10-20,142.83
2021-10-21,141.82
2021-10-22,140.9
2021-10-25,140.34
2021-10-26,138.1
2021-10-27,137.4
2021-10-28,137.0
2021-10-29,135.69
2021-11-01,135.45
2021-11-03,133.5
2021-11-04,133.6
2021-11-05,133.16
2021-11-08,133.48
2021-11-09,135.2
2021-11-10,134.5
2021-11-11,134.17
2021-11-12,133.5
2021-11-16,133.4
2021-11-17,133.12
2021-11-18,133.0
2021-11-19,133.5
2021-11-22,134.0
2021-11-23,132.95
2021-11-24,130.66
2021-11-25,129.47
2021-11-26,128.28
2021-11-29,127.65
2021-11-30,127.62
2021-12-01,128.2
2021-12-02,128.5
2021-12-03,129.24
2021-12-06,130.8
2021-12-07,132.0
2021-12-08,130.78
2021-12-09,130.2
2021-12-10,131.7
2021-12-13,133.59
2021-12-14,132.98
2021-12-15,132.65
2021-12-16,132.01
2021-12-17,133.43
2021-12-20,132.98
2021-12-21,133.0
2021-12-22,132.9
2021-12-23,133.52
2021-12-27,134.75
2021-12-28,139.35
2021-12-29,141.27
2021-12-30,141.89
2022-01-03,136.9
2022-01-04,134.07
2022-01-05,134.2
2022-01-06,133.91
2022-01-07,133.53
2022-01-10,134.48
2022-01-11,134.42
2022-01-12,133.73
2022-01-13,133.68
2022-01-14,134.64
2022-01-17,136.15
2022-01-18,136.2
2022-01-19,136.52
2022-01-20,136.72
2022-01-21,136.71
2022-01-24,135.01
2022-01-25,134.0
2022-01-26,132.99
2022-01-27,132.88
2022-01-28,132.43
2022-01-31,133.5
2022-02-01,131.22
2022-02-02,132.11
2022-02-03,132.77
2022-02-04,133.94
2022-02-07,135.25
2022-02-08,135.61
2022-02-09,134.5
2022-02-10,134.68
2022-02-11,134.7
2022-02-14,135.2
2022-02-15,134.97
2022-02-16,134.74
2022-02-17,134.1
2022-02-18,134.0
2022-02-21,132.75
2022-02-22,132.27
2022-02-23,132.17
2022-02-24,130.0
2022-02-25,132.85
2022-03-02,131.76
2022-03-03,131.23
2022-03-04,131.97
2022-03-07,131.25
2022-03-08,130.6
2022-03-09,130.3
2022-03-10,130.1
2022-03-11,130.8
2022-03-14,130.5
2022-03-15,130.6
2022-03-16,130.5
2022-03-17,130.0
2022-03-18,143.0
2022-03-21,135.45
2022-03-22,135.96
2022-03-23,136.27
2022-03-24,136.27
2022-03-25,136.46
2022-03-28,136.6
2022-03-29,137.0
2022-03-30,137.29
2022-03-31,137.2
2022-04-01,137.62
2022-04-04,137.89
2022-04-05,137.01
2022-04-06,135.45
2022-04-07,135.5
2022-04-08,135.51
2022-04-11,134.7
2022-04-12,135.33
2022-04-13,136.24
2022-04-14,137.46
2022-04-18,137.2
2022-04-19,136.77
2022-04-20,136.12
2022-04-22,136.49
2022-04-25,136.74
2022-04-26,136.4
2022-04-27,136.85
2022-04-28,135.6
2022-04-29,136.9
2022-05-02,133.7
2022-05-03,133.0
2022-05-04,133.5
2022-05-05,134.04
2022-05-06,132.8
2022-05-09,132.5
2022-05-10,131.84
2022-05-11,131.8
2022-05-12,130.52
2022-05-13,131.35
2022-05-16,131.03
2022-05-17,131.04
2022-05-18,131.21
2022-05-19,131.38
2022-05-20,130.76
2022-05-23,132.0
2022-05-24,132.18
2022-05-25,132.0
2022-05-26,131.7
2022-05-27,131.53
2022-05-30,132.42
2022-05-31,132.6
2022-06-01,132.2
2022-06-02,132.0
2022-06-03,132.44
2022-06-06,133.5
2022-06-07,132.8
2022-06-08,133.2
2022-06-09,132.28
2022-06-10,132.93
2022-06-13,131.75
2022-06-14,131.08
2022-06-15,131.64
2022-06-17,132.0
2022-06-20,131.11
2022-06-21,131.06
2022-06-22,131.12
2022-06-23,131.15
2022-06-24,131.0
2022-06-27,131.12
2022-06-28,131.09
2022-06-29,131.0
2022-06-30,131.48
2022-07-01,130.63
2022-07-04,130.96
2022-07-05,130.15
2022-07-06,130.24
2022-07-07,130.57
2022-07-08,130.3
2022-07-11,130.0
2022-07-12,129.9
2022-07-13,130.38
2022-07-14,130.53
2022-07-15,132.4
2022-07-18,132.75
2022-07-19,133.1
2022-07-20,133.61
2022-07-21,133.16
2022-07-22,133.09
2022-07-25,134.0
2022-07-26,134.38
2022-07-27,134.35
2022-07-28,136.0
2022-07-29,136.6
2022-08-01,138.99
2022-08-02,138.86
2022-08-03,138.5
2022-08-04,138.44
2022-08-05,139.0
2022-08-08,139.27
2022-08-09,141.37
2022-08-10,143.0
2022-08-11,146.89
2022-08-12,147.55
2022-08-15,149.68
2022-08-16,148.48
2022-08-17,148.45
2022-08-18,148.38
2022-08-19,148.35
2022-08-22,148.6
2022-08-23,148.3
2022-08-24,148.49
2022-08-25,150.96
2022-08-26,152.34
2022-08-29,153.18
2022-08-30,153.7
2022-08-31,153.92
2022-09-01,152.59
2022-09-02,151.84
2022-09-05,152.9
2022-09-06,151.6
2022-09-08,151.88
2022-09-09,152.4
2022-09-12,152.01
2022-09-13,151.36
2022-09-14,150.62
2022-09-15,148.91
2022-09-16,154.75
2022-09-19,153.6
2022-09-20,153.99
2022-09-21,153.19
2022-09-22,152.25
2022-09-23,152.34
2022-09-26,151.61
2022-09-27,151.75
2022-09-28,151.38
2022-09-29,151.69
2022-09-30,152.8
2022-10-03,151.05
2022-10-04,148.9
2022-10-05,149.62
2022-10-06,152.55
2022-10-07,151.45
2022-10-10,152.77
2022-10-11,152.34
2022-10-13,151.65
2022-10-14,152.12
2022-10-17,150.69
2022-10-18,150.45
2022-10-19,151.31
2022-10-20,151.2
2022-10-21,150.71
2022-10-24,149.25
2022-10-25,149.34
2022-10-26,149.21
2022-10-27,148.85
2022-10-28,149.22
2022-10-31,147.8
2022-11-01,145.4
2022-11-03,144.8
2022-11-04,144.51
2022-11-07,143.9
2022-11-08,144.17
2022-11-09,142.9
2022-11-10,140.08
2022-11-11,139.68
2022-11-14,140.19
2022-11-16,139.7
2022-11-17,136.6
2022-11-18,140.34
2022-11-21,139.78
2022-11-22,139.46
2022-11-23,137.65
2022-11-24,135.87
2022-11-25,135.94
2022-11-28,140.0
2022-11-29,141.75
2022-11-30,144.37
2022-12-01,142.1
2022-12-02,144.0
2022-12-05,143.5
2022-12-06,141.0
2022-12-07,140.0
2022-12-08,139.52
2022-12-09,139.18
2022-12-12,138.75
2022-12-13,137.81
2022-12-14,136.46
2022-12-15,136.6
2022-12-16,135.76
2022-12-19,136.5
2022-12-20,137.86
2022-12-21,139.75
2022-12-22,140.73
2022-12-23,140.94
2022-12-26,138.6
2022-12-27,137.8
2022-12-28,140.98
2022-12-29,140.2
2023-01-02,139.81
2023-01-03,139.0
2023-01-04,136.65
2023-01-05,137.32
